ALGO AENO LSST SRNA ELLT AMRP OTCS HETT HUXZ DUCT SMAH NPCK MSDP EORC CUBO HRET ANSO DIHO RTTH SPLZ NWIG MMBT MDGI AGVF RRES CTGI ALUT ACAC SRTX GARI RCRI ACIX CCNS MTNS IHOZ NAYO FWWG EELT HRND AETS ULXY BLBT BENI ITPA HTRK NGTE ILVX FCSG FARS MHRM EAFC
100.00 116.51 113.55 134.23 64.12 25.05 14.68 59.24 83.62 19.71 44.08 15.14 34.11 31.68 124.31 52.61 41.73 12.47 39.83 104.33 120.19 78.80 144.60 136.28 37.90 86.48 17.48 73.25 290.79 15.60 54.64 16.33 23.62 22.23 136.17 33.34 36.97 74.85 24.07 42.97 45.25 52.23 32.37 18.82 10.86 52.65 32.58 27.46 66.43 22.41 45.08
98.49 112.94 114.53 133.21 62.74 23.96 14.55 58.28 79.94 19.22 43.44 14.74 34.15 31.79 122.99 52.17 41.68 12.37 39.29 102.81 120.04 75.19 142.60 134.82 37.06 84.27 17.55 74.00 283.39 15.47 54.58 16.11 23.97 21.35 133.47 33.50 37.23 76.08 23.09 41.36 44.12 52.73 32.25 18.41 10.77 49.71 31.66 26.47 64.66 22.10 44.28
97.83 112.70 112.17 132.80 61.61 23.30 14.69 57.97 81.20 19.22 42.87 14.68 33.36 31.55 122.11 53.63 41.74 12.63 39.44 101.34 116.39 69.78 136.02 134.65 36.64 85.52 17.59 71.84 279.44 15.84 53.81 16.26 24.17 21.69 133.36 32.64 37.53 76.36 22.96 39.87 45.66 53.23 32.23 18.22 10.69 50.53 30.84 25.28 64.19 20.87 45.30
98.02 112.26 116.09 133.16 63.55 23.47 14.43 57.02 81.82 19.39 43.37 14.87 32.96 30.92 120.21 53.80 41.83 12.76 38.80 100.05 117.31 73.62 133.85 134.33 36.44 89.13 17.23 72.40 276.45 15.65 54.36 15.86 23.87 21.42 134.19 32.24 38.05 80.89 23.37 41.29 45.71 52.67 32.20 18.22 10.28 51.64 30.95 24.60 62.80 20.95 46.32
99.13 113.59 119.58 137.20 63.64 23.61 14.61 58.78 83.01 19.91 43.64 14.92 34.12 30.97 118.87 54.14 41.77 12.63 38.82 105.26 117.15 73.46 134.42 136.34 36.83 89.09 17.49 74.57 280.34 16.29 54.65 15.92 24.16 21.87 139.10 31.65 37.44 80.64 23.07 41.49 47.14 53.59 32.33 18.25 10.50 53.57 31.49 25.66 63.94 20.72 45.56
98.65 110.95 118.05 136.84 63.10 22.84 14.21 57.64 83.03 19.53 44.25 14.79 33.06 31.39 114.19 52.09 42.35 12.69 39.10 108.31 115.78 70.19 134.41 134.52 36.68 89.01 18.10 73.78 285.40 16.17 54.02 15.94 23.87 22.48 139.17 31.63 37.20 79.68 23.19 42.49 45.23 54.34 31.93 18.10 10.56 54.50 31.38 25.23 63.78 20.45 46.42
99.90 111.00 120.20 136.55 64.33 21.97 14.03 58.18 85.42 19.27 45.65 14.25 33.25 31.67 114.60 50.81 43.30 13.03 40.59 113.39 115.26 75.01 136.58 137.74 38.58 92.20 18.35 72.83 295.06 16.29 56.12 15.70 24.78 22.75 140.22 32.76 37.41 86.78 23.83 41.48 46.16 54.76 32.01 18.38 10.67 53.39 32.06 25.12 62.73 21.22 45.07
99.86 108.46 122.13 136.28 61.58 22.23 13.55 58.44 84.80 18.91 45.11 13.94 33.97 31.70 114.12 52.19 43.32 13.22 42.04 116.11 118.14 80.91 135.96 135.20 38.93 93.06 18.22 70.72 290.50 16.12 55.98 15.72 24.29 22.82 139.04 32.85 37.11 89.50 23.02 41.09 45.36 54.63 31.93 18.59 10.75 53.35 32.40 25.28 63.35 20.56 45.09
98.91 105.48 121.07 135.43 62.62 21.12 13.61 58.93 81.09 18.64 45.41 13.72 34.81 31.28 113.28 51.62 44.09 12.84 41.48 112.17 115.12 78.43 135.08 132.33 38.20 86.57 18.40 70.92 287.99 16.11 55.50 15.70 24.63 22.36 136.79 32.94 37.49 89.46 23.01 40.05 45.87 54.83 31.41 18.71 10.79 53.29 32.26 24.32 63.75 20.97 42.58
98.97 101.95 121.72 136.76 63.73 21.22 13.73 58.89 81.04 18.93 45.42 13.86 35.34 32.03 113.50 50.79 44.57 12.63 40.68 114.73 115.09 76.72 138.90 129.65 38.26 91.08 18.63 71.05 286.78 15.68 54.63 15.69 24.43 22.42 136.48 32.83 38.20 89.06 23.05 38.08 45.86 55.69 31.49 18.81 10.75 53.04 32.89 24.07 64.26 20.52 42.15
100.22 104.09 120.94 136.62 64.42 20.94 13.62 58.43 79.06 19.28 45.03 14.05 35.35 32.42 113.83 50.56 45.76 12.71 42.04 116.15 110.79 83.59 140.36 131.50 40.86 89.50 18.99 70.95 284.63 16.17 57.30 16.18 24.69 21.98 140.54 36.45 38.24 97.27 23.25 37.34 47.35 56.18 31.14 18.77 10.70 54.55 32.54 24.77 63.65 20.55 42.23
101.98 105.58 121.50 139.44 64.92 22.63 14.05 57.96 81.24 19.75 44.88 14.24 36.28 32.61 114.91 52.27 46.62 13.07 44.38 120.90 110.77 79.94 141.52 135.95 41.04 89.57 19.25 71.79 294.72 15.79 61.39 16.26 25.61 21.64 146.64 39.63 39.08 99.18 23.94 37.18 49.28 54.92 31.32 18.86 11.08 53.52 33.14 25.26 62.87 20.89 43.16
101.51 104.65 119.25 139.20 64.70 22.31 13.97 58.76 77.26 19.40 43.82 13.79 38.10 32.61 115.24 53.18 45.45 13.09 42.82 127.02 110.47 79.76 134.63 134.40 42.20 86.48 19.12 69.91 291.69 15.51 63.56 15.98 24.99 21.64 146.71 40.64 38.45 101.03 24.16 37.98 49.39 54.66 31.71 18.38 11.09 53.18 32.98 24.83 61.39 20.67 43.11
102.25 103.70 120.29 139.27 66.15 21.24 14.36 59.25 77.75 20.01 43.80 13.90 38.61 32.91 116.49 52.65 44.10 13.78 42.91 125.72 114.00 85.24 133.16 135.74 41.42 87.37 19.88 70.43 286.67 15.84 66.17 16.12 24.71 21.40 145.63 41.61 39.19 103.19 23.65 38.72 49.06 54.86 31.57 18.64 11.15 53.05 33.79 23.98 62.21 20.11 44.81
101.89 106.12 120.23 137.00 66.68 21.78 14.67 59.15 78.82 20.10 43.75 14.24 37.03 32.23 115.88 51.10 45.95 13.26 41.07 123.73 114.52 83.78 136.46 136.12 41.64 86.69 19.79 69.32 289.88 15.64 65.12 16.12 25.05 21.37 145.02 42.50 39.84 96.09 23.85 37.50 51.54 54.47 31.41 18.51 10.85 52.68 34.56 24.05 61.38 20.06 43.62
102.19 108.67 117.11 137.63 66.28 22.16 15.02 59.33 77.88 20.23 44.22 14.40 37.84 32.28 116.16 50.10 46.39 13.19 40.97 127.30 113.67 86.58 138.16 136.08 42.44 87.78 19.32 71.51 300.04 14.96 65.74 16.17 24.79 21.69 147.78 42.30 38.85 97.50 22.16 37.78 53.56 54.58 31.52 18.47 10.88 52.58 34.82 24.66 62.10 19.38 42.24
102.63 108.13 118.38 136.70 67.22 22.94 15.45 60.48 77.90 20.07 44.70 14.69 36.57 32.44 118.32 49.18 46.42 12.85 41.67 126.96 114.27 86.44 137.04 140.41 41.51 91.47 19.31 73.52 303.87 15.27 61.65 16.27 24.96 22.53 151.04 42.01 38.20 101.16 22.08 37.79 53.83 54.46 31.60 18.48 10.94 52.81 34.65 24.79 62.90 19.75 41.13
102.60 106.24 118.36 136.30 67.05 23.67 15.57 60.55 77.77 19.40 43.75 14.96 35.88 31.28 118.89 50.56 46.39 12.96 43.07 128.99 113.27 89.94 138.29 144.46 41.51 92.25 19.70 73.80 299.68 14.91 62.27 16.32 25.09 22.42 149.08 42.34 37.98 100.55 22.17 37.09 51.08 53.84 31.44 18.62 10.98 54.67 34.35 24.99 61.59 19.29 40.71
102.30 107.24 119.46 136.59 66.12 24.63 16.08 60.73 79.65 19.53 43.32 15.01 34.88 32.18 120.65 50.29 45.46 13.33 43.32 130.40 111.18 89.27 137.40 146.93 41.18 90.97 20.08 72.86 313.10 14.25 58.98 16.02 24.48 22.86 148.85 41.20 37.63 100.10 22.32 35.79 51.89 53.25 31.06 18.71 10.81 53.08 33.79 25.34 60.21 18.76 40.22
102.05 109.94 121.20 134.74 66.01 24.97 15.55 61.29 79.15 19.63 42.17 15.24 35.25 31.73 121.32 50.96 46.80 13.12 41.96 128.74 109.01 92.41 137.09 142.13 40.13 92.59 20.27 72.21 315.10 14.47 57.23 15.90 24.43 22.39 147.13 40.67 37.81 98.85 22.17 34.87 51.32 52.96 31.07 19.11 10.77 53.40 33.01 25.67 61.51 19.11 40.12
101.66 108.40 118.71 133.75 66.55 24.55 15.69 60.62 81.66 19.17 42.75 14.99 35.39 31.47 122.97 49.88 45.61 13.12 42.66 128.89 109.66 99.42 138.65 143.31 41.36 91.61 19.72 70.41 312.42 14.40 56.82 15.95 23.44 21.49 149.86 41.44 38.05 98.75 22.17 35.33 47.04 52.82 30.75 19.23 10.64 51.72 32.90 26.00 60.69 19.17 39.41
100.84 107.00 116.20 129.30 66.97 25.06 15.07 60.64 83.00 19.24 43.81 15.02 35.10 31.20 126.36 49.10 45.36 13.31 42.18 128.40 108.54 103.56 136.40 141.14 39.89 94.43 20.14 69.47 308.65 14.23 54.86 15.59 23.99 21.09 150.32 38.73 37.72 95.60 21.45 34.32 44.35 52.48 30.39 18.94 10.86 50.92 32.98 25.47 60.79 18.62 39.88
101.37 109.07 119.76 128.95 68.64 25.30 15.15 59.92 85.17 19.20 43.61 15.60 35.16 31.54 128.11 50.20 44.26 13.66 43.49 125.61 113.15 106.20 140.33 142.08 40.29 94.16 19.16 70.83 317.95 14.14 55.49 15.77 23.58 20.97 152.91 37.96 37.55 94.11 21.66 33.09 44.17 52.25 30.12 18.61 10.81 51.07 33.09 25.45 60.75 19.38 40.87
102.13 114.54 120.04 128.01 68.15 25.56 14.93 60.58 85.14 19.23 44.06 15.95 36.50 30.29 130.42 50.69 44.74 13.65 44.64 126.54 116.44 103.62 143.41 140.74 39.62 91.46 19.38 72.10 324.93 14.82 55.13 15.82 23.44 21.30 156.23 36.65 38.54 97.76 22.32 33.33 44.27 52.48 30.27 18.56 10.96 50.21 33.24 26.40 61.18 19.95 40.72
101.94 113.41 118.53 130.76 66.77 24.90 14.37 61.08 87.54 19.15 44.57 16.08 36.22 30.59 130.86 51.48 44.50 13.72 46.75 123.40 115.78 108.14 142.24 137.41 39.12 90.14 18.91 71.91 320.32 14.63 54.90 15.79 23.38 21.36 157.57 37.73 38.38 95.72 21.49 33.83 44.30 52.33 30.29 18.29 10.93 49.74 33.53 26.59 61.73 19.51 41.07
101.02 113.49 120.12 129.22 67.79 24.89 14.42 60.46 90.30 19.05 43.37 16.28 36.50 30.16 129.39 50.30 44.21 13.20 46.37 123.70 118.45 104.07 136.21 133.73 37.51 91.44 18.74 71.93 324.27 14.92 54.40 15.49 22.25 20.76 155.64 36.29 38.23 94.31 21.27 32.13 46.53 51.46 30.19 18.13 10.66 47.84 33.35 26.18 61.47 19.57 41.32
101.41 114.12 116.28 128.53 68.72 25.65 14.02 61.83 90.40 19.00 43.87 16.71 36.51 30.43 131.36 50.47 43.41 13.43 44.69 127.89 118.44 108.34 138.60 134.96 37.18 88.94 18.57 71.82 322.85 14.89 52.78 15.72 22.69 21.18 154.77 34.91 38.57 93.08 21.39 35.31 46.74 51.47 30.17 18.55 10.56 48.08 33.04 27.00 62.25 19.36 41.70
101.18 113.79 116.19 126.13 68.21 26.13 13.91 62.15 88.24 18.77 44.83 17.18 35.79 30.37 130.89 49.43 44.94 13.62 44.80 126.36 119.38 100.64 138.49 137.99 36.53 89.28 19.53 72.39 325.06 15.19 50.32 15.46 22.47 21.34 154.29 35.21 37.67 88.95 21.16 36.42 48.86 51.18 29.57 18.50 10.41 47.84 32.61 27.43 60.85 19.28 42.55
101.99 114.82 119.03 125.48 67.70 26.19 14.08 63.03 88.76 18.68 43.92 17.59 35.58 30.62 132.46 49.41 45.16 13.28 46.65 120.34 117.53 109.45 140.25 137.46 37.92 90.66 19.45 74.64 334.66 15.08 49.95 15.60 21.92 21.42 155.95 36.22 36.94 90.14 21.81 37.20 51.36 50.50 29.76 18.69 10.39 49.78 33.10 27.82 60.14 18.79 42.71
101.79 114.49 119.58 123.49 68.45 25.83 14.51 63.59 85.41 18.43 42.61 17.88 35.75 30.24 133.52 49.88 44.22 13.33 46.68 119.26 118.17 109.11 144.13 135.94 37.86 89.90 20.11 74.59 343.73 14.94 49.91 15.27 22.80 21.35 156.24 36.44 37.10 92.09 21.41 35.18 49.56 50.92 29.90 18.39 10.36 47.74 32.55 28.54 59.32 18.94 41.92
102.02 116.64 120.76 125.26 68.12 25.79 15.35 64.61 87.78 18.35 42.10 18.25 34.39 30.72 132.64 49.49 44.47 13.18 45.85 115.93 117.40 110.92 146.33 135.11 38.24 94.12 20.56 74.58 351.95 14.84 49.93 15.29 23.23 21.37 159.41 37.00 36.38 91.04 20.91 34.84 49.01 50.30 29.60 18.13 10.32 48.65 32.85 28.58 59.15 18.39 41.41
103.40 118.18 122.82 123.07 68.81 26.23 15.22 65.41 86.92 18.06 44.02 18.56 34.83 31.50 135.18 49.45 45.88 13.74 50.10 121.47 120.87 112.91 150.60 131.71 39.71 92.07 20.59 75.24 345.96 15.40 50.83 15.70 23.52 21.48 160.67 38.32 36.19 90.99 21.24 37.20 47.37 50.87 29.27 18.16 10.19 49.40 33.13 29.65 59.78 18.64 41.31
103.80 121.59 120.56 122.36 68.71 25.63 15.30 64.85 85.99 18.57 45.07 18.71 34.87 31.99 135.43 50.77 47.33 13.74 48.75 120.72 124.24 117.88 152.14 136.68 40.76 91.38 20.15 75.28 361.25 15.68 50.69 15.56 23.72 21.32 160.15 37.79 36.03 90.38 21.67 36.02 48.08 50.07 29.31 18.48 10.02 49.23 33.32 29.77 59.55 18.65 40.49
102.68 121.80 120.56 120.63 67.02 25.39 15.01 64.13 84.03 18.16 44.14 18.48 34.09 33.49 134.07 48.75 47.40 13.76 46.77 118.05 125.73 108.96 151.10 134.03 37.78 91.98 19.61 76.97 359.01 15.37 50.94 15.47 23.66 21.30 158.54 36.47 35.47 88.35 21.80 38.36 48.65 48.72 29.21 18.49 10.17 49.63 33.37 28.99 59.74 18.74 39.84
103.43 119.91 122.86 120.30 66.56 24.82 15.19 65.37 82.02 18.38 45.41 18.81 35.60 33.45 136.33 48.51 47.92 13.76 46.44 118.09 123.07 106.78 157.64 140.59 37.02 97.67 20.32 76.16 364.39 15.04 53.05 15.04 24.50 21.52 162.56 36.45 35.22 88.46 21.74 40.20 48.41 49.22 29.30 18.60 10.36 50.24 33.43 28.56 59.42 19.00 39.73
101.57 115.84 120.33 120.61 66.11 22.98 15.49 64.14 83.19 17.60 44.94 18.27 35.21 32.04 132.88 47.68 45.98 13.72 43.68 116.33 120.36 103.98 156.85 136.83 36.48 98.93 20.15 72.95 351.09 14.97 52.39 15.05 24.25 21.14 157.40 35.02 34.32 86.94 20.90 38.80 48.43 48.70 29.24 18.75 10.23 49.82 32.85 28.00 58.76 18.81 40.49
101.03 117.51 122.10 120.12 65.98 22.14 16.18 64.57 82.05 18.52 44.27 18.37 34.57 30.94 133.97 46.94 45.31 13.63 42.99 109.81 118.25 105.45 157.46 134.80 36.16 96.58 20.07 72.20 340.32 14.99 51.87 15.08 24.64 20.98 156.20 36.81 33.73 88.09 20.90 38.28 47.68 48.07 29.12 18.73 10.38 51.28 32.72 26.51 56.95 18.78 38.85
101.73 119.04 122.86 118.68 66.95 21.32 16.32 66.11 82.94 18.45 44.98 18.12 35.72 31.65 133.79 47.30 44.79 13.47 43.16 109.26 116.24 109.79 161.00 133.12 37.52 101.54 20.20 73.75 347.55 15.31 52.66 15.40 24.78 21.35 155.22 37.47 33.25 86.78 21.11 35.99 49.75 47.31 28.98 18.68 10.37 53.60 33.21 26.79 56.33 18.46 38.79
102.01 116.88 117.81 118.46 67.90 21.24 17.13 65.83 85.19 18.57 45.72 17.92 36.56 31.58 131.35 46.59 45.15 13.04 44.22 109.95 115.83 107.30 159.24 134.82 38.32 100.51 20.28 74.89 349.64 15.48 53.25 15.38 26.36 21.42 154.77 38.01 33.16 87.51 20.69 36.13 48.46 47.34 29.20 18.41 10.67 52.94 33.00 27.43 56.92 18.80 38.38
101.70 117.64 115.37 117.66 69.18 21.24 17.38 66.69 82.55 18.18 45.90 17.61 35.99 32.06 131.60 46.22 46.00 13.02 43.53 109.23 113.15 104.61 159.93 133.67 38.60 100.28 20.75 76.55 341.37 15.76 54.36 15.22 25.89 20.89 154.89 36.88 32.24 88.26 21.06 35.40 49.94 47.84 29.13 17.94 10.75 52.76 33.37 27.03 55.51 18.88 38.19
102.36 115.39 119.71 120.14 68.90 20.69 17.26 68.92 83.91 18.22 47.26 17.89 36.67 32.22 133.05 47.14 46.71 13.27 43.13 110.88 119.30 103.26 159.52 129.52 38.83 100.12 20.25 78.14 338.34 16.54 54.14 15.61 26.23 21.32 154.73 36.97 32.49 86.92 20.73 34.86 49.45 47.46 29.68 18.40 10.97 55.67 33.32 27.26 54.62 18.51 37.93
101.44 115.70 119.08 118.62 69.79 19.61 16.02 67.88 84.39 17.96 47.21 17.65 36.96 31.86 131.65 46.40 47.38 13.44 43.19 110.59 116.98 102.39 156.38 127.40 38.43 94.78 20.14 76.26 333.05 16.33 54.60 16.15 26.57 20.49 152.66 37.34 32.73 82.26 20.50 33.20 49.42 48.05 29.34 18.71 10.82 54.87 32.81 27.46 56.37 18.82 37.29
101.69 115.11 117.23 119.79 69.27 20.50 15.70 67.00 86.27 18.03 47.74 17.80 37.12 32.10 133.73 47.57 46.67 13.41 43.91 109.22 121.42 100.37 153.00 126.71 39.99 92.69 19.86 74.88 337.27 16.29 56.23 15.81 27.58 20.38 149.20 38.55 33.50 83.20 19.70 33.05 50.82 47.63 29.50 18.96 10.75 56.20 32.92 27.43 54.22 18.76 37.42
102.77 113.98 117.44 120.35 69.09 21.07 15.39 68.65 86.88 18.32 48.07 18.26 37.25 33.04 135.56 48.03 47.53 13.70 45.55 110.52 119.82 101.82 153.54 128.47 41.55 96.43 19.96 77.02 344.77 16.63 54.33 16.27 26.78 20.72 146.44 38.91 33.41 85.19 20.01 32.76 53.26 48.01 29.75 19.46 10.89 56.73 33.82 27.00 54.10 18.43 37.51
102.78 110.38 117.02 119.57 70.09 20.64 15.69 68.39 87.14 18.00 47.64 18.27 38.04 31.76 135.20 46.65 46.61 13.56 46.90 106.54 121.25 105.35 153.21 131.06 40.79 97.74 20.25 75.42 342.66 17.08 53.29 17.07 26.96 20.16 149.04 40.05 33.25 87.58 20.91 32.95 52.07 48.49 29.47 19.74 10.67 54.13 33.66 27.62 53.34 18.38 37.31
102.73 110.00 114.06 119.72 70.59 19.54 15.24 67.92 86.36 17.37 46.53 17.90 37.69 30.78 135.56 47.55 46.20 13.44 46.47 108.06 119.87 108.26 157.53 132.06 40.79 98.91 20.27 75.30 346.17 17.40 54.62 17.62 26.94 19.52 150.63 39.06 34.12 85.64 22.59 34.49 51.89 47.72 29.47 19.43 10.43 52.38 33.76 28.30 52.90 19.08 38.21
101.50 108.98 109.24 118.46 69.54 20.14 14.80 67.60 84.80 17.07 44.82 17.50 38.37 30.64 136.97 48.03 45.94 13.23 47.88 100.11 119.66 105.67 157.69 131.36 41.75 94.22 19.72 75.75 334.52 17.43 52.03 17.10 27.08 19.69 147.64 41.64 33.66 82.15 22.22 32.73 49.12 46.94 29.35 19.64 10.30 51.69 33.24 28.38 52.04 18.72 37.93
100.70 109.47 105.80 115.94 69.97 20.16 14.11 66.67 86.14 16.59 42.92 17.39 37.82 31.08 131.99 47.51 45.40 12.91 48.63 103.13 122.70 105.63 161.67 131.15 40.69 95.26 19.76 74.94 332.35 16.94 50.57 16.98 27.33 19.47 144.68 40.81 33.62 80.16 21.71 32.02 49.87 46.72 28.95 19.99 10.09 51.07 33.10 28.56 51.80 18.55 37.10
98.11 106.83 99.28 112.99 67.79 20.00 13.85 65.75 83.68 16.10 42.18 16.42 37.28 30.58 130.04 45.21 45.78 12.53 46.14 100.56 118.09 97.49 156.53 122.99 39.39 93.63 19.18 74.23 331.88 16.41 50.36 16.66 26.62 18.84 138.85 38.66 33.47 79.63 20.84 31.08 50.15 45.85 28.41 19.58 9.72 50.34 32.45 28.63 51.20 18.26 36.15
97.28 107.28 98.62 112.16 67.04 19.47 13.29 65.22 83.35 15.69 39.92 16.20 37.57 30.30 128.14 46.61 44.97 12.02 46.82 101.53 114.33 93.28 163.63 123.30 37.62 88.31 19.26 74.02 324.35 16.06 49.73 16.84 26.55 18.38 133.65 38.51 33.42 84.05 21.34 30.83 50.05 46.27 28.24 19.67 9.57 49.38 31.99 28.28 52.60 17.99 36.66
95.95 107.02 98.90 111.23 65.89 19.93 13.62 64.55 81.77 15.78 40.12 15.36 37.71 29.83 128.75 47.03 45.21 11.62 47.10 99.68 111.16 88.15 160.17 122.78 38.39 87.05 19.25 74.57 313.48 15.63 48.00 16.50 26.19 18.40 133.44 36.53 32.49 80.41 20.60 29.18 48.09 45.68 27.98 19.73 9.59 48.65 31.66 27.90 52.10 18.26 35.11
96.03 104.44 98.49 113.28 68.35 20.22 13.78 66.29 81.24 16.09 39.95 15.23 38.50 29.31 128.85 47.93 44.63 11.60 47.14 103.81 107.21 84.88 158.28 119.66 37.93 89.48 19.23 73.22 318.51 15.62 50.09 16.59 26.92 18.26 131.95 37.66 32.24 79.04 20.49 29.22 48.39 45.70 27.73 19.25 9.56 47.92 31.41 27.93 53.13 17.72 35.35
96.42 103.19 100.26 112.93 69.35 20.27 13.33 66.70 82.41 16.13 39.73 15.15 39.77 29.29 127.11 47.53 44.65 11.48 46.94 103.31 106.80 86.67 155.98 117.65 37.72 91.32 19.51 74.76 312.67 15.79 49.74 16.91 27.07 18.09 129.05 37.10 33.07 81.78 20.27 29.58 49.96 46.37 27.38 19.60 9.66 47.92 31.26 28.03 53.61 18.52 36.64
95.13 99.92 100.42 112.63 67.95 19.43 12.99 66.37 81.01 15.69 40.37 15.36 37.91 29.03 123.11 45.62 43.88 11.20 45.68 101.44 104.76 85.71 158.82 123.08 38.13 87.83 19.19 73.12 305.11 15.71 52.30 17.01 26.02 17.76 128.63 35.91 32.65 82.06 20.07 29.29 47.95 46.61 26.57 19.35 9.44 46.51 30.84 28.36 53.37 18.21 35.82
95.26 100.29 98.04 114.02 68.74 19.33 13.13 68.46 80.52 15.75 40.39 15.17 38.49 30.17 123.02 46.02 44.11 11.15 46.70 98.73 107.28 84.56 157.99 120.78 38.49 89.51 19.15 72.49 306.87 15.16 51.77 16.84 27.43 17.62 126.90 34.99 32.48 85.93 19.22 27.00 49.44 46.19 26.62 19.53 9.52 47.03 30.91 29.14 53.08 17.53 35.74
97.61 104.20 101.32 117.38 71.13 20.57 13.88 68.68 81.86 16.44 41.68 15.56 38.55 30.24 122.89 45.68 43.67 11.18 50.06 98.59 106.61 86.00 163.18 124.78 39.07 91.50 20.61 74.80 313.12 15.80 53.52 17.29 27.83 17.64 130.95 35.52 32.91 89.36 19.79 28.80 50.64 46.24 27.10 20.00 9.86 48.41 31.84 30.88 51.28 18.19 36.20
97.99 101.42 100.08 116.86 71.72 21.67 13.96 68.98 80.28 16.53 41.51 15.17 38.28 30.30 121.67 44.28 43.81 11.21 50.69 101.01 106.41 83.44 170.04 124.62 39.03 95.09 20.74 73.54 313.48 16.22 54.88 17.47 27.94 18.11 131.70 36.59 32.70 91.81 20.47 28.59 49.58 46.04 26.82 20.45 9.81 50.03 31.86 29.66 51.52 18.20 36.87
97.51 99.89 99.87 116.73 71.04 21.52 13.46 68.93 82.83 16.68 41.33 15.06 37.24 30.23 120.02 43.80 43.80 11.20 50.22 99.54 98.89 82.93 172.67 127.96 38.89 95.75 20.09 73.60 312.83 16.46 56.35 17.37 27.61 18.01 128.75 36.47 31.47 96.95 20.03 27.80 49.70 45.18 27.04 20.48 9.86 50.38 31.73 29.34 50.67 18.26 35.60
97.85 98.56 99.06 113.90 70.26 21.62 13.82 69.62 84.44 16.64 42.40 14.87 37.24 31.52 120.26 43.48 43.85 11.15 48.90 102.91 98.68 83.22 173.36 126.23 38.11 99.09 20.81 72.80 307.20 16.40 57.41 17.38 28.72 18.44 129.71 37.17 31.63 97.10 20.07 28.03 48.33 44.79 27.21 20.68 9.96 50.04 31.87 28.52 52.02 18.34 35.19
97.49 98.82 101.72 115.20 70.98 22.09 13.89 69.39 85.77 16.68 42.64 14.57 36.99 31.51 118.87 44.27 44.63 11.45 46.88 100.92 94.91 83.27 179.08 122.68 37.43 92.98 20.54 72.99 296.56 16.20 57.77 17.32 28.71 18.90 129.41 33.82 31.70 95.22 20.71 27.23 49.13 44.92 27.51 20.67 9.83 50.46 31.73 28.98 52.01 18.86 34.54
98.06 100.29 102.34 113.02 70.99 22.28 13.93 70.11 87.71 16.92 43.46 14.67 36.99 31.90 120.95 45.98 44.39 11.50 46.20 100.19 96.58 80.58 178.56 122.82 37.99 89.22 21.04 73.55 293.95 16.42 59.13 17.47 28.22 19.37 131.74 34.59 32.38 92.37 20.86 27.99 51.71 45.44 28.03 20.97 9.91 50.24 31.84 28.95 52.28 18.76 34.13
98.87 99.76 104.14 115.35 71.81 21.92 14.43 70.59 87.21 16.99 43.52 14.63 36.85 32.12 122.09 47.21 46.37 11.72 45.34 98.25 99.27 84.08 177.29 121.78 38.29 87.10 21.47 73.68 294.61 16.58 59.04 17.70 28.03 19.77 137.25 33.69 32.86 91.00 20.63 28.06 53.97 45.30 28.06 21.18 9.96 51.67 32.54 28.75 52.45 19.65 35.77
97.69 99.58 100.30 112.57 71.23 21.35 13.76 70.62 86.22 17.14 43.03 14.62 36.42 31.85 120.01 46.91 46.53 11.93 43.41 96.70 98.49 82.63 174.12 120.85 36.84 80.19 21.88 74.75 292.51 16.27 58.04 17.69 27.50 19.36 137.20 33.04 32.86 91.79 21.04 27.15 50.64 45.59 27.58 21.17 9.70 50.46 32.11 28.11 52.70 19.83 37.29
96.51 100.57 101.29 114.33 69.89 21.91 13.60 69.81 87.31 16.90 43.13 14.51 35.16 33.04 123.25 47.30 47.05 11.62 41.44 93.51 97.61 82.49 175.74 119.72 34.75 77.20 21.39 73.69 295.33 15.47 56.73 17.56 26.43 19.70 136.04 31.49 32.94 87.10 19.91 25.45 51.44 45.43 27.68 20.89 9.85 51.47 31.89 27.19 52.83 18.68 35.54
97.38 101.60 101.05 114.45 72.02 22.67 13.88 70.70 87.71 17.15 44.49 14.47 35.39 33.00 127.07 48.02 46.97 11.69 40.78 92.36 101.02 80.77 179.20 119.14 34.39 80.38 21.03 75.55 294.21 15.86 59.03 18.23 25.85 19.59 135.94 32.40 33.25 84.18 20.16 24.50 53.53 45.43 28.42 21.27 9.78 52.00 32.13 27.93 53.46 19.05 34.91
98.17 102.68 102.41 115.28 71.16 22.15 14.04 69.61 91.96 17.49 43.97 15.10 35.92 32.27 126.97 47.48 47.44 11.37 42.99 89.91 101.10 86.75 178.57 117.60 35.87 86.20 20.48 77.50 304.41 15.81 62.53 18.38 26.39 20.06 133.55 33.12 32.91 88.62 19.59 24.39 52.79 45.30 28.87 21.15 9.97 51.36 31.96 27.67 53.17 19.44 34.28
97.81 105.13 99.88 119.13 71.41 22.83 13.98 69.38 90.78 17.64 44.72 15.53 34.93 33.67 127.20 47.62 48.49 11.37 42.71 89.51 103.24 76.02 181.03 118.54 36.19 85.39 20.48 78.76 304.63 15.63 60.11 18.23 25.24 20.46 135.02 32.88 31.87 87.57 19.56 24.59 51.38 44.91 29.06 20.86 10.13 51.40 32.28 27.02 52.41 18.40 34.69
98.92 107.10 99.67 120.67 73.43 23.59 14.43 70.17 89.22 17.84 43.18 15.62 34.90 34.31 130.18 48.48 47.42 11.54 41.44 92.69 103.77 77.62 189.19 120.00 36.18 88.39 21.01 79.64 310.26 15.93 59.08 18.78 26.03 21.25 133.83 34.51 32.02 86.30 19.04 24.89 51.96 45.39 29.08 21.36 10.25 53.96 32.48 26.72 51.41 18.79 34.82
98.37 106.43 97.00 122.14 73.26 22.77 13.95 70.11 87.84 17.75 43.23 15.12 34.77 33.66 127.94 48.12 47.60 11.55 39.75 94.02 107.04 79.68 192.30 120.21 36.71 85.83 21.49 77.80 298.49 16.05 59.63 18.79 26.19 20.56 131.21 35.38 31.68 85.34 18.89 24.23 48.31 45.21 28.68 21.38 10.16 54.55 32.17 27.06 51.84 18.97 36.45
98.75 106.95 97.40 121.56 73.59 23.11 13.09 69.10 89.16 17.79 44.60 14.84 34.42 32.64 127.35 47.99 47.78 11.39 40.99 92.40 105.95 84.06 193.41 120.15 38.69 86.72 21.51 78.73 293.53 15.58 61.38 18.70 25.91 20.76 133.87 36.74 31.85 88.99 18.90 23.24 47.79 45.66 28.57 21.58 10.18 54.58 32.40 28.24 51.52 18.97 36.61
99.32 108.16 94.82 121.03 74.32 23.08 13.03 69.99 89.71 17.79 43.67 14.44 33.66 32.63 132.36 48.47 48.70 11.18 41.15 95.58 108.23 85.65 196.52 118.22 39.22 89.90 21.07 78.52 301.78 16.05 60.01 18.60 26.24 20.60 134.43 37.38 32.06 92.83 19.64 24.43 47.17 46.56 28.35 22.13 10.08 53.68 32.76 27.22 51.89 19.54 36.85
100.15 107.58 97.57 120.98 74.04 23.61 13.19 70.42 89.23 18.35 42.60 14.40 32.74 32.07 131.85 47.85 49.71 11.34 42.14 100.95 111.07 86.54 198.68 121.53 39.76 94.30 20.42 79.95 311.61 15.77 59.71 18.26 25.74 20.53 134.70 39.33 32.22 97.85 20.06 24.29 48.20 46.87 28.25 22.06 10.22 55.33 32.79 26.83 52.91 19.87 36.85
100.35 104.78 96.35 120.83 75.20 23.83 13.58 69.76 89.06 18.81 42.98 14.47 32.81 31.46 131.67 46.61 48.51 11.12 44.10 100.67 110.28 87.04 200.64 119.63 41.34 98.56 20.83 76.72 317.94 15.99 56.62 18.50 25.56 20.08 134.85 40.41 32.65 96.31 20.13 24.99 49.47 47.11 27.97 22.29 10.13 55.18 32.44 26.80 53.23 20.01 36.75
99.50 104.63 93.47 120.05 75.99 25.12 13.03 70.10 86.40 18.12 42.56 14.83 33.23 32.20 131.69 45.83 47.91 11.05 42.40 97.48 109.46 81.29 202.99 120.21 40.79 100.43 20.88 77.42 316.35 15.84 56.87 18.31 25.96 20.16 136.20 37.32 32.57 92.65 20.56 23.92 48.69 47.45 27.88 21.67 10.08 54.11 32.38 26.37 52.48 19.56 36.83
98.82 103.32 92.05 119.17 74.75 23.74 12.65 70.18 82.57 17.59 43.09 14.93 33.27 32.66 133.61 45.73 47.58 10.97 41.05 93.37 109.78 76.03 203.67 120.21 41.21 100.03 20.63 77.79 319.61 15.70 56.32 18.27 25.89 19.68 134.16 35.63 32.10 95.13 20.73 23.57 50.71 47.09 27.82 21.58 10.41 53.41 32.35 25.60 53.17 19.67 37.22
98.45 105.20 92.38 117.00 75.65 23.10 12.73 69.70 80.08 18.02 42.71 14.95 33.09 32.27 132.82 44.69 47.29 10.73 42.09 97.22 110.38 73.42 201.70 118.94 41.45 95.06 20.37 76.72 323.02 15.80 53.76 18.27 26.42 19.90 135.44 34.09 33.18 92.84 20.08 23.43 51.78 47.87 28.50 21.69 10.36 54.71 32.79 25.17 52.66 19.36 36.41
98.98 102.67 94.70 116.33 75.79 23.02 12.61 69.73 81.28 18.84 43.43 14.90 33.85 32.15 135.23 43.67 48.03 10.79 41.08 98.62 112.12 74.59 200.97 117.80 41.03 95.33 20.66 76.00 316.62 16.04 54.33 18.77 25.79 19.70 133.80 34.33 33.47 92.75 19.96 23.96 54.28 47.74 28.10 21.88 10.55 55.47 33.08 25.61 54.53 19.97 36.37
99.47 101.98 93.31 113.30 76.97 23.23 13.15 70.24 78.57 19.21 45.20 15.01 33.60 32.57 132.34 44.78 46.94 10.69 43.00 97.45 112.54 79.29 198.40 118.52 41.66 100.94 20.60 74.87 313.41 16.07 57.44 18.54 25.55 19.50 132.40 35.33 34.04 95.45 20.55 24.70 54.97 48.12 27.93 22.00 10.37 56.73 32.48 25.08 53.89 18.98 36.11
98.86 100.02 94.03 112.22 76.93 22.71 13.50 70.59 80.93 18.83 45.29 15.24 34.44 33.73 133.58 42.53 46.88 10.50 41.00 97.37 109.32 82.77 202.13 122.01 41.61 98.17 20.06 74.72 313.78 15.61 56.81 18.55 24.58 19.68 130.52 34.49 33.25 91.26 20.98 26.34 53.47 47.18 27.71 21.80 10.23 55.64 32.44 24.02 52.57 19.05 36.36
97.67 98.46 92.50 110.07 75.57 22.04 13.20 71.98 77.72 18.50 44.46 14.70 34.29 33.62 135.26 41.48 46.49 10.60 42.35 93.17 108.40 82.01 197.24 118.80 42.09 91.55 19.59 74.42 307.07 15.61 53.87 18.61 24.44 19.39 127.64 32.45 33.02 94.63 21.31 26.72 53.65 46.23 27.63 21.46 10.38 54.15 32.18 24.29 52.24 18.64 35.27
98.41 103.91 91.96 110.12 75.06 21.40 13.28 73.39 76.30 18.50 44.15 14.78 34.48 34.20 138.00 43.36 47.20 10.70 44.42 97.23 107.87 81.93 203.31 120.00 41.96 92.44 20.06 73.85 299.43 15.62 56.36 18.63 25.20 19.44 129.48 33.58 33.19 92.11 21.77 26.89 54.59 46.07 27.79 21.28 10.51 53.00 32.05 24.47 52.07 18.50 34.80
98.98 104.65 90.31 113.71 76.64 21.66 13.96 75.67 78.32 18.98 44.46 14.97 34.88 34.58 142.86 43.83 47.90 10.67 40.38 95.31 110.73 85.01 204.24 121.63 42.75 89.15 20.43 73.46 297.72 15.72 56.62 18.23 25.92 19.35 131.94 31.49 34.43 90.30 20.93 25.79 53.75 47.58 28.66 21.96 10.59 54.65 32.66 24.26 51.81 18.57 34.77
99.04 105.34 86.99 112.99 74.99 21.56 13.69 74.79 79.46 18.70 44.66 15.03 34.44 34.07 142.24 42.58 46.95 10.90 40.39 97.33 108.50 87.25 205.94 125.63 42.52 83.59 21.25 74.03 295.21 16.43 56.54 18.35 25.91 19.28 133.18 32.79 34.40 91.49 21.64 25.71 52.46 47.76 28.31 21.86 10.57 54.83 32.36 24.81 52.54 18.94 34.34
97.48 105.36 84.46 110.94 74.43 20.67 13.84 73.50 77.18 18.36 43.92 14.53 33.51 33.74 141.31 41.38 46.39 10.44 38.31 89.94 109.81 83.80 202.71 123.07 41.55 81.78 20.99 72.95 297.87 16.65 55.29 18.09 25.42 18.57 129.91 33.08 34.14 89.59 22.23 24.65 53.85 47.30 27.25 21.26 10.24 56.07 31.98 25.27 52.88 18.58 32.93
98.04 105.47 87.40 112.07 75.25 20.09 13.48 72.77 75.29 18.90 43.35 14.73 33.71 34.39 142.41 40.44 46.52 10.41 39.04 88.03 109.97 87.57 201.40 119.95 41.55 82.69 20.83 74.26 301.53 16.83 56.73 18.09 25.59 18.74 134.44 33.24 33.62 93.02 21.92 25.38 57.26 46.62 27.57 21.50 10.33 55.11 32.13 25.00 51.93 19.11 33.67
97.54 104.43 86.18 111.43 75.23 19.99 14.14 73.23 73.97 18.34 44.13 14.88 33.60 34.18 142.17 38.02 47.07 10.77 40.34 86.69 106.73 87.86 199.99 114.98 42.10 82.44 20.73 72.68 302.63 16.20 56.66 18.13 24.58 19.01 133.67 34.34 33.38 92.48 22.56 24.13 57.01 45.62 27.15 21.64 10.45 56.02 31.67 24.78 50.10 18.33 32.17
96.99 103.48 85.83 108.36 75.46 19.57 13.79 73.30 75.18 18.05 44.01 14.87 34.15 34.16 146.97 38.12 45.35 10.45 40.45 83.38 109.41 93.84 201.80 114.62 42.36 83.67 19.92 69.50 305.14 15.56 54.06 18.11 23.53 18.93 132.50 33.83 33.35 93.66 21.69 23.52 57.72 45.54 27.13 21.57 10.55 56.52 31.72 24.19 50.21 18.28 31.18
98.05 104.71 87.60 112.88 77.42 19.81 13.91 73.17 76.63 18.30 45.94 15.05 34.14 35.12 146.92 38.28 46.15 10.48 41.09 79.87 109.71 89.19 204.86 114.49 44.05 85.41 19.77 71.29 298.36 15.70 54.37 18.06 24.29 19.36 131.14 35.06 33.76 92.21 22.05 23.88 58.93 46.07 27.50 21.93 10.69 57.69 32.22 24.75 51.08 18.28 32.23
98.38 105.01 87.41 114.21 77.09 19.57 13.80 74.98 77.00 18.59 45.66 15.47 34.75 34.72 149.79 36.69 44.33 10.28 41.39 82.34 113.45 89.62 208.01 116.65 42.66 85.20 20.04 72.52 297.13 15.99 54.09 18.27 24.76 20.08 132.96 35.46 34.33 89.84 22.43 23.61 57.51 46.72 27.71 22.10 10.73 57.05 32.64 23.52 51.60 18.43 32.52
98.69 105.82 85.78 117.03 76.60 20.16 14.39 74.97 78.63 18.89 47.16 15.73 35.22 33.78 151.26 37.97 44.57 10.17 40.52 86.68 115.00 94.82 218.21 117.35 41.60 83.90 19.90 71.76 301.46 15.44 50.18 18.50 25.07 20.20 132.73 34.45 35.05 82.02 22.15 23.99 59.34 46.54 27.86 22.53 10.79 57.62 32.90 22.52 51.54 18.21 32.73
99.84 111.02 86.01 119.07 77.27 20.74 14.45 77.21 78.26 18.35 47.32 15.84 35.45 33.50 153.09 37.64 45.51 10.32 41.79 88.29 115.21 98.17 216.91 118.10 41.50 86.31 19.82 74.67 321.81 15.61 53.48 18.20 25.33 20.09 134.09 34.06 34.81 81.32 22.32 24.94 61.15 46.73 28.40 22.62 10.99 58.63 33.10 22.75 51.85 17.94 33.67
98.58 107.66 84.30 119.32 76.12 20.94 14.27 76.94 77.32 18.24 46.59 15.82 34.35 33.38 149.44 37.98 44.75 10.25 41.70 88.60 117.24 90.79 217.48 117.15 40.54 84.37 19.66 70.65 326.66 15.52 51.79 17.74 24.57 19.87 134.83 33.35 33.60 80.87 22.94 24.94 59.94 46.59 28.18 22.41 10.80 57.93 32.87 22.55 51.01 17.35 33.36
99.88 108.73 83.89 119.17 76.92 20.06 14.48 76.48 77.36 18.44 47.39 15.80 35.14 33.64 150.74 38.15 44.57 10.82 40.39 94.38 118.79 88.51 222.82 122.14 42.79 85.32 19.99 69.41 322.63 15.87 54.09 18.12 24.85 20.23 129.45 33.14 34.08 83.91 23.29 23.46 66.70 46.85 28.21 22.70 10.67 58.36 32.96 23.87 52.61 18.21 34.57
100.59 109.73 83.88 118.46 78.95 20.22 14.73 77.92 76.12 18.45 46.81 16.11 35.41 34.46 147.55 38.45 44.75 10.69 40.50 94.86 116.69 86.95 231.90 121.56 44.24 86.17 19.80 71.68 316.82 16.71 54.58 18.45 24.09 20.38 131.86 32.79 33.70 84.36 24.29 25.58 65.15 47.53 28.22 22.88 10.80 59.30 33.11 23.59 52.94 18.84 34.64
99.89 110.14 83.04 120.67 78.55 20.24 14.53 79.02 75.60 18.57 47.24 16.09 35.11 33.83 145.82 39.08 45.55 11.02 40.40 90.11 117.53 88.41 222.02 119.36 43.30 85.12 18.99 72.54 313.23 16.47 54.69 18.12 22.71 20.59 132.19 32.59 33.69 81.85 23.49 25.85 63.83 46.50 28.80 22.85 11.07 57.20 33.81 23.27 52.64 18.88 34.11
99.60 111.67 82.22 117.33 77.02 20.26 14.15 78.76 74.34 18.29 47.35 16.38 33.99 33.70 143.75 38.76 46.98 10.65 39.31 89.71 117.37 94.78 229.44 121.17 43.34 84.08 18.73 73.23 319.56 16.20 55.71 17.95 21.85 20.12 134.45 32.21 33.58 84.62 24.47 25.22 61.98 46.83 28.27 22.52 10.97 55.79 33.98 22.88 51.64 19.03 33.88
98.94 109.47 80.76 119.08 75.16 19.54 13.84 79.42 76.33 18.29 46.46 15.98 33.94 34.08 143.63 38.36 45.44 10.70 38.36 91.67 116.44 92.14 223.66 118.99 42.43 82.79 18.35 72.68 321.45 16.47 56.19 17.57 21.12 20.00 132.97 32.82 34.04 86.24 24.93 25.09 60.41 47.24 28.20 22.26 10.72 56.25 33.82 23.25 52.03 19.08 33.58
98.01 106.98 80.52 117.39 75.56 19.98 13.54 79.23 75.25 18.22 46.59 15.70 33.12 34.19 141.69 38.28 44.79 10.17 38.86 90.83 118.11 92.01 223.15 120.49 42.29 80.73 17.29 71.51 311.69 15.82 57.83 17.62 20.68 19.93 133.61 32.67 34.25 82.42 25.22 24.49 59.23 45.90 28.15 21.97 10.44 55.72 33.80 22.84 52.21 19.09 33.87
98.39 108.78 82.73 116.86 75.96 20.58 13.30 79.88 75.08 18.71 46.91 15.38 33.24 35.23 141.98 36.96 45.88 10.14 39.85 92.30 115.81 93.04 221.23 120.11 43.31 80.51 17.36 71.27 310.87 15.27 60.72 18.13 20.99 19.43 125.77 32.77 34.97 80.85 26.90 25.28 55.75 45.89 28.39 22.24 10.46 56.85 33.88 23.43 53.52 18.21 34.08
98.57 110.21 82.27 118.18 75.75 21.80 13.56 80.98 77.73 18.65 45.73 15.21 33.71 34.68 143.71 37.15 44.88 10.11 40.08 89.78 114.80 93.09 223.56 120.93 42.70 77.11 17.55 71.79 306.51 15.62 57.19 18.40 21.20 19.46 125.16 33.36 34.25 82.47 27.61 25.96 55.27 45.61 28.62 22.17 10.80 56.17 34.20 23.44 52.85 18.16 34.95
98.14 113.40 80.94 116.65 74.87 21.32 13.67 80.39 76.47 18.31 45.16 15.33 34.18 35.34 138.15 37.60 44.60 10.16 40.60 91.03 118.25 83.50 226.40 120.39 43.52 76.94 17.29 70.33 303.78 15.79 57.45 18.28 21.02 19.81 124.91 32.68 34.21 79.72 28.09 26.60 54.43 45.31 28.17 21.90 10.56 55.95 33.91 23.42 53.64 18.32 35.59
97.92 112.52 80.86 120.48 74.80 21.62 14.20 79.48 77.24 17.92 45.08 15.43 34.40 34.60 138.45 37.93 44.77 9.92 38.21 89.44 119.23 80.22 221.13 118.79 43.13 77.90 17.41 71.97 308.62 15.70 53.42 18.64 21.29 19.91 124.08 32.47 34.40 79.92 29.28 25.71 56.04 44.82 28.08 21.67 10.72 55.79 34.12 23.83 53.95 17.77 34.24
98.64 115.52 79.98 118.46 77.13 21.43 14.51 79.79 78.56 18.69 46.41 15.54 33.73 34.91 135.99 37.54 44.95 10.21 36.23 88.26 121.36 80.97 227.11 120.01 43.49 79.40 16.84 71.25 308.04 15.94 54.39 18.75 21.46 20.12 126.51 32.98 35.12 81.53 29.31 26.85 56.57 44.89 27.98 22.36 10.85 56.24 33.50 24.66 53.65 17.55 34.01
97.87 116.20 78.85 115.21 77.80 22.41 15.23 79.00 78.08 18.51 46.08 15.54 33.45 34.27 136.02 36.84 44.65 9.98 35.16 83.95 119.52 82.92 226.22 118.99 42.08 81.51 16.28 70.08 300.71 16.26 53.92 18.65 21.40 19.75 125.93 33.52 35.17 80.91 29.48 25.64 52.96 45.48 27.32 22.10 11.07 54.46 33.61 24.95 53.05 17.18 32.55
97.30 114.82 79.05 112.96 79.93 21.90 15.24 78.89 78.31 18.56 46.03 15.15 32.32 33.63 136.71 37.47 43.91 10.15 33.97 80.74 122.63 82.92 232.31 118.18 41.88 82.58 16.07 70.41 309.40 15.88 52.84 18.39 21.20 19.06 127.70 33.12 34.64 81.23 28.97 24.78 51.13 45.11 27.10 21.93 11.16 54.60 33.51 24.62 52.53 16.98 32.10
98.64 118.35 82.50 113.41 84.14 22.45 15.59 78.93 77.87 19.58 46.43 15.28 32.84 34.63 140.18 38.14 43.76 10.06 33.03 79.18 122.35 80.48 231.99 118.19 41.85 85.81 16.35 70.57 312.14 16.28 55.42 18.37 21.87 19.51 127.91 32.93 35.61 85.97 27.77 27.89 53.91 45.94 27.16 22.06 11.53 54.87 33.96 24.44 53.21 16.85 32.15
98.99 118.52 81.25 111.01 84.78 22.25 15.59 78.03 76.19 19.59 45.78 15.06 33.04 33.93 138.25 37.87 43.81 10.21 32.77 81.02 123.40 80.65 236.37 118.54 43.18 86.28 16.09 70.31 300.78 16.07 56.29 18.39 20.93 19.87 126.95 34.54 35.57 86.34 29.83 29.66 54.80 45.91 27.05 22.41 11.65 56.28 33.95 24.64 52.22 17.39 32.64
99.47 119.65 81.10 112.35 85.67 21.81 15.23 78.08 75.98 19.66 46.29 14.95 34.18 33.63 139.76 37.85 43.67 10.02 32.34 84.20 125.16 79.34 234.06 118.73 41.75 84.86 16.25 72.96 311.26 15.92 57.18 18.79 20.74 20.65 128.71 35.43 36.37 88.55 30.66 29.94 54.26 45.25 27.23 22.38 11.67 55.38 34.29 25.15 52.22 17.49 32.85
97.65 115.75 79.62 109.75 85.55 22.18 14.79 74.80 73.44 18.94 44.59 14.48 33.71 32.28 134.16 37.97 42.99 10.31 32.32 82.50 121.29 80.78 222.12 118.25 41.48 88.42 16.24 70.25 298.73 15.79 58.62 18.06 20.35 19.52 125.40 35.56 35.49 88.95 31.01 28.94 52.48 45.00 26.98 21.70 11.42 54.28 33.50 24.18 51.25 17.41 31.56
95.72 114.54 80.03 109.34 82.40 21.01 14.68 73.15 71.41 18.67 43.82 14.67 33.39 30.96 135.27 37.83 42.77 10.08 31.69 78.62 119.39 72.67 218.56 118.16 38.75 83.57 15.94 68.14 303.96 15.58 53.95 17.47 19.70 19.96 126.00 33.76 35.15 84.95 29.94 28.02 52.80 43.76 27.17 21.49 11.27 56.05 33.39 24.34 50.70 16.82 31.51
94.80 113.57 78.21 110.83 79.45 20.08 15.02 72.12 72.57 19.01 45.16 14.58 33.68 30.39 135.98 37.74 42.85 10.03 30.94 79.46 119.28 74.56 218.41 117.51 38.16 80.37 15.77 66.86 293.88 15.18 52.37 16.89 19.41 19.63 125.17 33.84 34.24 83.10 28.22 27.67 52.09 43.41 27.10 20.95 11.37 56.18 32.86 24.20 49.48 17.02 31.95
94.80 114.56 81.32 110.05 80.31 20.73 15.33 73.48 70.53 19.46 46.31 14.90 32.50 31.13 136.99 38.26 43.41 9.94 30.59 79.01 117.06 72.59 217.53 118.08 36.47 78.36 15.63 68.42 297.67 14.93 48.85 16.60 19.26 19.63 130.47 33.07 33.86 81.27 27.92 27.87 52.38 43.51 27.38 20.63 11.48 56.43 33.70 24.08 49.19 17.08 32.99
95.14 114.52 83.20 108.04 80.60 20.74 15.11 72.05 71.74 19.59 45.75 14.86 33.00 31.67 137.50 38.83 42.85 10.17 31.64 79.81 113.17 77.76 216.27 119.17 37.16 81.28 15.47 66.15 293.81 15.10 48.04 16.54 19.06 19.27 128.92 33.27 34.18 78.37 28.77 29.34 52.58 43.73 27.46 20.59 11.66 57.27 33.53 24.60 49.21 17.12 33.98
97.33 114.39 85.32 108.77 82.17 21.67 14.99 74.08 71.88 19.52 46.30 14.94 32.45 31.80 138.34 41.09 43.19 10.26 33.49 80.17 117.95 83.04 223.42 124.27 39.09 81.50 15.63 66.72 306.76 15.09 51.66 16.69 19.06 19.50 131.06 34.12 34.70 83.96 28.97 29.91 57.01 44.24 27.91 20.91 12.06 58.66 34.49 25.53 49.38 17.96 34.81
99.33 117.53 88.99 111.48 83.75 22.26 15.46 76.05 76.19 20.42 45.75 14.83 33.51 32.48 142.76 41.73 43.12 10.35 34.65 80.91 117.01 81.75 228.68 129.33 39.20 81.22 15.82 68.35 307.19 15.69 55.68 17.21 19.45 20.10 134.86 35.38 35.65 87.03 29.59 29.72 55.75 44.59 28.43 21.11 12.48 59.27 34.81 26.02 50.12 18.80 36.24
99.44 117.20 86.12 108.15 85.83 23.31 15.04 75.41 76.80 20.26 46.57 14.56 33.44 33.48 140.06 42.58 43.76 10.22 34.36 80.18 118.35 80.85 236.40 128.92 39.58 85.39 15.79 68.55 297.07 15.92 52.81 17.46 19.09 20.93 136.85 35.72 35.45 83.87 29.34 29.32 55.52 44.33 28.12 21.27 12.75 60.05 34.64 26.18 49.90 18.64 36.48
99.06 116.99 82.90 103.50 85.07 23.31 14.45 75.17 75.59 20.44 47.08 14.60 33.23 32.80 137.39 42.37 42.96 10.18 33.80 82.79 115.93 79.60 241.00 125.95 40.38 86.18 15.72 66.70 293.27 16.15 51.50 17.62 18.67 20.46 137.09 38.06 35.81 87.97 30.00 29.60 53.30 43.74 27.84 21.41 12.33 58.95 34.25 26.77 49.37 18.67 36.98
99.76 119.84 83.31 103.24 86.01 24.22 14.58 75.34 75.55 20.64 45.91 14.74 33.73 33.07 138.00 42.71 41.54 10.18 34.67 85.16 120.07 78.43 236.43 128.77 41.08 87.66 16.19 67.76 288.63 15.85 51.21 18.20 18.14 20.62 133.66 38.49 36.26 92.32 30.87 30.46 52.17 44.47 28.15 21.55 12.23 61.27 34.85 26.37 49.60 18.46 37.25
99.99 117.52 84.40 102.59 82.53 24.18 15.03 75.11 74.69 21.01 46.57 14.52 34.55 32.91 134.67 42.60 41.46 10.04 35.22 89.67 116.00 85.18 241.74 124.53 42.19 91.72 16.04 68.19 287.71 15.67 53.39 17.95 18.67 20.22 133.33 40.72 35.01 92.18 30.87 29.32 53.64 44.81 27.97 21.51 12.00 59.23 34.66 26.71 48.13 18.58 37.56
99.77 113.84 83.61 101.81 79.07 23.25 15.09 75.57 77.97 20.79 45.68 14.03 34.63 33.05 132.67 42.85 41.76 9.88 33.38 91.28 119.61 85.94 245.06 124.24 40.87 93.14 16.01 66.95 282.06 16.09 51.87 17.82 18.92 19.63 137.53 41.87 34.31 90.28 30.45 29.09 55.07 43.81 28.04 21.51 12.24 59.46 34.35 27.60 47.94 19.46 37.51
98.33 112.24 80.97 101.51 77.96 23.31 15.47 75.59 74.61 20.90 45.23 13.63 33.23 32.56 132.95 42.53 42.21 9.76 32.56 89.79 120.01 82.16 239.41 123.29 40.57 91.41 15.83 66.29 275.43 15.52 51.31 17.56 18.93 19.22 137.83 41.67 34.11 89.52 30.26 27.27 55.25 42.79 27.43 21.13 11.79 59.42 34.53 26.49 46.90 18.45 36.77
97.60 112.39 78.92 103.12 79.02 22.54 16.09 75.05 75.34 20.59 45.30 13.46 32.92 33.14 130.09 42.34 41.59 9.78 32.15 90.79 116.86 82.44 238.13 126.92 40.89 82.44 16.36 64.83 279.43 15.20 51.14 17.63 19.27 18.68 138.53 38.16 33.70 88.92 30.86 26.90 50.99 42.80 27.00 21.00 11.74 58.08 33.83 27.01 47.29 18.65 37.11
96.03 110.76 78.67 103.00 76.79 22.11 15.65 73.75 74.93 20.31 45.53 13.42 31.68 32.91 128.10 42.70 40.84 9.82 34.35 88.03 117.28 78.06 232.53 125.10 40.88 79.80 16.12 63.61 275.74 15.17 50.03 17.61 18.51 17.83 134.03 35.98 33.46 85.35 31.80 25.29 49.37 42.67 26.66 20.62 11.46 56.11 33.44 26.77 46.68 18.38 36.54
95.61 110.18 78.85 104.03 75.43 23.12 15.52 72.88 75.43 19.93 46.25 13.49 30.53 31.67 130.49 42.55 41.24 9.80 34.58 86.66 117.14 73.00 229.68 123.41 41.41 79.44 15.70 62.51 278.70 14.86 51.33 17.10 18.94 18.45 132.82 35.82 33.32 88.72 31.79 25.47 50.30 42.47 27.15 20.06 11.46 55.29 33.05 24.82 47.98 18.37 35.78
97.00 111.11 79.59 104.28 76.60 23.60 16.16 75.01 77.02 19.91 47.83 13.40 30.62 32.57 131.72 43.25 41.80 10.17 32.83 87.50 117.17 77.07 238.13 127.43 43.78 83.39 15.20 62.63 288.49 15.02 52.40 17.37 18.66 18.81 134.11 35.74 33.68 87.96 33.24 25.23 51.81 43.17 27.11 20.32 11.74 54.79 33.49 24.51 47.52 18.28 36.50
97.53 108.63 79.57 105.21 79.30 22.92 16.15 74.49 77.99 20.02 46.62 13.39 30.44 32.36 133.88 43.51 41.60 10.56 33.44 85.50 117.87 77.42 231.20 127.05 45.45 85.65 15.03 63.59 285.55 15.36 54.12 17.70 18.82 18.83 133.30 35.08 33.48 90.60 33.28 25.70 55.51 43.11 27.45 20.87 11.68 53.94 33.63 24.82 46.98 18.31 37.54
98.65 111.67 82.18 105.18 82.06 23.46 16.82 76.64 80.45 20.65 47.50 13.10 30.44 32.68 135.09 43.70 41.53 10.48 35.09 85.95 115.49 75.66 232.31 129.02 47.05 90.81 15.02 64.17 289.59 15.76 53.12 18.07 18.82 18.85 134.11 34.47 34.58 88.42 34.07 27.24 52.00 43.05 27.68 21.30 11.85 54.10 33.92 26.13 47.42 18.12 38.65
99.14 110.38 82.84 105.29 82.83 23.12 16.86 76.73 78.96 20.74 46.19 13.07 30.99 33.75 133.42 43.63 41.31 10.88 35.60 86.90 114.17 76.41 230.71 128.68 46.27 93.75 15.35 64.07 291.56 16.31 54.15 18.40 19.07 19.56 132.84 33.59 35.04 87.07 35.39 27.25 51.24 43.33 27.68 21.29 11.84 53.53 34.62 26.99 48.34 18.46 38.66
98.90 111.75 81.42 105.44 84.10 23.24 17.47 75.77 81.44 20.71 46.14 12.72 30.81 34.13 131.48 43.98 42.19 10.73 34.48 85.66 112.78 78.75 230.17 129.16 44.22 91.23 15.15 63.53 296.79 16.22 54.26 18.49 18.76 19.88 131.99 32.72 34.77 83.77 36.26 27.29 49.47 44.20 27.47 20.99 12.00 55.55 34.50 27.38 48.38 17.89 37.43
99.40 114.34 81.30 104.73 84.72 23.20 18.33 74.19 80.20 21.29 47.84 12.37 30.59 33.84 131.78 44.16 42.55 10.40 33.95 85.67 116.18 82.71 226.63 129.34 45.20 90.70 15.06 63.21 301.26 16.20 52.81 18.29 19.09 20.36 132.57 34.27 35.35 86.23 36.11 27.65 49.95 44.72 27.50 21.05 11.95 55.33 34.32 28.14 48.39 17.80 37.09
98.79 118.07 83.22 105.82 85.52 22.51 17.63 74.08 79.96 21.54 46.72 12.21 29.95 33.90 129.75 42.88 42.84 10.61 32.64 83.69 116.61 84.22 222.44 129.92 42.86 92.83 15.30 62.52 306.13 15.46 50.96 18.09 18.60 20.04 131.19 33.03 34.58 85.83 35.48 27.94 52.11 44.15 27.65 21.15 11.98 55.91 34.59 28.47 47.86 17.55 36.80
99.60 114.11 81.31 108.37 86.72 23.13 17.79 73.82 78.81 22.28 47.55 12.06 28.94 33.49 129.42 43.33 43.59 10.89 32.42 82.70 120.61 81.82 226.65 128.75 42.32 93.44 15.51 60.75 315.30 16.12 52.48 18.44 18.69 20.00 132.64 34.51 34.56 85.55 37.20 28.63 50.79 44.79 27.47 21.18 11.97 58.16 34.86 29.08 48.06 17.67 38.54
100.63 116.61 81.86 107.35 89.82 23.51 18.11 72.45 80.98 22.12 46.66 12.12 28.92 33.44 126.64 45.33 44.85 10.86 32.36 84.01 127.55 86.97 231.07 128.45 42.89 95.36 15.97 60.80 313.66 16.10 53.38 18.31 18.91 19.75 132.26 35.49 35.06 92.53 36.25 30.33 50.11 45.61 27.52 21.45 11.93 57.44 34.76 28.74 48.69 17.75 40.05
101.28 116.27 81.07 108.67 91.66 23.65 18.60 72.26 80.38 22.35 46.13 12.28 28.83 31.46 125.71 46.17 43.68 11.01 33.43 87.68 128.57 92.29 234.88 127.84 43.92 97.86 15.98 61.81 313.14 15.94 52.99 18.38 19.35 19.43 131.36 34.95 34.77 93.99 35.99 30.62 51.70 45.94 27.45 21.91 12.15 57.38 34.45 29.21 48.43 17.93 41.41
101.35 117.38 82.80 108.60 93.80 23.28 18.66 72.40 79.09 22.26 46.54 11.99 28.27 32.32 121.72 47.17 43.53 11.06 32.78 86.53 128.66 96.03 232.15 126.25 44.45 98.50 16.47 62.26 306.48 16.30 54.35 18.27 20.35 19.31 135.50 34.55 34.41 90.16 36.91 29.70 49.62 45.99 27.34 21.70 12.21 56.02 34.37 29.81 48.02 18.53 40.54
101.28 116.95 81.94 110.03 92.37 23.18 18.81 71.44 79.13 22.21 47.92 11.97 27.58 32.81 122.92 48.95 42.95 11.19 33.44 83.70 131.71 99.81 228.85 124.79 45.14 97.74 15.79 61.35 304.48 15.91 52.66 18.26 20.29 19.19 135.32 36.06 34.57 95.01 36.63 29.06 48.27 45.95 27.48 21.68 12.09 55.87 34.25 30.68 47.56 18.44 38.77
103.52 119.54 82.49 114.83 95.65 25.21 18.97 71.76 78.07 22.77 47.58 12.10 28.07 34.69 124.76 48.19 42.47 11.52 35.35 82.14 133.60 102.93 228.42 130.27 46.09 99.65 16.16 63.03 307.91 16.43 53.89 19.22 21.27 19.59 132.57 37.26 35.84 96.17 38.43 29.45 47.52 46.92 27.43 22.53 12.23 57.17 34.92 32.09 48.70 19.33 40.37
103.70 121.46 83.79 117.61 96.54 24.99 19.31 71.29 77.45 22.83 48.22 11.96 28.45 35.32 124.16 49.74 42.21 11.56 34.52 80.88 137.64 101.49 222.17 128.18 44.26 99.89 16.40 62.50 310.05 16.66 53.37 19.09 22.13 19.45 140.23 36.82 35.87 92.10 39.31 29.93 47.00 46.59 27.44 22.67 12.49 56.89 35.09 31.98 48.53 19.32 40.51
104.74 122.15 83.41 121.51 98.79 24.55 18.90 72.87 75.92 22.80 46.92 12.11 28.53 35.04 126.22 50.74 42.27 12.14 34.43 83.89 139.87 107.49 228.12 131.56 44.69 98.59 16.36 61.18 312.98 16.78 54.87 18.94 22.34 19.81 139.46 37.34 36.71 92.87 40.39 31.85 46.47 47.33 27.73 22.74 12.27 57.78 35.77 32.07 49.20 19.64 41.48
104.43 121.28 81.20 123.84 100.21 24.41 19.55 71.95 76.29 23.12 47.15 11.80 27.51 34.16 125.42 50.46 42.48 11.71 34.66 84.36 137.34 109.69 232.10 128.12 45.66 97.65 15.86 61.94 309.80 16.75 54.89 19.18 22.07 19.75 137.67 38.45 35.79 96.35 39.56 32.12 42.56 47.95 27.76 22.53 12.25 57.90 35.22 32.19 48.20 19.58 41.31
103.68 121.68 80.10 123.66 99.70 23.97 19.59 71.22 73.90 22.37 46.43 11.79 27.38 35.55 123.34 48.90 41.76 11.57 34.41 82.97 135.32 106.81 231.26 124.26 45.31 93.81 16.48 63.41 317.83 16.01 53.78 19.45 21.92 19.44 138.92 39.13 35.40 97.63 37.18 31.30 43.66 47.59 27.67 22.82 12.34 58.54 34.96 32.07 47.17 19.20 41.85
102.89 121.76 79.71 121.78 99.49 23.69 18.54 69.33 74.04 22.07 44.68 11.90 28.19 36.14 121.49 48.25 41.51 11.43 35.81 85.08 132.94 106.56 227.13 123.29 44.12 92.04 16.10 61.31 311.58 15.53 51.14 19.13 22.04 19.35 138.22 38.28 35.01 100.04 36.94 30.67 42.09 47.09 27.42 23.12 12.23 58.93 34.70 33.05 47.45 20.40 41.93
103.70 121.64 78.64 122.82 98.34 23.27 17.65 68.57 74.85 21.97 43.83 11.99 27.83 35.90 121.84 49.71 41.95 11.27 35.81 87.13 132.90 113.40 235.68 124.09 43.57 93.63 16.67 62.76 319.59 15.66 50.83 19.49 22.84 19.28 141.44 39.49 34.46 103.78 38.31 33.33 41.38 46.83 27.06 22.84 12.38 59.59 35.20 33.14 46.89 20.29 42.06
104.76 120.83 81.95 125.21 101.61 23.67 18.17 69.00 74.04 23.20 44.83 11.89 27.87 36.54 122.15 48.46 41.71 11.39 36.73 90.79 136.13 116.77 233.33 124.67 43.13 93.13 16.59 63.73 319.90 15.82 52.14 19.56 23.21 19.56 143.00 39.18 34.64 103.78 38.55 32.18 42.05 47.70 27.19 23.34 12.36 61.74 35.61 33.76 46.00 20.68 42.22
103.75 123.00 82.17 126.71 103.57 24.10 18.19 66.20 75.18 23.37 44.55 11.95 27.45 36.09 123.56 49.51 41.76 11.93 35.21 87.58 133.26 108.65 220.78 123.75 40.97 89.47 16.97 64.15 322.18 15.49 47.51 19.48 24.21 19.44 142.71 37.12 33.88 99.28 38.40 32.41 42.46 47.65 26.89 23.24 12.40 61.72 35.46 33.12 47.16 20.14 42.31
102.38 122.87 81.32 124.17 101.90 23.18 17.85 64.69 74.07 22.39 46.04 11.63 27.15 35.09 121.78 47.68 41.41 12.25 35.63 86.32 132.24 110.02 225.66 118.79 41.56 84.89 17.11 64.06 308.59 15.22 46.15 19.23 23.44 18.63 141.97 35.68 34.33 95.47 38.74 33.42 40.04 47.19 26.59 23.35 12.15 58.53 35.45 33.63 46.41 20.20 40.79
100.86 122.17 77.96 120.92 102.33 22.96 17.32 63.60 70.82 21.89 44.66 11.09 27.17 34.12 118.11 47.09 41.00 12.48 36.44 86.06 128.85 112.97 224.43 114.86 39.91 84.41 16.93 64.53 307.06 14.96 44.61 19.24 23.03 17.65 136.97 35.09 33.92 94.10 37.74 33.68 39.50 47.85 25.73 22.95 11.94 57.54 34.35 34.20 46.37 19.30 39.96
99.21 121.37 74.96 119.16 101.45 23.23 17.04 60.43 69.32 21.83 44.40 10.88 25.85 34.41 117.18 46.86 40.85 12.57 34.08 84.58 131.75 109.36 216.39 114.19 39.29 82.13 16.94 63.75 298.42 14.37 43.25 19.40 21.87 17.23 134.16 33.88 33.88 91.19 37.70 32.64 38.92 47.38 25.56 22.75 11.75 55.32 34.28 32.46 46.64 19.49 40.20
99.42 123.47 74.85 120.40 98.66 22.55 16.75 60.47 70.54 22.32 45.76 10.91 25.80 35.62 119.68 47.67 41.27 12.30 35.05 83.37 137.00 105.97 218.52 112.87 38.59 84.39 16.84 66.05 309.02 14.14 43.03 19.58 22.13 17.40 133.72 33.95 34.66 88.99 36.16 31.51 40.54 47.10 26.08 22.74 11.80 56.84 34.32 32.32 45.90 19.08 39.90
99.86 125.93 73.87 120.85 98.17 22.73 17.69 60.66 69.73 22.46 46.10 11.04 26.08 37.12 119.15 47.49 41.56 12.15 33.66 83.30 138.27 107.31 221.31 112.20 38.83 82.18 16.31 66.39 312.73 14.23 41.55 19.28 22.32 17.64 138.15 33.59 34.85 91.44 37.02 32.21 40.55 47.47 25.96 22.67 11.61 58.05 34.70 31.74 44.96 19.70 40.23
98.23 122.70 74.20 116.74 96.26 22.79 17.08 58.61 67.78 21.99 44.84 11.09 24.78 36.75 118.24 46.00 42.10 11.82 31.75 80.39 135.89 111.33 229.00 110.51 37.34 80.74 15.97 65.73 308.91 14.08 40.07 18.87 21.52 17.35 136.40 32.33 34.21 91.73 35.94 31.67 39.85 46.83 25.84 22.65 11.43 56.24 34.41 31.40 44.86 19.06 39.27
98.28 123.55 73.13 115.00 98.86 22.20 17.59 58.55 66.75 21.95 45.40 11.30 25.18 37.85 118.40 45.93 41.72 11.77 32.09 79.38 133.59 109.72 227.33 111.51 36.22 82.23 15.69 65.07 310.61 13.81 39.49 18.92 20.96 17.07 133.13 31.72 34.51 91.96 35.41 33.27 39.92 46.66 25.84 22.84 11.81 58.62 33.55 31.50 44.24 19.71 39.78
99.50 121.37 74.95 114.59 99.03 23.04 17.91 57.62 67.51 22.80 44.71 11.02 26.06 37.56 117.96 45.51 41.74 11.82 32.91 82.98 133.50 120.12 231.23 110.51 36.97 83.58 15.76 65.12 300.63 14.16 40.20 19.03 21.91 16.89 134.15 31.71 35.10 97.84 36.41 35.11 39.97 47.25 25.83 23.34 11.84 59.28 33.11 31.03 43.64 20.66 40.59
98.98 122.99 74.66 113.08 98.69 22.76 17.78 58.40 66.63 23.06 43.21 11.23 25.32 38.48 118.87 43.78 43.38 11.98 32.13 82.21 132.75 119.35 226.82 108.46 35.97 86.39 15.63 65.96 293.65 14.15 41.35 19.19 21.35 16.77 132.11 31.50 34.94 95.19 36.50 32.86 39.21 46.99 25.45 23.06 11.66 58.58 33.22 30.78 43.69 21.10 41.15
100.47 126.46 76.58 116.12 98.50 23.15 18.44 59.12 67.61 23.06 42.75 11.23 25.32 38.50 121.36 46.37 43.79 12.52 33.13 80.83 135.26 124.01 231.65 111.46 35.14 89.25 15.85 65.46 298.67 14.29 42.27 19.36 21.78 16.78 140.08 31.81 35.31 96.76 37.52 33.98 40.03 47.36 25.37 23.17 11.72 60.89 33.93 30.22 44.77 20.75 41.08
98.21 122.07 77.51 114.71 97.41 21.77 18.84 57.65 64.87 22.43 40.85 11.05 25.54 37.83 115.10 45.11 40.66 12.26 32.16 79.35 134.10 122.28 227.64 108.86 34.46 85.21 15.69 62.91 292.69 13.84 41.96 18.88 21.19 16.64 141.34 30.75 34.79 93.06 36.25 33.39 39.02 46.78 25.09 22.82 11.57 58.82 33.66 29.09 43.74 20.18 40.15
97.99 122.45 77.95 113.54 96.73 21.51 18.60 56.54 62.68 22.36 41.71 10.85 25.42 37.05 115.15 45.40 41.48 12.45 30.65 81.06 130.77 129.16 227.92 106.19 36.28 83.45 15.55 63.09 295.18 13.99 41.85 18.92 21.47 16.74 142.35 31.95 34.39 90.16 34.89 33.97 40.30 46.01 25.25 22.47 11.45 57.29 33.56 29.17 43.81 20.11 38.98
97.48 121.39 75.49 115.92 96.19 21.12 19.17 55.79 61.85 22.19 42.46 10.67 25.31 36.89 115.27 45.88 41.43 12.03 29.57 80.86 128.47 126.53 231.27 106.17 36.66 84.80 15.48 61.55 290.01 13.77 40.98 18.69 21.27 16.72 139.29 32.57 33.81 90.64 34.02 34.57 41.12 45.67 25.25 22.31 11.65 57.26 33.44 28.61 41.95 20.18 38.75
97.69 122.33 78.76 119.51 94.44 20.93 20.05 56.23 64.20 22.61 43.77 10.81 24.85 35.38 116.26 47.25 41.50 12.05 27.89 82.13 127.82 123.93 227.04 106.76 36.57 86.88 14.98 61.96 294.31 13.54 39.88 18.20 21.47 17.17 143.60 31.87 33.56 93.67 33.46 35.50 42.84 45.35 25.75 22.00 11.61 57.10 33.64 28.74 42.50 20.04 37.86
99.97 122.78 79.04 121.19 94.92 20.63 20.64 56.91 66.26 23.09 45.30 10.96 25.63 36.18 119.90 48.46 42.63 12.61 28.78 87.00 129.19 121.86 230.67 107.35 37.60 89.28 15.07 62.47 291.96 14.22 41.52 18.27 21.85 17.57 149.06 32.93 34.48 100.73 34.76 36.36 46.23 45.74 26.26 22.06 11.94 58.79 34.34 29.79 43.09 20.71 38.99
100.20 124.86 78.20 121.07 97.31 20.73 20.55 56.61 66.18 22.93 44.77 10.95 25.07 35.62 119.48 49.17 42.19 12.83 29.14 87.74 126.32 128.56 236.14 108.51 37.38 87.52 15.08 61.81 278.99 14.45 42.63 18.52 21.18 17.43 149.35 31.65 34.84 100.06 34.71 35.43 47.46 46.51 26.48 22.35 11.68 58.13 34.17 30.98 44.61 20.88 39.77
100.20 124.44 80.31 120.82 95.11 20.25 20.99 56.02 66.37 22.82 44.23 11.34 25.89 36.49 118.41 48.45 40.71 12.45 29.87 90.73 126.75 139.88 235.26 104.89 37.94 89.74 14.97 62.08 280.62 14.43 43.59 18.34 21.28 17.41 147.50 32.46 34.83 97.66 33.00 34.63 46.10 46.35 25.94 21.92 11.74 56.97 34.24 31.98 45.08 20.65 39.60
98.57 125.27 81.88 118.46 96.60 20.41 20.25 56.03 67.49 22.02 42.92 11.30 25.17 36.09 117.50 46.44 39.21 12.27 31.51 89.95 126.35 135.36 235.75 106.71 36.49 87.25 14.45 61.43 279.40 14.40 40.49 18.34 21.33 16.76 145.46 30.24 33.86 94.87 31.73 35.18 44.06 46.12 25.60 22.23 11.53 54.50 34.15 31.20 44.95 19.60 38.35
98.49 125.10 82.70 116.29 95.39 20.21 21.35 56.42 67.42 21.44 43.93 11.08 24.34 35.58 116.31 47.05 39.15 12.06 30.53 88.11 125.68 142.55 236.74 106.80 38.08 85.25 14.49 60.67 288.61 14.62 40.11 18.32 21.86 16.75 146.40 29.48 33.87 93.66 32.07 34.25 45.17 46.53 25.27 22.56 11.31 53.10 33.59 31.11 44.50 18.94 37.32
99.23 126.22 84.43 117.12 95.12 19.91 20.42 58.43 67.46 21.98 44.25 11.20 23.65 33.97 120.05 46.22 39.99 12.27 30.58 90.83 128.84 154.80 235.94 111.68 39.78 88.19 14.57 60.75 290.44 14.60 41.14 18.45 21.33 16.93 146.69 29.57 34.38 96.48 31.60 32.51 45.42 47.53 25.32 23.01 11.26 54.15 33.54 31.28 45.05 18.50 35.78
99.14 120.64 86.70 118.77 95.46 19.69 20.42 58.82 66.14 21.67 45.01 11.44 24.09 33.40 118.10 44.07 39.86 12.19 32.56 95.92 129.18 157.57 238.57 110.69 40.03 88.25 14.80 61.51 297.90 14.54 41.71 18.40 20.77 16.65 147.44 28.24 33.36 92.85 32.80 31.66 44.76 47.24 24.83 22.91 11.19 52.62 33.11 31.20 45.78 18.73 36.56
97.58 119.03 86.76 119.40 93.13 18.19 20.22 59.32 65.67 21.22 45.05 11.74 23.88 34.00 114.45 46.06 39.68 11.83 32.21 91.91 128.38 152.39 235.22 110.75 40.74 85.62 14.59 60.29 295.40 14.25 40.48 18.43 21.56 16.63 148.59 27.50 31.97 87.90 30.70 30.06 43.10 45.45 24.49 22.36 10.91 51.71 32.64 30.92 45.51 18.59 35.59
98.74 121.03 86.10 121.63 93.79 17.78 20.22 60.74 67.79 21.80 46.31 12.18 24.51 33.94 115.69 46.72 41.37 11.77 33.03 92.28 130.96 160.94 237.89 111.14 41.50 86.83 14.04 62.16 296.98 14.53 40.75 18.29 21.22 16.75 150.78 28.67 32.30 87.47 30.42 29.61 44.21 45.14 24.56 22.05 11.13 53.46 34.26 30.48 46.76 18.59 35.18
99.73 122.81 87.61 123.59 97.37 17.03 20.28 61.02 66.42 21.02 44.49 12.17 24.98 34.04 116.63 46.24 42.20 11.61 34.51 94.19 133.64 165.98 247.36 109.44 42.88 87.69 13.82 64.43 301.72 14.46 41.13 18.59 21.47 16.67 147.64 30.54 32.87 88.19 29.87 31.46 44.98 45.60 24.60 22.42 11.12 51.40 34.76 30.81 48.17 19.35 35.99
98.95 122.59 86.60 121.38 99.92 16.24 20.14 59.65 68.04 21.22 45.05 12.00 24.17 32.81 117.45 44.92 41.79 11.48 34.43 94.82 132.79 153.47 253.47 109.60 43.04 90.81 13.88 62.41 298.85 14.25 40.44 18.13 22.29 16.70 148.02 30.15 32.17 87.30 29.74 30.69 43.34 45.25 24.18 22.17 11.19 52.27 34.58 30.99 46.83 19.15 36.12
98.46 120.04 84.39 122.14 98.69 16.32 19.58 60.03 68.81 20.94 43.72 11.77 23.86 32.37 117.01 44.32 42.53 11.52 34.10 95.80 136.07 151.15 253.39 112.30 43.57 90.35 14.40 62.07 291.12 14.07 39.04 18.06 22.37 16.62 148.46 29.91 32.81 85.14 29.94 30.87 43.18 45.46 24.14 21.97 10.89 52.26 34.27 30.79 46.41 18.73 36.33
98.92 118.17 85.79 120.12 98.62 15.99 18.85 58.96 69.35 20.99 45.45 11.78 24.25 33.55 114.80 44.87 41.73 12.05 34.44 97.13 135.98 158.23 253.21 112.81 44.91 86.15 14.87 61.50 291.58 13.93 39.51 18.52 22.72 16.37 146.03 30.73 33.50 89.03 29.62 31.49 42.87 46.17 24.26 21.87 10.87 53.11 33.90 30.57 46.27 18.28 36.65
100.28 121.69 86.17 121.32 98.04 16.34 18.79 59.21 70.34 21.25 46.76 11.73 24.95 34.22 118.02 46.30 43.02 12.25 35.10 100.52 137.11 179.24 248.37 113.19 43.71 85.73 14.99 62.34 288.26 14.11 39.82 18.59 23.84 16.93 147.32 30.53 32.91 92.91 28.62 30.39 45.34 45.99 24.36 21.87 11.07 51.87 34.55 30.95 46.83 18.44 37.21
101.48 126.82 85.83 122.31 100.04 16.75 18.07 58.24 68.78 21.01 46.44 11.83 25.54 34.42 117.71 47.02 43.75 12.27 38.83 102.57 138.50 178.78 250.31 116.57 44.33 89.31 15.10 61.84 283.55 14.43 41.05 19.10 23.84 16.48 150.23 31.17 33.87 97.14 29.08 30.84 45.09 46.49 24.16 22.31 11.23 53.90 34.39 32.07 47.00 18.85 37.73
102.24 128.17 86.32 121.10 98.52 16.50 17.90 59.98 69.18 21.34 46.99 12.06 25.22 34.76 115.77 48.18 42.28 12.02 38.65 101.97 140.06 184.64 256.12 115.11 45.12 91.22 15.84 62.53 288.49 14.56 42.67 19.39 24.05 16.40 148.61 32.01 34.45 98.90 29.25 31.21 44.90 46.31 24.01 22.20 11.23 54.41 34.90 31.98 46.85 18.84 39.48
102.16 128.37 87.50 121.98 97.70 16.48 18.74 60.19 69.63 21.93 46.64 12.04 26.20 35.51 114.18 47.83 42.69 11.71 37.50 103.49 137.09 185.11 258.95 113.09 44.64 91.12 16.28 61.02 281.83 14.10 41.77 19.69 24.12 16.60 148.37 31.04 34.35 96.00 29.93 30.85 44.22 45.33 24.14 22.16 11.47 56.32 34.99 30.97 47.12 18.51 39.23
103.68 131.42 87.42 122.72 98.58 16.87 18.55 60.34 71.23 22.54 47.47 12.31 26.65 36.21 116.71 49.18 44.26 11.79 37.06 103.01 142.80 188.35 264.13 115.11 44.48 88.28 16.60 62.50 291.30 13.95 43.40 20.06 24.35 16.70 151.55 31.07 34.92 98.17 29.83 31.72 44.17 45.78 24.76 22.90 11.91 56.76 36.16 30.79 47.11 19.55 39.73
102.53 127.75 84.47 121.52 101.72 16.35 18.60 59.51 71.31 22.54 46.25 12.13 26.66 35.94 113.37 48.73 42.71 12.16 35.32 101.56 139.32 185.71 259.96 115.43 42.20 86.45 16.79 63.30 285.24 14.34 44.37 20.06 24.67 16.34 143.49 30.46 34.72 94.37 29.05 30.83 43.56 45.79 24.59 22.87 11.91 55.04 35.68 30.72 48.35 19.47 39.37
101.44 122.37 84.57 120.74 103.91 15.55 18.05 57.98 69.48 21.93 45.89 11.99 26.41 35.61 110.40 47.53 41.74 11.86 34.71 100.95 136.07 188.20 250.95 115.29 42.41 88.07 16.50 63.22 278.46 14.52 46.02 20.13 24.01 15.81 141.92 30.44 35.10 93.54 27.48 31.53 43.08 46.52 23.90 23.33 12.19 53.59 34.79 29.96 48.56 19.27 37.85
101.40 121.68 84.40 123.29 104.74 15.57 18.45 57.44 68.34 22.17 45.86 11.77 26.26 35.16 110.80 47.89 42.41 11.69 35.31 99.27 128.36 188.93 253.45 117.38 42.07 87.92 16.38 62.29 277.74 14.16 47.72 19.98 23.37 16.13 142.35 30.54 34.79 92.16 28.83 31.25 42.58 46.54 24.20 23.24 11.93 52.94 34.20 30.69 48.87 19.76 38.35
103.11 120.65 84.86 124.13 104.65 15.46 19.23 56.40 71.17 23.93 45.13 11.88 26.88 37.17 110.33 48.77 43.39 12.01 36.11 102.60 132.87 191.36 256.83 117.99 42.86 93.72 16.87 62.54 271.56 14.38 50.91 19.75 23.25 16.70 145.83 30.42 35.03 90.75 29.29 32.34 43.45 46.95 23.82 23.58 12.01 55.48 34.76 31.33 50.15 20.21 39.18
102.75 121.35 84.04 123.08 107.09 16.03 19.21 55.91 72.74 24.45 45.28 11.83 27.01 38.50 108.66 48.55 43.87 11.92 34.54 101.74 128.88 184.17 251.85 117.26 42.02 93.02 17.57 63.34 275.87 13.83 51.14 19.44 23.03 16.40 145.71 29.75 34.34 94.35 29.81 31.93 42.11 46.73 23.86 23.06 12.12 55.10 34.42 31.73 48.41 19.61 40.59
103.57 123.00 84.68 125.66 107.44 16.32 19.11 55.91 73.43 24.74 47.89 12.07 28.26 37.71 109.72 50.95 44.51 12.03 33.86 100.74 127.28 183.34 252.09 117.44 41.78 92.36 17.59 64.29 275.69 13.74 51.36 19.42 23.19 16.70 151.42 29.17 34.68 91.73 30.29 32.85 42.79 46.75 23.87 23.74 11.96 56.87 34.87 33.12 48.61 19.62 41.83
104.05 124.81 86.67 128.11 104.15 16.20 19.30 56.84 75.05 25.34 49.87 11.89 28.23 38.25 109.39 51.53 44.30 12.01 32.14 104.19 130.65 183.95 252.10 119.56 41.13 90.90 17.63 64.36 277.61 13.90 48.56 19.54 23.06 16.53 150.41 27.60 34.98 93.53 30.23 35.04 42.25 47.72 24.45 23.79 12.17 59.68 35.44 31.82 49.25 19.96 42.95
103.61 121.71 85.07 128.22 102.02 16.12 18.91 56.77 78.14 25.05 49.40 11.70 28.05 37.53 108.73 52.35 44.73 12.17 32.04 105.29 130.15 184.58 247.02 114.74 40.75 90.76 17.36 64.19 288.72 13.92 47.61 19.84 22.41 16.88 150.76 28.11 34.96 90.02 29.24 34.10 43.12 48.32 24.52 23.87 12.21 59.15 35.96 32.33 48.78 20.20 41.13
103.54 122.33 82.44 130.57 103.07 16.51 18.75 57.63 76.73 24.06 48.26 11.63 27.45 37.77 109.42 52.80 44.39 12.50 33.36 105.75 131.64 189.72 247.00 113.40 41.33 94.02 17.60 63.31 285.63 13.67 49.58 19.55 22.11 17.55 148.92 28.84 34.43 87.04 28.87 34.04 42.81 47.79 24.49 23.38 12.22 59.95 35.38 32.05 49.33 19.38 40.33
104.20 124.71 85.38 134.65 104.14 16.67 19.36 57.04 75.89 23.77 48.53 11.69 27.43 37.70 110.30 52.79 43.95 11.94 34.72 105.65 132.20 181.43 247.25 116.50 41.42 94.54 17.39 63.23 285.85 14.07 53.15 19.78 22.76 17.54 152.50 28.34 34.24 87.97 30.34 34.87 42.30 47.86 24.57 23.51 12.57 59.95 35.86 33.03 49.11 19.44 40.23
105.21 122.80 83.30 136.92 104.33 16.92 19.70 56.85 76.39 24.10 48.40 11.71 28.05 37.69 110.00 52.17 45.34 11.82 34.00 105.53 133.06 182.80 244.94 117.26 43.18 100.10 17.35 61.71 287.48 14.25 54.84 19.96 23.12 17.99 152.40 29.45 34.18 92.87 30.83 35.44 41.93 48.23 25.16 23.96 12.70 62.21 36.56 32.82 49.71 19.73 40.50
106.00 119.81 80.87 135.40 102.63 17.34 19.21 56.18 76.14 24.26 50.91 11.90 28.43 38.74 108.04 50.75 43.70 11.72 35.54 102.74 132.93 192.62 246.73 116.71 44.08 100.03 17.37 62.57 279.16 14.38 57.88 20.42 23.69 18.31 148.74 30.45 34.66 99.01 31.12 34.00 42.24 48.66 25.13 24.45 12.69 64.63 36.81 33.48 49.23 20.36 39.79
107.49 118.68 81.08 138.87 106.26 16.83 19.75 57.02 76.12 24.60 53.54 12.03 28.81 37.67 111.29 50.55 44.74 12.14 36.53 102.06 140.44 185.63 253.36 118.59 43.59 97.95 18.15 63.38 279.08 14.17 58.55 21.19 25.06 18.47 147.21 31.29 34.98 104.75 31.71 34.60 43.78 48.46 25.50 24.56 13.18 66.46 37.35 33.76 48.79 20.62 40.64
107.12 118.94 82.49 139.40 105.10 15.99 19.81 57.64 77.87 23.78 53.34 12.04 27.92 37.26 108.66 50.39 43.64 12.40 36.01 100.23 140.40 181.00 254.56 116.12 44.36 98.87 17.67 64.31 276.47 14.30 59.44 21.09 25.79 18.53 145.55 30.72 34.87 104.25 32.35 33.81 42.79 47.80 25.78 24.88 13.20 65.72 37.37 34.21 49.51 20.90 39.59
106.25 119.97 81.36 137.43 103.35 15.45 19.87 58.10 78.56 23.86 53.89 12.07 28.08 37.46 106.98 52.30 43.60 11.98 34.98 96.94 138.49 182.69 250.04 115.35 44.65 97.65 17.53 64.85 280.61 14.27 58.24 20.66 25.31 18.29 146.08 30.19 33.65 105.14 31.48 32.69 42.43 47.29 25.46 24.36 13.10 65.94 37.98 33.45 47.89 20.07 38.68
107.03 119.06 82.87 139.21 101.89 16.11 19.72 59.09 79.43 23.87 55.13 12.45 28.53 39.73 108.24 52.26 44.40 11.82 35.43 100.92 140.82 175.12 255.60 118.38 44.78 95.05 16.80 69.26 286.02 14.26 57.72 20.61 25.22 18.98 154.30 29.50 33.38 100.58 32.13 33.77 43.96 47.56 25.81 24.48 12.97 67.46 38.44 33.80 46.85 19.94 40.15
108.46 120.31 84.78 142.28 103.78 16.57 19.57 59.69 81.24 24.00 55.49 13.02 29.60 41.01 111.60 54.51 46.24 11.81 35.57 99.74 146.98 178.97 255.60 121.95 44.81 96.62 16.82 72.84 286.37 14.42 56.07 20.43 24.68 19.56 153.70 31.47 33.36 104.54 31.67 33.93 43.56 48.20 26.06 24.68 13.48 69.83 39.25 32.71 46.09 19.47 42.19
107.70 122.16 83.38 142.81 102.93 15.36 19.03 59.59 79.90 23.94 56.46 12.78 29.56 41.01 111.13 53.25 45.58 11.44 36.71 96.80 139.54 181.10 254.17 123.03 45.65 96.69 16.69 72.46 291.67 14.38 55.75 20.48 24.74 19.00 153.44 32.75 33.71 99.51 31.57 34.23 42.72 48.02 25.58 24.77 12.89 67.79 39.23 32.78 45.57 19.53 41.31
109.38 128.77 86.52 144.86 103.15 15.96 19.99 60.10 80.44 24.13 58.45 13.03 30.02 41.67 111.96 53.48 46.97 11.92 35.92 95.77 139.70 175.36 263.28 124.13 46.00 103.83 16.73 74.61 299.61 14.31 54.78 21.16 23.79 20.20 155.78 32.06 34.82 98.41 31.01 35.32 42.21 48.69 26.08 25.87 13.63 69.98 40.60 32.84 46.97 19.88 41.65
111.03 133.52 85.14 151.00 104.11 16.21 20.02 59.67 84.71 24.86 58.66 13.05 30.65 42.53 117.02 53.56 47.94 12.34 36.51 99.94 147.37 185.80 260.05 128.77 46.60 108.32 16.75 75.02 304.28 14.28 55.61 21.20 23.19 20.32 156.12 32.62 34.88 104.47 30.28 35.25 44.55 48.57 26.32 25.95 13.63 68.90 40.97 32.66 47.25 19.79 42.95
112.25 132.26 89.53 152.68 104.31 15.78 19.26 60.78 85.81 24.94 59.85 13.32 30.64 44.29 119.45 54.18 46.90 12.10 37.20 99.18 147.99 193.85 272.30 125.96 47.60 107.73 16.76 75.46 307.76 14.69 58.82 21.40 23.22 20.15 159.32 33.56 34.96 112.93 31.09 33.45 43.93 48.30 26.64 25.73 13.87 70.50 42.11 32.68 47.43 19.83 41.80
113.32 131.83 87.51 154.29 106.18 15.95 19.27 61.04 84.41 25.58 62.34 13.40 30.64 43.98 121.63 56.66 47.76 12.01 38.72 100.19 147.90 211.97 267.68 123.74 48.25 110.93 16.48 75.28 312.69 14.91 60.44 21.03 23.09 20.15 162.36 34.90 35.53 112.55 29.79 33.26 45.86 48.37 26.66 25.83 13.69 71.87 42.46 32.85 47.60 19.35 41.06
113.31 132.46 88.33 152.89 107.22 16.36 19.14 62.40 85.02 25.01 61.96 13.09 31.10 43.25 121.58 56.69 48.20 12.01 36.53 101.57 143.00 216.89 264.49 126.81 46.10 112.23 16.37 77.41 312.07 14.72 60.74 21.45 23.64 20.18 160.14 34.89 35.67 110.49 29.45 33.01 46.41 48.41 26.36 26.20 13.75 72.25 41.64 32.62 47.33 19.87 42.58
113.71 131.80 89.06 156.18 105.39 16.76 19.14 63.45 85.52 25.56 64.66 13.34 31.75 42.86 120.39 58.67 48.97 12.36 36.94 101.61 145.93 206.93 270.39 124.23 45.96 112.73 16.68 79.65 316.88 14.97 59.60 21.86 22.92 20.18 162.19 34.66 36.04 105.48 29.62 32.84 47.53 47.78 26.72 26.20 13.41 73.44 42.40 31.76 48.06 20.31 42.57
114.46 131.15 91.68 159.30 108.78 17.14 20.09 61.59 86.72 26.01 65.06 13.51 31.90 43.03 123.24 60.37 48.91 12.27 36.60 101.31 143.59 201.05 268.82 126.61 48.62 116.94 16.37 78.71 313.35 15.34 59.70 21.86 23.33 20.43 162.18 35.16 35.44 101.35 31.73 33.21 46.33 47.44 27.28 26.28 13.38 72.80 42.89 32.80 48.92 20.49 42.48
114.28 129.75 94.33 157.86 109.26 17.39 20.82 60.88 87.47 25.66 63.13 13.28 32.91 43.93 122.30 59.88 50.25 11.70 37.00 104.57 146.75 202.82 267.93 124.27 48.96 114.93 16.29 79.96 302.47 15.27 58.17 21.49 24.16 20.25 163.06 33.84 34.93 97.54 31.28 33.93 47.12 46.75 27.25 26.52 13.32 72.69 43.25 31.43 48.79 20.78 43.09
113.04 130.62 95.58 159.40 106.16 16.57 19.87 59.95 85.41 25.41 62.51 13.31 32.29 43.88 122.38 59.43 49.68 12.00 37.25 100.59 149.12 195.33 267.32 124.46 48.94 115.24 15.81 76.88 305.66 14.62 58.03 21.31 23.52 19.96 161.30 34.94 34.85 97.01 31.25 35.28 47.11 46.18 26.93 25.53 13.24 72.40 43.21 30.20 48.55 19.61 42.56
115.23 129.60 95.59 164.65 107.73 17.24 20.50 60.72 85.80 26.58 64.17 13.53 33.59 43.92 124.27 60.47 50.27 12.32 38.27 98.26 149.28 204.26 281.02 123.13 49.37 113.20 16.40 76.96 307.31 14.66 59.86 21.45 24.06 20.42 163.63 36.60 35.74 101.81 32.85 36.25 50.13 46.70 27.46 25.72 13.52 73.44 43.93 29.97 48.77 19.93 41.80
115.42 130.66 97.57 166.26 109.19 17.97 20.75 61.02 84.88 26.87 63.83 13.57 32.51 44.45 123.36 59.50 49.46 12.32 37.53 98.07 148.25 198.33 294.11 124.29 49.98 112.38 16.49 79.29 315.72 15.11 57.53 21.72 23.68 20.30 163.88 37.71 35.30 98.91 33.47 35.60 49.43 46.58 27.65 25.85 13.54 75.19 44.45 30.28 47.41 19.39 41.11
115.13 132.21 98.54 165.23 108.34 17.46 20.82 61.90 86.96 27.35 64.59 13.21 31.35 44.92 123.73 59.58 48.42 11.95 37.96 98.13 151.70 205.65 293.38 125.80 48.77 108.75 16.44 77.82 319.15 15.04 57.07 20.97 23.65 19.98 163.50 35.76 34.87 99.74 33.84 35.57 50.32 46.78 27.91 25.25 13.54 74.29 43.89 31.89 46.26 18.67 40.09
113.43 130.35 94.94 165.29 106.60 16.06 19.97 61.96 86.12 26.64 63.39 12.87 31.00 44.03 122.26 56.69 46.43 11.74 38.83 91.83 143.50 208.40 289.68 124.43 48.77 111.39 15.98 76.10 318.36 14.50 55.79 20.35 23.70 19.43 163.23 35.31 34.26 101.75 34.31 33.34 49.63 46.54 27.59 25.27 13.01 72.08 43.88 31.01 45.84 19.18 41.05
111.97 130.44 93.92 163.42 106.71 15.43 20.17 61.81 85.40 26.20 61.82 12.34 30.28 43.54 123.68 57.32 45.61 11.38 36.96 87.07 144.63 208.61 282.93 121.03 48.60 110.95 15.37 75.16 316.51 14.19 57.55 20.05 23.60 18.91 160.29 37.12 33.43 99.34 33.15 31.45 46.89 46.11 27.56 24.88 12.68 74.17 43.53 29.47 44.91 19.52 40.11
111.12 130.44 90.93 163.36 107.31 15.61 20.30 59.63 83.17 26.65 63.33 12.52 29.90 43.52 126.53 57.40 45.63 10.99 35.39 85.92 142.93 207.44 285.18 119.60 48.94 109.99 15.15 77.24 324.28 13.66 54.24 19.45 23.94 18.84 158.14 35.13 33.59 95.26 31.48 32.03 46.62 46.02 27.66 24.45 12.84 75.14 43.65 28.05 45.12 18.80 40.06
110.37 127.28 90.37 161.94 105.25 15.59 19.81 59.44 80.51 25.84 62.68 12.71 28.95 44.38 123.78 59.10 48.09 11.36 34.47 86.32 141.42 207.47 284.52 119.46 47.77 104.87 15.20 75.91 323.74 13.85 53.36 19.36 23.79 18.36 158.59 33.37 33.43 95.73 31.05 32.96 49.26 45.58 27.66 23.97 12.66 74.70 44.08 27.76 44.65 18.20 38.64
111.58 124.53 87.07 164.56 109.99 16.28 20.00 59.49 80.10 24.98 61.38 12.87 28.96 45.10 127.16 60.86 47.94 11.42 34.79 88.61 137.78 208.49 292.37 124.43 48.65 111.32 15.62 74.65 324.67 13.99 56.83 19.38 23.83 18.50 156.27 35.09 33.95 100.54 30.50 34.32 50.64 46.21 27.53 24.05 12.67 76.93 44.64 27.75 44.31 17.95 38.79
110.82 124.07 87.57 164.18 108.15 16.13 20.10 58.74 82.33 24.73 59.93 12.70 29.34 44.17 125.39 62.37 47.18 11.64 35.56 88.66 133.33 210.24 281.96 124.55 47.18 114.25 15.96 73.82 315.27 13.85 60.59 18.77 24.27 18.51 155.61 33.97 33.28 99.41 30.36 34.26 48.99 45.77 27.36 23.87 12.51 75.50 44.41 26.54 44.28 17.68 38.47
111.99 123.76 86.60 165.40 109.85 16.69 20.09 59.18 83.73 24.96 58.72 12.71 30.45 44.98 126.85 63.73 48.61 11.95 36.16 91.39 136.14 211.21 289.91 123.70 47.88 115.54 15.73 73.44 309.86 13.58 60.00 18.92 25.15 19.02 157.20 34.43 33.95 104.22 29.91 34.90 47.24 46.47 27.43 24.39 13.16 75.85 43.90 27.22 44.67 17.46 40.13
110.70 117.25 86.88 161.44 110.07 16.83 20.15 58.56 82.35 24.64 59.45 13.07 30.21 44.08 124.31 63.03 47.92 11.94 34.31 94.25 133.91 210.80 282.87 122.25 46.33 109.03 15.97 75.29 303.92 13.43 58.98 19.03 24.80 18.59 151.71 33.92 33.49 102.78 30.08 33.53 46.37 46.68 27.32 24.00 12.83 75.37 43.17 28.06 43.67 17.71 38.12
109.47 117.69 86.07 160.50 108.85 16.84 19.77 58.90 82.36 23.47 60.72 12.89 29.24 44.30 121.09 60.01 48.22 11.92 35.22 92.45 132.27 205.59 277.07 118.49 46.15 103.06 15.63 75.89 311.92 13.40 56.55 18.90 23.91 18.46 149.59 33.57 33.25 99.52 30.20 32.93 47.21 46.27 27.17 23.56 12.86 75.95 42.71 27.64 43.14 17.98 37.36
109.70 119.86 90.11 161.95 107.23 16.03 19.27 59.07 82.75 23.92 61.69 13.26 29.97 43.42 121.94 63.34 47.37 11.90 34.94 94.51 133.14 208.15 269.52 120.12 45.38 102.67 15.52 76.76 315.19 13.04 57.46 18.96 23.77 18.65 151.39 33.30 33.32 97.00 30.21 32.63 48.05 46.77 27.10 23.00 13.18 77.42 42.98 27.71 42.99 17.88 37.20
107.99 121.12 89.18 159.64 108.09 15.36 18.90 60.17 83.37 24.71 63.80 13.08 29.83 43.60 121.94 62.68 47.31 11.73 33.00 92.19 132.50 189.28 261.70 114.62 43.96 102.36 14.72 75.75 315.21 12.82 54.19 18.38 23.53 18.52 148.51 34.12 32.95 92.76 28.32 33.81 48.07 46.22 27.37 22.52 13.22 78.81 42.41 26.79 42.03 17.58 34.91
107.23 122.27 89.56 155.47 108.51 15.13 18.48 59.81 83.81 23.80 62.83 13.04 29.12 43.73 122.31 63.07 46.32 11.81 33.35 89.48 131.27 179.06 254.59 112.18 43.18 103.13 14.76 77.19 320.08 12.87 53.29 18.46 23.09 18.28 148.27 32.92 32.58 94.38 28.84 32.49 48.65 46.46 27.23 22.74 13.34 77.73 42.35 27.39 40.91 17.51 35.69
107.11 120.06 90.90 159.74 105.45 15.10 18.21 58.80 83.82 23.75 62.18 12.68 28.88 43.49 122.43 64.19 47.26 11.84 32.36 89.39 132.44 175.26 257.47 115.81 41.18 104.58 14.48 79.03 321.54 12.67 51.94 18.70 22.06 18.91 149.46 31.83 33.02 93.33 30.76 32.27 49.48 46.30 27.20 23.23 12.84 77.55 42.90 28.17 40.30 17.56 36.19
107.85 122.46 93.63 161.38 107.84 15.77 18.29 59.39 87.91 23.25 64.67 12.88 28.79 44.58 121.02 66.72 48.00 12.31 31.67 90.73 130.33 170.88 260.77 112.64 42.21 105.80 14.16 79.94 328.56 12.98 52.73 18.88 21.52 18.73 152.17 31.24 33.48 95.32 30.89 31.86 48.62 46.81 27.35 23.79 12.98 75.92 43.17 27.29 40.35 17.43 36.29
107.31 123.19 91.48 160.31 109.67 15.54 18.15 59.78 87.77 22.47 63.59 12.75 28.07 43.51 121.41 65.20 48.69 12.05 31.47 88.84 129.93 157.65 263.12 113.42 42.91 110.15 13.94 79.40 326.32 13.12 52.56 19.24 20.85 18.99 150.92 31.23 33.37 94.31 30.05 32.91 47.65 46.84 27.38 24.04 13.01 77.47 43.40 28.43 40.34 17.31 35.39
110.01 123.53 91.53 162.80 110.33 15.82 19.37 61.63 88.44 23.66 67.10 13.05 28.76 45.47 121.82 65.13 49.90 12.19 33.37 95.36 130.34 163.68 267.02 116.17 41.59 113.53 14.20 81.50 327.08 13.86 57.16 19.54 21.49 19.28 153.85 32.21 34.08 98.99 30.33 35.74 47.50 46.93 27.88 24.56 13.50 74.67 44.82 29.65 40.61 18.17 37.59
111.28 124.32 92.26 162.47 109.58 15.91 18.98 62.20 91.27 23.42 67.84 13.24 28.42 44.51 121.32 64.48 50.48 12.52 37.12 93.82 128.94 170.86 278.51 115.59 42.40 116.75 14.16 80.89 331.22 13.77 57.93 19.63 21.50 19.00 154.78 33.92 34.64 104.30 32.17 35.32 48.08 47.50 28.11 24.21 13.84 76.75 45.16 29.81 40.39 18.29 37.89
111.19 122.83 93.27 161.32 111.61 15.76 19.59 64.96 93.63 23.77 67.25 13.07 28.44 44.09 121.87 66.86 49.23 12.40 35.92 90.50 128.93 165.39 274.95 116.73 41.28 113.19 14.12 81.83 330.79 13.53 55.37 20.16 22.01 18.85 158.07 33.94 34.68 103.02 32.70 34.80 47.75 46.02 28.21 23.83 13.55 79.56 46.64 30.64 40.62 18.30 37.36
112.16 120.50 93.88 161.08 113.13 15.89 19.96 64.61 95.37 23.85 67.12 12.91 29.91 43.77 124.03 65.32 50.33 12.48 38.61 91.20 130.56 167.42 268.80 117.96 41.85 112.80 14.43 82.74 324.69 13.90 57.33 20.39 22.21 18.97 156.11 34.26 34.69 108.97 31.77 36.20 46.43 46.38 28.21 23.88 13.60 80.68 47.64 32.03 40.84 18.54 38.65
112.54 121.72 92.25 159.80 112.90 15.67 20.02 64.14 95.73 23.70 67.92 12.95 29.71 44.11 126.27 65.56 51.12 12.37 38.75 91.70 128.05 162.32 262.87 119.48 41.93 110.43 14.68 82.98 329.73 14.16 57.28 20.19 22.16 18.98 154.22 35.73 35.47 113.46 31.97 36.01 48.57 46.64 28.06 23.64 13.81 81.66 48.15 31.99 42.22 19.27 38.86
110.67 118.43 88.23 155.87 113.97 15.48 19.99 62.88 93.87 23.63 66.35 12.57 28.80 43.01 121.76 62.44 51.42 12.13 38.34 89.01 126.24 158.09 255.45 118.16 40.91 110.62 14.70 82.31 324.14 13.48 55.39 19.68 22.23 18.21 154.27 36.08 35.01 109.49 30.71 36.20 47.60 46.41 27.58 23.83 13.85 78.75 47.96 31.04 42.65 19.51 38.54
112.00 121.11 90.94 156.62 115.21 16.20 20.64 64.79 96.60 23.70 67.42 12.99 29.39 44.05 125.17 61.85 53.38 12.25 37.70 93.05 125.18 154.86 263.33 119.75 40.68 107.46 14.82 82.48 330.75 13.45 54.90 19.75 22.03 18.42 153.61 34.72 35.65 115.41 30.88 37.88 48.47 46.80 27.90 24.18 14.01 77.53 49.94 31.77 42.79 19.20 40.07
113.44 120.94 92.43 156.37 116.85 16.19 20.90 65.32 95.26 22.99 68.02 12.84 30.20 45.19 125.81 61.37 54.60 12.44 40.32 93.93 126.40 162.60 266.76 125.23 42.14 115.08 15.13 81.81 324.43 13.08 56.45 19.73 22.44 17.98 150.92 35.72 36.21 127.72 32.21 36.37 48.93 47.55 27.90 25.09 14.10 74.76 49.73 31.46 41.95 19.74 40.79
112.23 119.99 92.84 158.06 115.55 15.38 21.31 65.62 95.00 22.30 65.59 12.67 30.08 43.55 125.85 61.70 53.03 12.52 40.05 92.41 125.19 150.95 271.92 125.85 41.30 118.71 14.87 83.37 319.86 12.93 56.21 19.78 22.22 18.26 148.95 34.39 35.67 127.20 32.94 34.84 48.34 47.38 27.98 24.74 14.06 72.25 49.23 30.34 41.65 19.32 39.56
111.49 117.31 93.00 160.07 113.92 15.02 21.48 65.76 94.76 22.48 64.97 12.55 29.74 45.06 126.92 61.99 54.98 12.34 40.40 89.16 124.95 149.74 263.62 123.47 40.79 116.62 14.68 81.55 309.91 13.13 57.17 19.25 21.93 18.47 149.87 35.14 35.99 122.24 32.61 35.09 47.37 46.71 28.09 24.71 13.71 72.21 49.55 29.11 41.28 19.17 38.24
110.07 116.51 89.38 156.74 116.07 15.24 21.86 64.88 92.76 22.37 64.35 12.23 29.11 44.09 124.05 62.50 54.19 11.74 40.41 87.67 122.12 156.02 262.41 122.28 42.05 115.71 14.60 80.06 295.42 12.97 56.51 19.20 21.37 18.10 144.97 34.47 34.60 121.15 30.73 33.96 46.05 45.77 27.48 24.14 13.50 71.22 49.19 28.38 40.69 18.97 37.73
110.16 118.86 86.78 158.84 115.38 15.17 21.72 63.04 90.99 22.14 64.03 11.96 28.69 44.51 126.16 62.49 56.61 11.32 38.44 90.03 118.40 168.80 266.42 120.12 41.96 118.46 14.68 80.79 291.93 12.96 56.04 18.99 21.84 18.23 144.90 33.82 33.69 121.82 30.15 34.52 47.29 45.99 26.72 24.06 13.74 71.48 48.87 28.09 40.65 18.97 37.13
110.78 119.43 85.25 155.30 115.50 15.35 20.52 63.11 93.30 21.74 65.95 11.50 28.54 46.26 127.28 61.98 57.87 11.43 38.44 93.63 117.67 183.28 274.12 123.39 40.43 115.19 15.27 81.39 288.37 12.83 55.14 19.48 21.36 18.37 147.76 33.27 33.86 121.52 30.89 33.47 48.79 45.63 26.76 24.02 13.65 71.07 49.65 28.32 39.26 19.55 37.74
111.80 118.88 85.59 155.70 116.47 16.21 20.96 63.41 95.51 21.53 67.21 11.58 27.35 47.59 129.61 63.09 59.72 11.82 37.62 93.64 117.37 175.95 274.40 124.76 41.70 117.32 15.00 82.78 299.98 12.81 56.84 19.87 21.74 18.52 149.57 34.99 33.60 119.91 31.38 34.44 51.47 45.82 26.86 24.01 13.77 71.92 49.53 29.03 39.99 18.70 38.41
111.06 110.09 84.59 152.10 115.32 15.91 21.43 63.89 93.94 21.07 67.67 11.43 27.56 47.11 129.53 63.96 58.78 11.74 35.61 92.64 120.79 170.97 277.50 123.71 42.21 117.51 15.08 82.11 296.55 12.19 54.67 19.64 21.94 18.44 148.01 36.06 33.67 117.56 31.07 34.26 49.70 45.91 26.95 23.88 13.66 72.67 49.01 29.26 40.47 18.97 39.08
111.52 110.94 82.99 151.55 117.17 15.87 21.71 64.25 92.48 21.11 68.52 11.31 27.70 46.95 130.78 65.24 60.34 11.52 36.79 93.32 122.56 167.27 277.74 124.58 43.99 123.15 15.32 81.47 295.96 11.94 53.02 19.45 21.97 18.47 147.16 35.83 33.55 111.97 31.45 36.06 50.46 46.58 27.19 24.74 13.67 72.72 49.12 30.07 40.64 18.93 38.35
112.09 112.03 84.97 150.13 119.08 15.83 22.38 64.97 91.72 20.99 68.98 11.20 27.59 46.79 127.96 64.84 60.42 11.73 39.26 94.54 127.63 179.70 276.48 124.98 45.28 119.27 15.06 82.55 290.64 11.83 53.17 19.56 22.12 18.75 147.72 36.93 33.94 114.38 30.55 33.96 50.26 46.72 27.23 24.82 13.80 73.28 49.17 29.61 40.68 18.41 36.97
109.94 110.87 83.44 146.89 118.12 15.68 21.07 63.86 91.61 20.48 66.12 11.15 26.70 46.37 125.66 62.67 60.88 11.25 38.46 93.93 126.50 182.18 275.02 121.84 46.30 114.33 15.33 79.86 281.16 11.37 51.86 18.71 20.87 18.71 145.74 36.62 33.28 111.02 30.00 33.13 46.90 46.01 26.67 24.23 13.74 71.30 48.61 29.11 39.86 17.89 36.44
107.84 108.07 84.83 143.66 115.18 16.00 21.04 61.97 90.47 20.22 64.25 11.08 25.88 44.99 124.89 61.55 61.10 10.90 38.42 88.13 125.60 170.10 267.63 118.48 45.16 108.51 14.97 80.54 280.14 10.91 48.92 18.48 20.76 18.33 144.35 33.89 33.41 115.09 28.46 31.45 49.70 45.29 26.24 24.13 13.18 70.79 47.63 29.94 39.82 17.00 35.47
109.11 107.17 84.82 144.13 114.39 15.88 21.09 62.93 91.77 20.61 64.45 11.08 27.56 45.19 124.39 61.89 60.44 11.05 39.09 88.76 123.57 165.05 272.78 122.13 45.40 115.65 15.61 80.26 280.80 11.31 51.54 18.65 21.01 18.20 143.47 34.77 34.23 117.84 28.80 32.87 51.92 45.12 25.95 24.40 13.55 73.22 48.50 30.05 39.80 17.61 35.84
107.52 103.57 85.54 139.58 111.34 15.65 20.75 61.38 91.75 20.44 65.31 10.87 26.36 44.95 122.95 61.33 60.44 11.34 38.13 86.11 117.60 157.73 271.17 119.00 44.82 112.20 15.28 75.86 273.30 11.20 50.21 18.55 20.45 18.24 141.84 33.83 33.11 125.01 28.52 33.15 50.21 44.80 26.15 23.61 13.40 71.10 48.07 31.60 39.30 16.86 34.53
107.21 101.06 83.40 139.71 112.91 15.65 20.43 60.44 89.09 19.99 64.87 10.52 25.40 44.63 122.39 62.05 58.12 11.29 38.64 86.05 114.51 166.48 275.15 117.45 44.90 117.71 14.74 75.28 267.52 11.17 48.57 18.57 20.28 18.06 140.70 36.45 32.44 127.46 29.05 33.42 50.49 43.43 26.12 23.40 13.08 70.77 47.60 31.46 39.25 16.72 33.72
107.58 102.91 81.95 142.77 112.17 15.56 20.92 59.81 89.57 19.38 66.38 10.54 25.09 44.26 124.91 62.50 59.34 11.15 38.42 88.70 115.63 177.86 272.46 116.95 45.54 124.04 14.32 77.86 270.75 11.32 49.19 18.38 19.98 18.46 135.96 34.97 32.48 128.83 29.14 32.71 50.08 43.18 26.37 22.94 13.23 69.76 46.24 32.13 38.00 16.35 33.51
108.23 103.53 85.37 141.23 114.01 16.34 21.03 61.55 90.40 19.86 67.12 10.85 24.46 44.44 129.78 63.35 59.90 11.19 37.69 87.98 116.62 175.09 272.60 119.48 45.76 125.55 13.97 78.05 284.07 11.48 49.48 18.01 19.53 18.20 136.86 36.25 32.95 127.39 29.52 33.80 50.43 43.16 26.43 22.71 13.41 70.54 46.63 31.34 37.94 16.24 33.90
107.44 100.13 85.64 140.97 110.61 16.65 20.89 61.36 86.60 19.67 69.29 11.18 23.89 44.58 127.66 63.25 57.88 11.19 37.56 87.66 113.87 168.36 278.22 115.32 43.99 125.68 13.90 77.97 283.90 11.30 50.08 18.14 19.07 18.25 140.81 36.31 33.20 128.60 29.25 33.78 50.37 42.65 26.33 22.61 13.24 68.49 46.72 30.77 37.87 15.52 33.87
105.81 99.32 83.34 138.58 110.23 16.41 20.29 62.03 84.50 19.18 67.17 10.99 23.42 44.28 126.65 62.34 59.41 11.36 34.63 85.47 111.87 160.70 271.01 114.98 43.83 126.70 13.70 77.81 275.47 11.02 46.28 17.82 18.64 17.51 138.27 36.64 33.13 126.19 28.92 32.94 50.96 42.44 26.03 22.33 12.92 69.81 47.46 28.96 38.55 15.26 32.96
105.20 98.99 83.67 136.51 109.90 15.57 20.59 62.29 83.89 18.81 66.12 10.95 22.74 43.52 124.85 63.20 57.19 11.39 33.90 86.07 108.19 165.08 276.70 109.96 43.90 123.78 13.63 79.38 266.61 11.18 43.77 17.90 18.60 17.22 137.19 36.35 32.38 129.13 29.46 34.33 49.48 42.19 25.87 22.81 12.86 66.97 47.55 28.53 39.17 15.11 31.89
106.05 99.26 85.50 137.25 108.57 15.62 21.35 63.63 84.19 18.47 66.23 11.28 22.30 44.83 126.06 65.62 60.51 11.23 33.39 84.95 109.92 158.82 286.08 109.52 43.12 124.42 13.75 81.30 267.28 11.37 43.78 17.87 18.59 17.45 141.39 37.94 32.49 129.82 28.49 34.49 48.93 42.98 26.27 23.11 13.24 68.78 48.25 28.41 38.96 15.15 31.69
105.66 98.78 86.35 138.00 106.22 15.68 21.75 63.31 81.60 19.23 67.72 11.17 22.22 44.51 124.41 66.26 61.61 11.23 33.76 85.31 107.05 159.55 283.51 106.01 41.97 127.87 13.49 78.90 272.16 11.25 41.27 18.27 18.09 17.09 140.67 37.91 32.98 132.15 27.30 32.07 48.66 42.97 26.20 23.07 13.11 71.36 47.74 27.21 39.52 15.31 30.84
104.32 96.23 84.10 135.45 103.58 16.52 22.11 62.07 79.70 19.07 66.65 11.11 21.71 44.48 123.19 64.86 60.46 11.39 33.63 82.88 105.62 156.59 271.90 102.63 39.91 124.73 13.62 76.86 272.28 11.17 41.03 18.13 17.92 17.15 140.10 38.23 32.77 127.49 26.81 32.57 48.30 42.95 26.29 22.80 12.81 70.67 47.90 26.82 39.25 14.90 30.71
106.90 102.16 82.61 136.51 105.98 16.89 22.50 63.77 81.80 20.27 67.62 11.50 22.48 45.28 127.42 64.87 61.41 11.49 36.12 84.45 106.71 163.03 271.05 107.41 40.92 128.12 14.28 76.88 279.98 11.73 42.23 18.58 17.38 17.94 143.51 39.49 33.10 132.34 27.80 33.44 51.03 43.45 26.88 22.70 13.24 73.39 48.62 27.88 39.26 15.16 31.54
105.36 100.98 80.46 131.11 102.95 16.68 21.86 63.51 79.64 19.68 65.37 11.07 21.82 45.74 124.08 62.57 60.84 11.56 36.79 83.90 107.05 156.34 269.97 105.94 39.45 122.74 14.73 76.68 275.54 11.52 41.65 18.45 18.02 17.67 143.22 38.76 32.22 129.64 27.40 33.37 48.39 42.54 26.58 22.21 12.88 74.39 48.14 28.44 39.64 15.68 32.32
104.21 101.56 76.81 131.35 104.39 16.71 21.74 63.59 79.71 19.09 62.27 10.72 21.93 44.56 125.31 60.80 60.60 11.27 38.24 83.25 107.14 148.82 264.60 104.98 39.68 129.80 14.33 73.88 272.44 11.34 41.79 18.34 17.83 17.36 140.00 36.85 32.18 123.72 27.96 33.09 47.77 42.47 26.46 21.79 12.64 75.15 46.95 29.09 39.19 15.48 31.92
104.14 98.26 75.30 129.09 103.48 16.45 21.52 63.35 78.29 19.07 63.53 10.69 22.45 45.29 125.58 60.97 61.22 11.62 39.21 85.01 105.72 144.63 264.64 104.80 40.42 124.18 14.94 73.83 267.16 11.28 43.05 18.71 17.65 17.25 140.83 37.91 31.90 125.10 28.25 32.52 45.41 42.61 26.10 21.98 12.45 76.89 46.60 28.67 39.62 15.65 31.73
104.63 96.55 74.53 128.28 104.63 16.64 21.55 64.17 78.05 18.94 64.53 10.37 23.12 45.43 123.81 60.43 61.10 11.79 39.65 84.38 106.68 144.26 269.94 100.75 42.47 126.50 15.05 73.28 274.49 11.52 43.65 18.91 17.83 17.11 137.58 39.29 32.40 123.28 28.86 33.35 45.46 42.65 25.69 22.06 12.31 76.82 46.85 28.84 40.01 16.03 32.00
105.18 100.56 77.19 130.95 104.95 17.06 21.46 65.66 78.43 19.10 64.76 10.56 23.62 45.50 125.41 61.69 61.42 12.17 37.91 83.03 103.27 145.75 272.30 101.82 43.72 125.38 14.74 74.27 270.68 11.47 45.57 18.69 18.15 17.89 137.75 38.63 33.31 118.90 28.94 33.55 46.06 42.61 25.52 22.57 12.23 76.00 47.42 29.52 39.73 16.06 32.00
105.19 98.93 76.81 130.66 104.43 17.14 22.02 64.33 78.14 19.01 65.26 10.29 23.98 45.41 125.12 62.89 59.87 12.08 38.80 83.55 104.11 138.57 277.82 105.83 45.24 128.20 14.67 73.61 269.59 11.43 43.74 18.77 17.87 17.56 137.32 36.79 33.51 121.15 29.44 35.23 46.68 42.97 25.20 22.88 12.52 72.80 46.86 29.82 39.33 16.31 32.14
104.89 96.54 77.37 127.84 105.90 17.12 22.35 64.47 76.48 18.80 64.52 10.31 24.48 45.05 124.76 60.79 60.22 12.09 39.59 87.37 107.02 133.96 281.36 107.12 45.21 127.36 14.52 73.79 270.41 11.61 43.94 18.66 17.43 17.36 135.00 36.25 33.51 120.96 28.94 34.34 44.82 42.80 25.38 23.34 12.55 72.62 46.86 30.09 38.65 16.32 31.45
104.64 93.73 78.09 129.08 104.45 16.60 22.34 63.48 76.42 19.19 64.04 10.27 24.04 44.45 126.24 59.52 60.37 12.10 39.60 89.63 106.58 132.86 275.29 109.90 44.65 117.23 14.87 72.95 264.99 11.81 42.47 19.37 17.44 17.16 135.62 36.35 34.16 120.63 30.23 35.27 44.17 43.06 25.45 23.71 12.54 71.99 46.96 29.70 38.76 16.64 32.19
105.32 94.49 78.76 131.14 107.74 16.49 22.60 62.48 76.51 19.26 65.65 10.20 24.92 45.19 123.70 59.16 60.09 12.09 39.61 91.83 108.26 128.72 269.10 109.74 44.08 118.01 15.22 74.15 267.16 11.39 42.33 19.61 18.03 17.14 135.68 38.05 34.22 122.03 30.45 35.74 44.35 44.17 25.24 24.13 12.49 74.23 47.93 29.86 38.70 16.55 33.47
104.27 94.65 79.23 130.58 106.81 16.03 23.43 61.47 73.91 18.92 65.19 9.88 25.13 44.31 122.86 60.26 60.72 12.23 38.97 89.73 106.52 128.92 258.64 107.33 43.09 116.75 15.31 73.07 269.16 11.18 42.27 19.41 17.96 16.95 132.61 37.74 33.71 118.82 29.96 35.39 43.04 43.90 24.66 24.13 12.19 72.28 48.38 29.63 38.05 16.41 33.05
105.71 97.35 78.59 133.39 108.86 15.61 23.78 60.98 74.80 19.06 66.94 9.93 26.74 45.59 122.56 63.04 62.33 12.38 40.64 92.83 104.92 124.61 255.71 108.96 43.06 123.19 15.37 71.93 269.91 11.55 43.53 20.16 18.02 17.57 131.71 37.46 34.52 123.64 30.90 34.99 42.74 45.17 24.42 24.99 11.80 73.72 49.06 29.78 38.93 16.83 33.60
106.14 96.52 75.90 132.66 110.87 16.13 23.99 60.81 73.95 19.15 66.26 10.23 26.21 45.13 121.16 63.75 63.63 12.27 40.96 92.40 103.88 132.87 259.19 110.83 41.35 119.69 14.91 70.59 270.89 12.06 41.99 20.68 18.42 17.51 134.46 36.15 34.67 127.30 31.49 36.99 43.19 45.09 24.64 24.81 11.84 75.63 49.57 28.88 38.68 16.95 33.60
104.69 97.58 76.10 128.81 112.06 16.24 23.49 60.11 73.38 18.54 64.93 10.29 25.02 45.64 123.29 63.42 61.32 11.89 39.38 88.59 105.83 130.72 261.78 110.74 40.69 118.44 14.81 69.36 262.81 12.02 42.07 20.71 18.23 17.69 137.37 34.24 34.51 121.72 30.74 35.59 41.98 45.47 24.11 24.33 11.66 73.90 48.84 28.64 38.29 16.30 32.54
105.76 96.54 76.29 130.75 114.52 15.91 24.00 60.57 73.38 18.37 64.18 10.69 25.24 46.89 128.99 63.31 62.40 11.57 37.76 88.24 108.82 134.45 255.90 110.82 42.13 119.85 14.92 72.07 269.29 11.97 40.93 20.54 18.39 18.12 143.24 36.62 35.02 124.89 31.31 37.48 44.09 45.80 24.16 24.53 11.72 72.90 48.31 28.67 38.02 16.16 32.81
107.45 98.93 78.21 129.91 116.44 16.29 24.11 61.53 74.97 18.65 66.95 10.55 25.49 47.01 131.87 61.94 63.15 11.89 38.77 89.34 108.88 137.34 259.16 110.07 44.01 126.52 15.09 71.00 278.72 12.51 41.44 20.57 18.21 18.28 145.59 40.11 35.55 129.87 30.33 39.12 43.43 45.82 24.05 25.00 11.83 75.64 47.61 29.54 38.23 16.72 33.25
109.04 97.97 81.21 131.01 120.10 16.56 23.51 61.99 73.74 18.65 68.71 10.89 26.85 48.42 135.08 61.09 63.77 12.17 38.09 88.55 109.39 146.04 258.40 111.77 43.96 129.38 15.57 70.35 282.98 12.97 41.98 21.15 18.92 18.45 144.43 42.11 36.11 135.20 30.59 40.89 43.37 46.13 24.27 25.06 11.95 76.46 47.82 29.72 38.34 17.05 34.22
109.68 99.15 81.97 134.29 122.84 16.92 23.88 60.99 75.86 19.13 68.41 11.09 26.94 48.65 135.40 60.95 65.40 12.12 38.50 90.69 111.43 140.06 267.37 113.85 42.26 129.47 15.68 69.93 285.19 13.28 40.25 21.41 19.48 18.68 146.40 39.47 36.66 129.46 29.82 42.67 44.39 46.64 24.39 25.44 12.14 77.77 48.42 31.40 38.04 17.13 34.07
108.60 100.07 81.76 132.65 121.25 17.35 23.21 60.91 75.41 18.60 67.43 11.06 27.21 48.52 133.26 60.60 64.10 11.76 37.57 90.95 110.05 139.46 258.71 112.13 41.27 130.04 15.56 68.90 280.48 13.23 40.55 20.78 19.74 18.30 141.20 37.50 36.40 129.46 29.05 45.51 43.24 46.64 24.41 25.37 11.94 78.40 47.29 30.96 37.62 17.22 35.39
108.08 98.50 81.89 133.01 121.68 17.52 23.52 59.98 78.25 18.75 69.94 11.11 26.99 46.56 134.95 62.42 63.43 11.82 34.74 92.45 111.75 132.00 250.29 112.48 40.63 126.73 15.83 67.96 280.94 13.00 40.01 20.48 19.28 18.48 140.63 36.77 36.43 125.11 28.14 46.79 43.65 46.55 24.88 26.09 12.03 76.47 48.40 30.82 37.09 17.31 35.11
108.76 99.58 85.58 134.69 119.08 17.81 25.32 60.81 79.66 19.58 72.04 11.47 27.28 49.85 137.71 63.46 62.67 12.03 32.85 91.85 113.08 132.20 246.36 113.69 39.26 125.92 15.87 67.20 286.04 13.40 37.93 20.46 18.92 18.46 144.67 34.23 36.34 118.64 28.29 46.89 44.34 46.20 24.95 25.94 12.32 77.99 48.95 32.30 37.02 17.79 34.87
109.03 101.52 82.84 134.13 120.28 17.77 25.26 61.48 79.77 19.53 71.94 11.45 26.64 50.87 140.10 61.70 62.80 12.05 33.25 92.52 113.86 127.56 251.13 112.57 38.31 123.71 16.23 66.54 284.60 13.70 35.98 20.82 19.06 18.36 143.96 34.12 36.71 119.32 29.86 48.68 46.58 45.97 25.34 26.06 12.27 78.78 49.26 31.49 37.11 17.44 35.59
107.70 103.79 80.44 132.81 118.51 17.37 24.60 61.48 76.07 19.17 70.11 11.49 26.07 49.94 140.61 61.97 63.45 12.02 31.83 92.10 113.49 126.20 248.34 112.66 37.14 118.09 16.17 66.53 282.28 13.78 33.51 20.79 18.55 17.99 143.43 32.85 37.14 118.48 28.51 48.29 46.33 45.89 25.38 25.93 11.98 78.52 48.70 32.48 36.34 16.99 35.08
107.14 103.81 81.51 133.63 120.57 17.41 23.92 61.30 77.16 18.75 69.55 11.20 25.56 49.45 138.06 61.20 64.74 11.60 32.52 93.59 113.05 124.59 253.71 112.63 35.63 115.48 16.41 68.76 279.82 14.01 32.26 20.94 18.42 17.96 140.16 31.23 35.97 114.80 28.23 46.79 46.66 45.46 25.45 25.90 12.23 78.39 48.35 32.32 36.43 17.08 35.82
107.07 104.05 81.89 136.13 120.73 17.67 24.95 61.62 76.63 18.88 69.36 11.21 26.01 49.24 140.19 62.06 65.57 11.84 31.31 95.15 113.31 114.94 247.32 111.84 35.37 112.76 16.76 69.37 286.09 14.02 30.83 20.99 18.57 18.16 140.23 30.71 35.89 108.36 28.92 45.84 46.69 45.56 25.19 25.51 12.14 78.96 48.41 33.42 36.31 17.51 36.57
106.57 102.64 80.75 134.96 119.84 17.53 25.44 60.44 73.67 18.67 68.55 11.06 25.64 50.87 138.06 59.50 65.87 11.99 31.96 96.39 111.46 114.45 253.56 115.61 34.48 112.75 16.58 66.47 293.05 13.64 31.08 20.88 18.90 18.10 134.93 30.81 35.72 110.43 30.28 43.67 44.03 45.86 24.94 25.16 12.02 77.27 48.40 32.64 36.43 17.93 36.41
106.43 100.29 81.60 134.94 122.64 17.36 25.29 61.24 73.52 18.88 69.03 11.04 25.08 51.69 135.43 58.83 64.52 11.97 32.04 93.88 110.17 116.35 249.37 115.47 34.26 106.40 16.52 67.84 302.73 13.30 28.96 20.60 19.70 18.35 133.58 29.70 35.48 105.24 29.58 44.35 44.39 45.11 25.10 25.04 12.22 80.32 48.94 34.60 36.67 17.91 36.92
107.72 104.24 84.19 139.09 123.03 17.45 25.91 62.21 75.28 19.20 70.86 11.16 26.12 53.13 138.65 58.52 65.86 11.96 32.81 94.43 110.54 115.55 249.51 118.21 35.21 105.88 16.52 68.06 306.52 13.54 28.83 20.80 20.60 18.95 134.31 29.06 35.26 106.76 28.65 47.06 44.48 45.74 25.58 25.02 12.21 80.12 49.64 34.83 36.77 18.74 36.77
105.84 101.61 80.97 132.57 122.87 17.02 25.78 61.61 72.24 18.85 68.97 10.83 25.39 52.12 133.21 55.46 63.66 11.66 31.52 91.80 106.68 114.09 246.89 115.70 36.35 109.61 16.51 66.23 289.57 13.53 29.67 21.38 20.39 18.11 131.86 29.25 35.25 104.07 27.70 44.93 43.73 45.29 24.97 25.38 11.96 77.60 49.16 34.20 36.20 18.73 35.95
105.52 102.92 79.07 132.92 119.14 16.60 26.50 61.05 71.35 18.45 69.82 10.70 24.74 52.33 136.95 55.18 64.11 11.44 31.95 92.49 104.67 113.24 244.55 117.48 36.85 109.48 16.32 64.92 280.54 13.69 29.99 21.04 20.08 18.48 130.24 29.79 34.99 103.01 27.94 45.45 43.34 44.85 24.89 25.30 12.10 76.73 48.75 33.69 36.45 19.36 34.87
104.87 103.95 80.67 135.70 117.40 16.31 26.01 61.40 70.72 18.68 70.90 10.48 24.48 49.44 134.68 56.32 63.73 11.48 30.67 88.28 105.36 116.22 244.98 117.01 37.31 103.66 16.57 64.61 277.50 13.78 29.54 21.26 20.11 18.15 127.63 29.66 34.79 99.72 26.69 47.17 45.58 45.13 24.88 24.98 12.10 77.43 48.85 32.66 35.53 18.64 34.28
104.73 101.56 79.92 134.08 116.10 16.16 25.66 59.88 70.56 18.22 70.06 10.41 24.35 50.15 134.00 53.70 64.07 11.40 32.24 86.21 107.97 117.15 242.39 115.11 38.39 109.94 16.58 64.95 273.91 13.38 30.06 21.19 19.95 18.49 126.88 30.82 34.54 101.31 25.98 46.71 46.73 44.89 24.71 25.43 12.30 75.67 48.70 33.01 35.74 18.37 34.18
102.77 101.85 80.91 130.04 116.03 15.43 25.60 60.37 66.12 17.95 67.75 10.31 23.28 50.27 133.62 53.93 64.58 11.15 30.83 82.32 107.35 115.27 235.38 116.97 36.50 107.60 16.31 64.27 274.65 12.80 30.03 20.75 18.82 18.32 125.96 28.63 33.54 92.59 24.43 46.84 47.36 43.50 24.54 25.25 12.06 76.37 48.17 31.95 34.91 18.29 32.77
103.68 103.69 80.59 131.59 115.91 15.85 25.59 61.35 66.18 18.53 66.73 10.36 23.90 51.64 134.74 52.28 65.37 11.06 31.02 85.44 108.81 119.00 238.79 119.09 37.79 111.46 16.21 64.77 277.71 12.90 29.75 21.14 18.86 17.76 124.77 29.16 33.38 95.03 24.18 47.52 47.64 44.54 24.50 25.64 12.12 77.18 48.09 32.41 35.14 18.11 32.52
103.80 101.68 82.61 129.79 115.99 15.20 25.79 61.19 66.91 18.72 66.02 10.14 24.29 49.63 135.97 52.76 66.74 11.67 30.79 87.17 111.23 120.95 238.08 117.30 38.19 108.80 16.41 65.43 279.73 12.92 29.60 21.32 18.04 17.45 124.45 28.05 33.18 93.15 23.93 47.76 48.24 44.54 24.54 25.55 12.29 78.61 48.22 32.93 35.24 18.39 33.62
103.93 102.58 80.85 129.36 112.96 14.96 25.20 61.36 65.74 18.32 65.67 10.11 24.41 50.70 137.38 53.65 65.36 11.83 32.35 85.88 109.82 135.32 239.17 110.70 38.27 111.32 16.13 64.66 274.12 12.23 30.74 21.74 18.29 17.51 125.37 28.02 32.85 96.32 24.70 46.73 49.04 44.50 24.61 25.55 12.34 78.38 47.79 33.17 35.55 17.58 32.66
106.32 103.12 80.74 131.19 114.78 15.69 26.46 62.17 67.50 18.90 68.11 10.25 25.19 51.40 139.01 56.80 65.28 11.89 32.12 85.59 109.87 135.35 244.78 111.25 40.93 115.37 16.34 67.59 285.36 12.67 33.96 22.48 19.03 18.05 131.03 27.97 33.02 101.85 24.97 47.15 50.22 45.17 24.87 25.86 12.76 82.04 49.24 33.34 36.11 17.90 31.50
105.06 99.98 81.22 130.30 114.81 15.97 26.32 62.31 65.99 18.20 66.68 9.77 25.26 50.77 137.70 53.28 66.34 11.73 31.38 86.20 108.80 139.93 242.06 107.62 41.39 117.11 15.76 65.05 274.04 12.70 34.58 21.64 18.63 17.54 131.23 28.86 31.66 103.82 24.89 43.89 50.04 44.34 25.16 25.32 12.57 80.37 48.77 33.05 35.11 17.24 30.32
104.09 96.44 78.97 132.12 113.66 14.89 26.42 62.43 63.70 17.70 65.74 9.64 25.21 49.06 135.61 55.06 64.67 11.82 31.15 85.72 105.05 138.31 243.27 107.04 42.55 119.70 15.36 63.11 267.30 12.59 34.54 21.80 18.06 17.00 130.82 29.72 31.66 106.95 25.08 41.96 49.41 43.99 24.59 25.46 12.46 78.75 48.28 32.00 35.18 16.78 30.00
103.07 96.77 79.05 133.30 109.88 14.39 27.02 61.65 64.06 17.46 63.92 9.59 24.57 50.21 137.88 56.20 62.56 11.70 30.51 83.50 102.45 138.87 237.75 106.43 41.65 117.16 15.08 60.89 261.86 12.32 34.79 21.61 17.93 17.12 128.54 29.00 31.48 108.25 23.43 41.44 49.01 43.06 24.32 24.99 12.49 77.69 48.97 31.23 34.98 16.94 30.34
103.82 97.11 80.04 134.86 110.58 15.20 27.35 60.86 67.20 17.84 65.08 9.58 24.72 49.00 139.17 57.32 63.14 11.86 30.49 84.87 103.11 138.31 241.50 106.66 41.90 119.44 15.01 60.65 261.31 12.28 35.38 22.18 17.97 17.18 132.16 29.96 31.73 105.25 23.29 41.44 51.36 43.42 24.48 24.68 12.68 78.47 49.77 30.14 35.35 16.98 29.99
104.79 97.41 80.53 136.59 110.08 15.90 27.92 61.72 69.96 17.64 65.49 9.75 24.84 49.03 142.14 58.34 62.58 12.45 30.60 84.54 102.02 128.33 246.56 104.85 42.12 120.28 14.94 58.86 269.44 12.94 36.38 23.01 17.58 17.45 133.11 29.49 32.79 106.13 23.32 43.23 52.68 44.00 24.66 25.21 12.74 78.27 50.44 31.68 36.15 17.17 30.41
103.86 93.76 81.71 135.21 110.14 15.99 28.53 61.56 68.16 17.59 64.44 9.58 25.09 49.25 140.27 57.46 63.61 12.24 31.17 87.12 102.92 124.44 239.25 104.80 41.52 115.97 14.96 58.07 274.95 12.40 37.60 22.87 17.55 17.05 128.73 28.46 32.23 98.34 22.86 44.52 51.25 43.46 24.46 25.52 12.65 78.85 49.17 32.09 34.15 17.06 30.43
103.98 93.48 79.45 133.35 111.56 16.30 28.65 60.67 70.08 16.86 64.99 9.51 25.57 48.60 141.83 57.89 64.12 12.25 31.35 89.46 102.86 129.51 231.16 105.68 42.05 121.54 15.66 55.72 272.17 12.42 39.41 22.57 17.53 17.43 130.06 28.39 32.27 101.91 22.08 42.99 50.94 43.11 24.63 25.24 12.45 77.42 48.97 31.85 33.96 16.87 30.64
105.68 95.16 80.58 133.02 110.42 16.56 29.28 62.02 70.61 17.07 64.86 9.75 25.92 49.63 145.73 58.31 66.43 12.26 32.37 90.18 103.27 136.75 236.67 107.16 42.00 120.55 16.13 58.66 279.87 12.35 39.29 22.80 17.34 18.33 132.73 27.90 32.59 103.47 21.96 43.74 52.72 43.45 25.08 25.77 12.58 80.68 49.30 32.45 34.97 17.42 31.87
105.83 96.00 78.87 133.55 110.59 16.37 29.14 63.13 71.29 16.83 63.77 9.67 25.41 50.18 148.50 59.76 67.90 12.38 32.43 87.86 107.25 130.82 231.64 109.08 42.86 119.12 16.26 58.13 283.69 12.78 39.57 22.58 17.65 18.38 133.90 29.51 32.02 103.64 22.72 42.08 54.31 42.62 25.31 25.59 12.82 79.08 50.01 33.12 35.08 16.77 30.68
106.91 96.83 79.71 136.82 110.58 16.54 28.69 64.26 71.09 17.21 64.43 9.54 25.92 50.24 148.35 60.80 67.34 12.87 33.53 87.12 104.15 141.34 231.58 110.49 44.04 127.03 15.39 59.88 294.51 12.88 40.61 22.98 17.96 18.42 131.56 29.14 32.54 111.07 22.25 41.96 54.64 43.32 25.40 25.80 12.88 78.34 49.64 33.62 36.12 16.11 30.83
106.40 94.11 81.31 134.62 109.46 16.50 30.87 64.15 71.38 16.91 63.31 9.67 26.78 49.34 147.76 58.89 67.06 13.22 35.24 89.36 102.31 133.66 224.93 108.38 44.72 122.40 15.29 58.55 283.10 12.84 39.51 22.55 18.34 18.17 128.65 28.79 32.53 117.99 21.84 42.26 53.81 42.83 25.37 25.48 12.50 81.03 49.03 31.90 35.33 16.05 31.96
106.45 93.49 83.22 135.31 107.39 16.53 29.68 66.12 73.73 17.09 65.80 9.52 26.85 48.18 147.23 59.32 67.01 13.29 33.97 87.85 101.79 128.87 225.26 107.09 45.73 121.80 15.35 58.82 280.64 13.14 39.52 22.07 18.25 18.88 131.09 28.38 32.62 124.25 21.94 41.43 53.66 43.47 25.66 25.44 12.72 82.57 49.61 31.09 35.18 15.88 31.42
105.90 91.03 80.55 131.66 104.62 15.92 30.19 68.72 73.46 17.07 62.43 9.69 26.65 47.08 147.53 60.57 67.71 13.00 33.44 85.60 104.68 137.42 221.98 107.82 44.70 124.37 15.39 57.53 275.19 12.61 38.77 21.93 17.75 18.31 130.96 28.22 32.52 132.15 22.04 40.57 53.72 43.31 26.02 24.85 12.80 81.67 49.49 29.10 34.43 15.72 30.33
106.17 90.13 80.74 130.16 106.31 15.75 31.58 69.22 72.04 17.28 62.10 9.60 25.90 47.17 149.00 59.81 66.86 13.64 33.12 87.22 100.79 141.81 216.03 111.86 44.93 124.83 15.51 57.81 268.77 12.22 39.36 22.47 17.78 19.01 127.97 27.94 32.48 139.83 21.00 40.53 53.74 42.63 26.02 24.49 12.74 82.88 49.42 29.56 34.16 15.30 28.79
107.26 89.61 81.99 130.85 107.54 16.01 31.77 69.28 69.51 17.33 63.74 9.77 26.10 47.94 147.25 59.53 65.57 13.35 31.86 87.04 99.65 144.84 219.23 117.05 45.31 123.44 15.37 58.46 272.10 12.46 40.66 22.98 19.24 18.96 128.08 30.29 33.72 147.22 21.77 40.69 51.30 41.74 26.10 24.76 12.81 85.84 49.93 30.53 34.53 15.34 29.46
105.74 85.17 80.58 127.58 105.49 16.16 32.02 67.96 67.36 17.68 64.23 9.58 25.46 46.62 146.60 60.60 65.06 13.30 32.35 85.69 97.84 140.47 218.81 112.50 44.09 121.63 15.38 58.93 264.41 11.92 38.50 22.87 19.00 18.60 124.21 28.29 32.89 143.05 22.32 40.34 50.61 41.14 25.69 25.06 12.81 82.24 49.27 30.21 34.05 15.12 29.20
105.71 86.03 80.49 126.41 105.45 15.92 34.02 67.51 65.19 17.42 63.63 9.55 24.83 45.97 145.34 60.08 64.89 13.40 32.00 84.89 98.05 138.91 224.95 114.52 44.56 122.84 16.18 58.07 261.56 11.73 40.12 22.61 18.95 19.07 122.16 27.85 33.42 144.28 21.64 38.43 50.35 41.52 25.55 25.54 12.50 81.50 49.88 29.69 33.74 14.79 28.95
106.12 84.35 82.64 127.08 107.68 15.57 33.82 67.43 64.91 17.59 62.91 9.39 25.43 46.17 144.80 61.71 66.07 13.78 31.68 83.71 97.81 143.33 229.47 112.20 44.36 121.95 16.47 58.12 260.14 11.78 41.13 22.58 19.30 19.30 124.65 28.03 33.50 140.67 22.26 38.61 48.88 40.88 25.54 25.77 12.56 83.24 49.56 30.26 33.80 14.41 29.11
105.54 84.16 82.43 123.65 107.26 15.64 34.02 67.60 64.82 17.27 63.78 9.31 26.24 45.61 145.95 60.03 65.76 13.91 30.30 83.48 93.50 145.00 229.51 111.69 44.99 122.71 15.74 56.94 257.94 11.58 39.29 21.78 19.40 19.39 120.61 29.07 32.57 138.49 22.42 39.17 50.34 40.50 25.33 25.61 12.52 81.72 48.37 30.88 33.85 14.31 29.05
105.07 82.05 80.77 121.24 107.56 15.32 33.23 65.91 63.93 16.93 64.43 9.14 26.14 44.25 142.40 60.38 65.73 13.73 29.61 84.98 92.15 147.60 227.73 110.64 45.41 118.52 16.12 55.20 257.17 11.60 38.35 22.38 19.09 19.90 120.72 28.55 31.98 137.67 22.32 39.16 51.66 40.07 24.67 25.98 12.51 82.20 48.00 31.17 34.14 14.69 30.15
106.53 82.85 83.40 122.42 108.64 15.44 34.29 66.31 65.97 17.11 66.57 9.23 26.14 44.61 143.49 60.54 67.42 13.51 29.31 85.34 90.62 161.94 227.55 111.63 46.09 121.69 16.81 56.61 259.78 12.11 40.45 22.69 19.61 20.27 120.06 29.56 32.44 134.90 21.37 41.25 52.52 40.82 24.77 26.26 12.15 79.36 48.62 31.45 34.10 15.18 30.57
105.25 81.13 82.66 120.26 108.27 15.41 33.44 64.88 65.75 16.64 66.50 8.97 25.60 44.99 139.88 59.69 65.68 13.58 29.52 86.06 89.14 160.03 225.36 111.54 46.03 119.36 16.73 56.82 253.72 11.68 41.09 22.78 19.20 20.04 114.53 30.02 31.86 133.39 20.97 41.76 49.20 40.81 24.48 25.87 11.94 78.24 47.99 30.68 34.29 15.45 30.22
105.36 81.70 84.53 122.01 109.43 15.61 33.43 64.03 64.09 16.78 67.42 8.98 25.23 45.37 140.79 59.74 67.85 13.60 31.33 84.80 88.22 154.75 228.11 111.18 45.64 119.88 16.92 57.39 250.28 11.61 40.58 23.32 19.46 20.11 112.95 30.30 31.59 130.08 20.87 41.96 49.53 40.20 24.65 25.94 11.81 78.41 47.21 31.36 33.84 15.52 29.58
106.86 84.07 84.13 121.35 111.04 16.15 33.50 64.32 66.11 17.20 67.91 9.03 26.05 46.04 144.35 57.89 68.94 14.22 32.63 86.09 90.95 157.52 232.01 113.80 46.95 124.43 17.24 59.23 247.96 12.10 41.80 23.15 18.91 20.71 111.64 31.36 31.55 129.86 20.97 40.57 50.64 40.46 24.69 27.03 12.16 80.33 47.80 31.01 33.74 15.88 30.56
108.40 85.08 83.47 116.97 110.79 16.49 33.04 64.63 64.40 17.38 68.97 8.91 26.80 45.94 144.19 58.38 70.20 14.21 33.04 88.60 91.53 175.64 240.72 112.15 48.69 124.72 17.30 59.25 253.99 12.17 44.13 23.35 18.54 20.27 111.87 32.41 31.06 134.61 22.76 41.80 52.15 40.97 24.88 27.24 12.21 81.62 48.66 30.91 33.57 16.33 31.54
106.19 82.22 81.51 114.80 107.57 16.63 31.38 63.44 63.73 16.55 65.63 8.63 26.60 44.22 143.64 58.12 68.97 13.79 33.66 86.85 87.74 174.96 228.95 110.79 47.95 124.36 16.59 58.13 248.77 12.07 43.68 22.97 18.69 19.97 109.48 32.32 30.77 127.32 23.39 41.94 52.75 40.10 24.54 27.04 11.78 80.31 48.10 29.34 33.58 15.83 30.13
106.19 81.63 80.36 115.27 106.22 16.07 31.77 62.72 62.80 16.94 64.64 8.63 26.75 44.70 144.34 58.35 69.71 13.98 31.81 87.30 86.82 166.61 230.07 109.79 48.58 125.10 16.20 56.47 252.01 12.18 44.07 22.99 18.48 19.71 109.28 34.12 30.68 129.90 24.34 41.69 52.78 40.27 24.97 27.17 11.45 79.74 48.79 30.78 33.71 15.81 29.28
105.79 79.28 79.07 112.95 108.27 15.84 32.60 64.31 63.74 16.64 63.54 8.71 26.55 45.64 145.26 59.34 67.34 13.58 32.09 87.12 87.15 169.37 226.29 108.13 46.89 124.94 15.96 54.94 254.43 12.03 43.57 23.01 18.93 19.64 109.07 34.97 30.70 133.44 24.08 40.49 50.23 39.52 24.96 27.07 11.28 77.64 48.87 30.86 33.42 15.39 28.94
104.35 79.17 76.33 112.70 107.14 15.96 30.48 64.86 63.00 16.03 62.53 8.50 26.19 43.38 144.60 57.44 67.61 13.61 31.35 86.32 82.62 165.95 223.23 106.51 47.03 126.62 15.99 56.51 247.22 11.80 43.29 23.39 18.97 19.01 105.89 33.86 30.66 130.36 23.23 40.67 49.91 39.54 24.79 26.87 11.35 75.17 47.61 31.56 33.33 15.36 28.85
103.55 78.32 79.13 111.06 105.31 16.05 30.03 65.61 59.48 15.99 61.23 8.47 26.01 42.22 144.03 56.72 67.72 13.53 32.68 84.63 82.03 161.94 221.10 106.39 48.20 133.73 15.24 55.14 243.61 11.11 43.27 23.21 18.59 19.27 105.48 34.49 29.73 128.77 22.43 39.61 48.82 39.00 24.92 26.62 11.11 74.18 47.88 32.20 32.67 15.43 29.04
103.53 78.00 75.65 108.29 103.62 15.83 31.67 65.59 59.24 15.73 61.78 8.54 27.60 40.67 141.38 57.59 68.86 13.33 34.87 84.02 82.26 170.97 225.65 107.56 47.18 135.50 15.58 55.00 240.21 11.14 43.51 22.70 18.24 19.49 103.53 33.04 28.99 122.24 21.71 40.14 49.16 39.02 24.97 26.34 11.21 72.34 47.64 31.98 32.20 15.42 29.96
105.34 80.47 77.07 107.52 103.53 15.99 31.90 67.07 60.89 15.84 61.85 8.87 28.13 41.27 146.57 60.29 69.97 13.38 37.35 85.38 84.09 175.38 220.23 107.63 50.25 137.89 16.49 56.21 240.96 11.07 43.98 22.78 18.37 19.32 104.43 34.56 29.49 124.71 21.99 40.15 49.50 40.51 25.09 26.62 11.29 73.75 48.74 33.64 32.63 15.74 30.67
106.82 81.99 78.26 107.06 107.12 15.87 31.65 67.58 62.70 16.05 65.37 8.78 28.46 40.95 148.80 60.29 73.05 13.38 38.66 87.72 84.29 174.03 229.10 107.27 51.54 139.16 16.46 56.70 250.99 11.12 44.42 23.69 19.88 19.20 108.04 35.64 29.44 128.74 21.01 38.20 49.58 41.44 25.16 27.07 11.36 76.77 48.71 34.76 32.62 15.86 30.12
105.67 81.17 74.77 105.79 107.15 15.19 29.70 66.20 62.31 15.78 64.21 8.58 28.41 39.87 145.56 59.14 69.03 13.07 36.23 86.22 79.86 180.95 238.73 109.52 50.06 134.52 16.32 55.58 247.98 11.01 44.13 24.10 19.61 18.81 108.08 37.50 30.05 133.34 20.72 38.86 47.63 41.38 24.81 28.25 11.33 73.56 47.14 33.65 32.65 15.95 30.28
107.09 80.12 75.48 106.00 107.86 15.14 30.34 67.49 62.71 16.37 64.48 8.72 28.82 41.31 145.96 60.90 72.97 13.08 39.05 92.44 82.52 178.14 243.11 110.41 51.47 129.01 16.58 57.61 255.63 11.27 44.04 24.58 20.06 19.25 109.49 36.80 30.24 132.46 20.83 39.98 47.52 41.74 25.17 27.87 11.60 73.87 48.73 34.30 32.62 15.92 30.66
106.03 80.25 75.94 104.92 105.56 15.21 30.51 65.78 62.42 16.60 65.31 8.61 28.65 42.30 142.95 61.31 73.10 12.55 38.57 89.40 83.94 180.70 230.37 107.34 50.79 129.34 15.89 57.05 249.73 11.18 42.89 24.36 19.61 19.47 109.71 34.40 30.11 125.76 21.54 37.58 48.08 41.56 24.92 28.02 11.61 75.56 48.50 33.43 31.60 15.81 29.50
105.83 80.63 76.35 106.14 107.23 15.25 30.90 66.74 61.58 16.15 66.45 8.49 27.02 43.03 143.06 61.01 72.14 12.26 38.51 90.32 82.05 177.18 224.40 107.97 50.93 126.37 15.78 56.61 247.86 11.25 43.24 23.84 20.14 19.61 111.72 35.35 30.03 129.15 21.59 36.98 48.16 42.44 24.65 27.86 11.69 74.36 47.80 33.41 32.51 15.48 29.64
105.30 80.88 76.22 105.67 109.39 15.33 30.01 67.03 61.67 16.12 66.79 8.70 26.42 41.72 145.43 59.57 72.70 12.22 35.61 86.80 82.51 173.56 223.41 107.93 49.71 127.09 16.15 57.63 251.49 11.23 44.88 23.62 20.50 19.61 111.81 34.31 29.45 126.66 20.80 38.31 49.63 42.78 24.62 27.71 11.65 72.31 47.77 34.28 31.87 15.29 28.48
104.17 76.72 75.26 101.95 111.13 14.98 28.80 66.23 61.15 15.82 63.50 8.45 26.17 41.55 144.09 58.60 70.78 11.81 35.60 87.42 80.34 166.84 220.77 107.96 51.42 130.28 16.92 58.40 248.19 11.37 44.35 23.32 20.44 19.95 107.84 35.17 28.98 127.79 20.38 38.75 47.24 42.44 24.40 27.31 11.55 68.50 47.40 34.63 32.25 15.22 28.02
103.98 76.40 75.62 101.27 110.98 15.11 28.26 65.88 59.93 16.03 64.30 8.25 26.32 42.20 142.66 58.89 70.16 11.42 37.14 83.67 76.80 167.54 224.79 107.39 54.31 138.37 16.94 56.06 246.12 11.26 43.69 23.09 19.89 19.57 104.70 36.23 28.35 123.09 20.50 37.72 51.04 41.64 24.58 26.66 11.58 70.61 46.63 33.98 31.36 14.67 28.29
103.95 74.26 75.30 101.70 109.59 15.08 27.76 65.37 60.54 16.31 62.83 8.14 26.32 41.43 143.39 59.81 70.72 11.28 39.16 85.59 77.16 170.64 224.35 105.16 56.25 133.17 16.79 57.37 243.02 11.42 45.19 22.97 19.64 19.77 103.20 35.57 28.73 125.76 19.22 36.04 50.39 41.86 25.11 26.53 11.48 72.64 46.86 34.46 31.25 14.74 28.11
105.98 74.28 76.94 101.14 113.08 15.56 27.90 66.69 63.30 16.36 64.90 8.16 27.06 41.83 148.81 58.84 69.56 11.58 38.91 87.36 80.69 165.79 232.33 106.20 56.41 135.47 17.29 58.94 254.51 11.63 45.31 23.95 20.04 19.80 107.73 35.92 28.82 130.89 20.51 37.26 51.69 42.66 25.65 26.77 11.98 75.56 47.55 36.13 31.42 15.30 29.28
104.70 73.74 77.07 99.81 114.30 14.60 27.99 66.36 61.28 16.81 65.06 8.19 26.98 41.47 148.78 57.10 67.32 11.39 39.01 89.27 80.45 164.17 235.22 105.57 56.73 130.84 17.22 57.86 249.48 11.34 42.04 23.57 19.59 19.42 107.71 35.23 29.19 127.88 20.64 35.18 48.93 42.19 25.39 26.86 11.90 70.15 47.07 35.68 31.79 15.68 29.00
105.23 74.02 75.27 98.23 114.64 14.90 27.61 65.27 61.38 16.73 65.75 8.01 26.10 42.43 153.96 56.10 68.69 11.36 38.81 92.13 83.12 162.78 231.04 104.50 58.53 132.09 16.76 57.77 258.63 11.25 44.12 23.44 19.95 19.62 110.33 35.43 29.71 128.85 20.44 36.70 50.51 41.53 25.24 26.74 11.75 71.42 46.94 37.32 31.92 15.37 29.35
106.16 74.99 78.28 98.33 113.71 15.74 28.09 64.66 61.52 16.74 68.19 7.97 26.41 43.25 155.85 54.54 68.39 11.40 38.53 94.73 86.00 171.45 233.39 103.27 57.96 129.62 16.63 58.62 258.43 11.33 45.09 23.51 19.99 19.41 111.69 36.26 29.78 135.31 20.33 36.02 51.66 42.30 25.32 26.40 11.76 73.26 46.61 37.35 31.94 15.94 29.46
106.36 75.94 81.67 98.87 109.67 16.09 28.23 65.02 63.47 16.90 68.26 8.21 26.74 45.08 161.09 54.96 69.89 11.32 37.90 94.67 82.36 173.19 233.19 104.11 58.13 131.15 16.42 59.09 258.12 11.02 47.41 23.33 20.24 19.05 112.93 36.69 29.44 122.51 20.93 36.14 53.19 41.60 25.69 26.44 11.22 71.75 47.28 38.17 31.96 16.18 29.57
106.34 74.63 78.74 98.92 108.43 16.09 29.53 65.55 62.58 16.52 67.06 8.15 26.51 44.98 160.39 54.03 69.73 11.59 35.77 95.79 81.52 173.18 233.05 102.95 58.38 134.58 16.68 58.05 257.34 11.33 45.29 23.01 20.88 18.83 111.85 36.73 29.47 126.62 20.65 36.52 52.37 41.50 25.75 26.28 11.34 72.61 47.71 38.92 32.40 15.83 28.96
106.18 73.95 78.78 96.34 106.81 15.58 30.60 65.47 63.15 16.45 67.81 8.20 26.25 43.87 161.09 54.74 68.04 11.54 35.63 94.99 80.21 171.77 234.64 107.25 57.51 132.38 16.55 56.73 259.79 11.48 45.83 23.11 21.16 18.78 109.34 38.14 29.04 128.07 20.15 35.43 51.04 41.59 25.34 26.76 11.38 72.45 47.91 39.55 32.53 15.82 28.57
105.84 72.73 78.76 97.50 106.65 15.49 29.53 65.47 63.16 16.69 66.66 8.29 26.77 45.27 160.82 53.32 68.59 11.20 34.44 94.90 77.73 178.07 232.06 106.63 57.94 126.57 16.45 56.08 258.50 11.42 46.63 22.85 20.98 18.90 107.97 38.44 28.54 125.24 19.74 36.44 51.12 40.95 25.78 26.57 11.29 72.23 47.68 39.92 33.13 15.96 29.49
105.81 72.58 78.66 98.27 105.38 15.37 28.90 66.59 63.52 16.58 68.91 8.22 26.30 44.10 161.57 52.43 69.66 11.05 33.22 97.20 78.38 189.03 224.63 105.06 58.51 123.70 15.95 55.59 258.26 11.36 45.14 22.72 20.51 18.86 110.02 36.03 29.09 125.09 19.54 36.87 51.64 41.50 25.72 26.23 11.38 72.37 48.70 40.30 34.05 16.42 30.48
108.00 74.61 80.25 97.56 103.16 15.13 29.30 67.66 64.47 16.75 70.09 8.28 25.96 44.61 165.98 51.75 69.71 11.49 32.98 99.38 80.12 207.53 223.38 106.68 61.01 129.05 15.79 56.76 271.26 11.28 47.12 22.86 20.61 18.75 113.05 38.23 29.73 133.34 19.70 37.84 55.35 42.34 26.20 25.83 11.55 73.51 50.12 41.28 33.97 16.62 30.70
106.63 75.07 78.59 95.80 105.28 14.52 29.13 67.92 63.83 16.15 69.45 8.41 25.20 42.56 168.45 53.02 65.19 11.45 31.48 96.12 82.89 203.51 222.91 105.69 59.65 129.90 15.64 56.26 270.72 10.88 45.58 22.41 20.44 18.80 111.96 36.99 28.83 130.55 19.87 35.12 56.16 41.10 25.87 25.58 11.90 73.18 49.91 40.29 33.45 16.38 30.70
103.24 72.21 75.50 94.14 100.75 13.60 29.17 67.50 61.72 16.00 68.22 8.27 24.28 40.26 164.06 52.13 63.26 11.20 29.97 93.56 80.03 194.14 214.94 103.37 56.79 126.35 15.22 55.75 266.94 10.53 41.47 21.49 20.17 18.39 109.56 33.67 27.59 120.85 19.16 33.16 54.60 40.31 25.86 24.74 11.77 70.51 48.98 39.46 33.04 16.11 29.90
101.60 72.26 75.51 92.04 100.76 13.24 28.21 68.79 61.01 15.24 69.37 7.98 23.99 38.63 160.88 51.26 61.22 10.97 29.74 91.44 79.61 194.67 208.60 103.09 55.96 124.94 15.06 55.76 267.65 10.10 42.81 20.74 20.49 17.91 106.28 32.62 27.83 114.41 19.61 32.44 52.84 39.65 25.52 24.07 11.90 69.26 48.15 38.12 33.07 15.47 29.00
103.47 72.37 76.65 93.92 98.23 12.88 28.26 69.53 62.97 15.39 70.13 8.17 24.28 39.15 163.09 52.34 64.23 11.07 30.82 94.23 80.62 199.73 213.92 102.57 57.63 130.91 15.42 57.86 273.03 10.31 43.95 20.97 20.63 17.91 107.09 34.05 27.71 127.56 19.42 31.23 54.60 40.27 25.90 24.61 12.04 69.01 48.75 39.14 33.71 15.23 29.25
103.56 73.00 77.95 94.19 97.94 12.53 27.16 69.34 64.32 14.52 73.17 8.18 25.06 38.05 166.97 52.48 64.04 10.91 32.73 97.65 80.65 190.39 213.12 100.22 58.98 130.70 15.66 59.65 275.30 10.49 44.70 21.04 20.88 17.51 104.65 33.96 27.98 124.93 19.85 31.32 56.70 40.18 25.91 25.06 12.34 67.82 49.44 37.86 33.89 15.34 29.69
103.55 73.81 78.21 95.53 98.14 12.73 27.19 69.80 63.74 14.46 72.58 8.26 25.61 37.77 167.39 53.85 62.23 11.24 33.68 95.45 80.22 190.62 221.39 102.49 59.43 127.33 15.69 60.63 274.35 10.46 42.55 21.11 20.08 18.05 105.44 34.37 28.28 119.86 19.29 31.96 55.41 40.76 25.66 25.38 12.43 67.01 49.98 37.47 33.65 15.30 30.10
103.92 75.48 76.56 95.46 96.52 13.19 27.34 69.33 63.16 14.30 71.60 8.35 26.45 37.56 167.04 51.36 61.19 11.41 34.15 95.26 80.13 193.36 226.30 102.97 59.13 129.41 15.80 61.41 276.82 10.75 41.99 21.30 20.71 18.04 103.62 36.02 28.44 120.16 19.27 32.24 55.36 41.17 25.41 25.62 12.34 65.08 49.99 38.61 33.37 15.60 31.37
103.53 75.01 80.71 96.94 96.14 13.64 26.62 70.62 64.68 14.03 71.57 8.42 26.18 37.45 168.22 52.84 61.97 11.28 34.85 94.35 80.45 195.86 222.72 104.49 57.76 131.68 15.64 61.99 281.96 10.51 42.11 21.03 20.28 17.80 104.38 35.65 28.27 114.46 18.84 32.16 52.95 40.81 25.48 24.93 12.00 66.60 50.26 37.91 33.41 15.34 30.84
102.54 73.76 79.42 94.86 96.43 13.07 26.09 69.56 62.90 14.43 71.76 8.39 26.08 36.61 166.86 53.52 60.28 11.02 34.13 90.28 80.90 193.72 221.60 103.51 56.60 130.48 15.47 60.35 279.21 10.32 44.31 20.76 20.61 17.57 104.22 34.53 28.87 112.75 18.28 32.06 52.83 40.40 25.31 24.69 11.86 65.94 49.98 38.98 33.35 15.01 29.57
103.23 74.02 80.88 94.07 95.54 12.96 26.30 69.12 64.14 14.27 70.59 8.39 25.53 35.46 164.16 54.48 58.38 10.84 34.85 91.39 81.38 200.62 224.46 104.64 59.73 138.77 15.42 62.83 280.49 10.62 44.65 20.67 20.76 17.51 104.94 36.45 28.41 112.97 19.18 30.42 52.08 41.11 25.60 24.84 11.78 66.13 50.34 39.10 34.15 15.42 29.08
101.45 73.52 79.86 91.63 94.77 12.72 25.24 69.27 61.98 14.20 69.46 8.21 24.77 36.64 161.32 52.94 56.23 10.51 35.29 89.37 81.70 193.72 220.76 103.97 59.37 138.54 14.98 61.60 275.48 10.49 43.22 20.30 20.49 17.36 103.59 35.71 28.14 112.49 18.37 29.78 50.05 40.42 25.54 24.48 11.40 65.15 49.83 38.46 34.25 14.94 27.91
100.51 73.69 78.75 90.06 93.36 12.39 24.49 67.15 61.88 14.19 70.05 8.16 24.24 35.57 160.63 52.73 56.77 10.31 35.42 89.36 81.08 188.10 220.23 104.53 61.26 135.98 14.85 59.01 281.55 10.10 45.73 20.02 20.87 16.84 103.51 34.85 28.02 112.27 17.75 27.92 50.02 40.68 25.32 24.02 11.45 62.73 49.42 38.15 34.41 14.43 28.66
102.62 74.69 80.97 92.39 91.33 12.55 24.72 69.87 64.06 14.33 74.23 8.35 24.79 34.76 160.67 52.44 57.12 10.32 36.75 90.80 80.62 199.45 225.07 102.31 64.84 141.31 15.57 61.00 297.07 10.39 47.07 20.49 20.42 17.08 105.92 36.16 28.43 114.25 17.91 28.18 49.76 41.05 25.65 24.50 11.74 66.42 50.41 38.21 35.39 14.09 29.48
101.55 73.92 81.75 91.43 91.88 12.24 24.34 69.32 61.41 14.39 75.05 8.40 25.08 35.45 165.76 51.15 57.07 9.94 37.59 91.68 80.06 194.01 222.99 100.10 62.93 134.94 15.43 60.96 300.16 10.58 44.75 20.00 20.27 16.97 106.49 34.88 28.29 109.21 17.19 26.99 50.18 40.48 25.69 24.07 11.84 64.70 50.57 37.00 35.60 14.53 29.23
103.13 74.13 84.15 93.51 94.64 12.33 24.27 69.36 61.73 14.63 75.51 8.47 25.40 36.87 167.40 53.85 57.96 10.02 37.79 91.06 79.01 195.07 216.87 102.22 65.34 140.91 15.60 61.40 299.86 10.68 44.48 20.24 20.36 17.34 106.08 37.16 28.88 117.61 17.65 29.11 49.50 40.80 25.85 24.71 11.79 64.66 51.17 38.32 35.27 14.95 29.43
103.66 72.70 88.65 92.07 97.03 12.31 25.08 68.92 61.74 14.64 76.51 8.84 25.76 36.89 166.43 53.21 57.45 10.32 37.60 92.70 77.77 193.90 219.65 103.10 64.28 143.01 15.40 62.55 304.75 10.96 40.55 20.57 20.15 17.16 107.17 37.73 29.28 116.99 17.92 29.74 49.45 40.76 26.03 24.95 11.63 65.27 52.38 38.75 35.66 14.83 30.08
104.97 74.29 89.98 93.61 95.86 12.68 24.48 70.84 65.24 14.87 79.17 9.12 25.85 37.63 169.28 53.86 57.28 10.32 38.81 91.97 78.44 198.02 220.11 106.60 64.03 143.78 15.44 61.52 308.73 11.18 42.46 20.39 20.70 17.48 110.68 36.31 29.85 121.41 17.93 29.82 52.80 40.40 26.06 25.34 12.02 67.69 53.33 39.01 35.78 14.59 29.80
107.31 74.73 95.42 96.07 96.98 12.93 25.50 73.83 64.69 15.36 82.45 9.21 25.92 38.40 170.04 54.75 57.32 10.86 41.37 93.71 77.48 201.04 223.96 110.68 64.52 151.31 15.38 63.39 312.84 11.47 45.43 20.38 21.13 17.86 114.78 35.85 30.05 131.23 18.25 28.60 54.98 40.62 26.75 24.94 12.45 68.43 54.93 40.27 36.19 14.44 30.13
107.84 75.12 99.08 97.23 98.48 12.64 25.92 73.96 68.74 15.38 83.43 9.32 26.53 37.84 170.31 53.64 57.66 10.83 42.47 96.79 78.39 200.34 237.44 109.17 64.46 147.50 15.57 63.22 309.50 11.72 46.60 20.92 20.48 18.26 116.98 33.63 30.07 125.31 18.50 28.33 56.22 40.65 26.56 25.59 12.86 66.01 55.71 40.49 35.74 14.42 30.70
109.35 76.77 101.68 99.72 101.30 13.02 26.93 73.68 70.61 15.68 86.23 9.29 27.22 39.15 173.63 54.58 58.37 10.79 43.49 100.43 78.65 197.03 241.11 110.07 65.93 149.97 15.29 64.11 318.74 12.02 45.89 20.70 19.98 18.49 120.65 34.89 30.86 124.65 18.34 26.99 60.47 41.04 27.15 25.81 12.52 67.52 57.18 40.65 36.56 14.63 30.07
109.77 76.75 104.76 100.69 98.72 13.13 27.92 75.12 71.15 15.51 86.09 9.24 26.66 38.76 174.03 53.94 57.93 10.58 44.21 99.60 77.24 209.82 243.00 111.16 67.76 152.64 15.08 63.47 320.00 11.95 45.41 21.08 20.18 18.39 120.73 36.89 30.91 124.15 18.65 27.12 58.98 40.29 26.89 25.52 12.18 68.06 57.69 38.83 36.83 14.88 29.76
108.56 76.35 105.98 101.63 96.76 12.97 28.86 75.59 70.12 15.51 84.77 9.35 25.82 39.28 172.18 54.43 59.37 10.61 43.63 96.34 75.33 194.32 245.12 104.88 65.96 151.30 15.22 61.88 315.78 11.75 43.58 20.91 20.21 18.26 119.25 36.68 30.90 119.30 18.77 25.67 58.79 40.03 26.68 25.62 12.21 64.24 58.15 39.47 36.27 14.70 28.48
109.80 77.15 110.40 104.12 96.04 13.29 29.10 76.61 69.70 15.97 86.57 9.71 25.80 40.29 176.96 56.12 60.71 10.73 43.12 99.02 78.00 193.27 239.26 107.72 64.82 146.89 15.37 63.45 318.46 11.74 42.06 21.34 20.45 19.15 122.97 35.64 31.17 112.67 19.45 26.03 63.77 40.45 27.31 25.83 12.82 64.43 60.99 40.24 36.37 14.62 29.00
108.83 78.10 108.81 104.04 95.45 12.81 28.39 76.18 67.88 15.70 85.57 9.81 24.99 39.14 170.51 54.98 59.42 10.87 41.16 96.93 77.08 204.09 239.76 106.42 65.26 142.60 15.06 62.80 318.49 11.42 43.12 21.26 20.49 19.23 122.24 36.35 31.20 113.16 19.17 26.45 59.92 40.13 26.72 25.61 12.58 63.39 60.90 40.48 35.96 14.19 28.20
107.23 74.93 106.50 103.74 93.69 13.49 28.91 75.82 68.05 15.23 85.59 9.86 24.71 39.26 170.95 52.71 57.35 10.27 38.60 94.68 79.60 185.90 241.69 103.82 63.22 138.50 14.96 61.29 312.72 11.41 43.80 21.07 19.85 18.97 120.35 36.60 30.74 113.38 18.20 25.27 58.71 39.92 26.19 25.62 12.89 64.28 59.73 40.09 36.28 14.17 28.19
106.59 72.99 107.99 103.44 94.18 13.61 28.32 75.83 66.12 15.40 85.19 9.72 24.52 38.65 170.79 53.83 56.88 10.34 37.32 93.34 77.53 187.29 236.48 102.43 62.47 136.98 15.33 61.75 301.72 11.49 41.97 21.09 19.96 19.15 119.35 37.93 31.02 107.96 18.22 24.95 59.81 39.65 26.26 25.50 12.72 63.11 59.66 39.34 35.52 14.25 28.47
106.32 72.96 104.55 105.49 93.86 13.30 27.99 75.79 64.98 15.29 86.01 9.57 25.18 37.13 170.99 52.71 56.84 10.14 37.37 93.34 77.64 190.89 231.24 101.03 61.50 133.57 15.61 60.51 299.37 11.65 40.41 21.33 19.97 19.17 122.94 38.98 30.61 109.31 17.73 26.47 60.53 39.74 26.00 25.68 12.82 62.09 59.57 38.48 35.32 14.55 28.74
105.56 72.95 106.50 105.77 93.70 13.15 27.17 75.44 64.12 15.43 85.30 9.75 24.69 37.32 173.01 54.23 57.42 10.18 36.92 91.92 77.49 188.08 228.49 100.27 61.84 129.81 15.25 60.65 304.13 11.47 40.40 20.77 20.46 19.26 122.86 36.74 30.46 106.55 17.99 25.14 59.17 38.87 26.23 25.21 13.01 60.92 59.48 38.12 34.74 14.38 28.74
106.63 74.14 105.13 107.19 96.36 12.98 27.76 75.19 64.98 15.35 89.21 9.81 24.54 37.24 173.25 55.15 56.35 10.25 36.14 92.20 77.14 195.12 226.86 100.45 62.23 132.38 15.52 61.13 309.98 12.05 42.99 21.15 20.22 19.23 125.52 34.77 30.71 104.71 17.65 25.10 60.89 39.10 26.62 26.17 13.10 60.21 60.85 39.82 35.36 14.34 28.28
106.12 73.32 103.74 105.96 95.62 12.47 27.95 74.13 65.12 15.39 85.72 9.60 24.67 37.27 170.00 53.20 56.84 10.04 34.92 93.02 78.85 201.19 224.10 99.54 61.37 127.06 15.84 61.86 306.35 11.84 44.14 21.19 19.57 19.26 124.97 33.90 31.47 104.89 18.34 23.93 62.16 38.88 26.42 26.02 13.24 60.83 60.31 39.52 35.91 14.18 28.35
105.74 75.48 106.06 106.22 92.93 12.28 28.34 74.64 64.60 15.09 84.85 9.71 24.21 35.74 167.06 53.95 57.44 10.02 34.41 96.34 78.42 197.28 230.90 99.33 62.42 124.47 15.76 60.42 295.36 11.55 44.42 21.13 19.84 18.84 121.69 34.34 30.57 105.65 18.38 23.43 64.40 38.43 25.98 26.25 13.23 59.74 59.22 39.58 35.27 14.61 27.89
105.03 73.06 104.35 105.64 92.87 12.01 28.36 76.17 63.62 15.09 83.81 9.54 24.30 35.18 162.78 55.31 56.47 9.83 33.55 92.80 75.29 204.56 229.21 95.30 63.65 124.00 15.79 58.59 283.51 11.41 43.73 21.46 19.47 19.07 118.64 33.04 30.38 104.24 17.75 22.93 64.17 38.34 25.74 26.10 13.20 60.75 58.36 39.55 35.82 14.77 27.74
105.26 71.62 102.79 104.88 94.27 11.55 28.81 75.94 64.03 14.92 80.85 9.58 24.12 34.44 161.15 53.27 55.69 9.59 35.34 90.47 77.90 206.25 241.16 94.17 62.32 126.47 16.12 57.98 283.21 11.16 45.18 21.33 20.38 18.85 119.88 34.63 30.36 109.33 17.25 23.56 64.76 38.47 25.69 25.96 12.79 59.64 59.57 40.70 35.72 14.73 27.07
105.95 72.29 102.28 105.49 97.14 11.88 28.47 77.80 63.42 15.41 81.07 9.62 24.44 34.64 161.17 53.20 55.51 9.71 36.50 91.02 81.33 205.67 246.17 96.07 62.19 121.38 16.39 58.97 279.45 11.23 46.67 21.92 21.06 18.89 119.38 36.12 30.89 108.89 17.78 24.46 62.06 38.72 25.46 25.52 12.66 60.79 60.20 40.99 36.49 14.61 27.93
106.39 72.36 100.81 105.52 94.82 12.54 29.86 78.34 64.58 15.79 81.68 9.54 24.27 35.78 162.80 54.43 56.55 10.07 35.87 90.60 81.61 206.33 249.23 97.57 60.51 117.26 16.86 59.41 287.25 11.14 48.08 22.00 21.00 19.17 120.62 34.64 30.90 107.82 17.85 25.08 64.61 38.34 25.57 25.66 12.80 60.20 60.15 38.48 36.80 14.47 28.63
105.77 71.28 101.18 105.73 95.86 12.91 30.16 78.71 62.55 15.30 79.80 9.59 24.65 36.29 160.92 54.80 55.72 9.99 36.39 92.56 79.68 198.27 243.16 95.07 59.84 120.58 16.46 59.04 282.80 11.29 49.12 21.99 21.31 18.86 122.22 34.49 30.56 106.00 17.19 25.24 61.41 38.51 25.88 25.01 12.33 59.87 59.83 39.86 37.12 14.99 28.59
104.46 71.13 97.44 105.56 94.41 12.95 29.37 77.18 62.03 15.15 78.88 9.61 24.69 35.20 160.35 55.48 54.15 9.82 37.26 85.57 79.27 197.88 242.33 92.49 60.47 112.07 15.98 58.45 280.20 11.16 46.93 22.19 21.96 19.01 117.42 35.05 29.73 107.46 16.70 25.28 58.11 38.78 25.50 25.16 12.18 58.34 58.94 39.38 36.82 14.73 29.18
103.88 70.94 97.60 104.78 95.32 12.98 29.17 75.32 61.89 14.78 77.74 9.48 24.05 34.83 160.12 54.59 54.35 9.74 37.73 87.71 76.20 185.78 244.95 92.10 59.45 111.12 16.41 56.11 275.35 10.87 46.44 22.47 21.27 19.25 115.62 33.23 30.06 110.94 16.74 26.73 61.04 38.40 25.29 25.65 11.98 57.47 58.96 39.34 36.38 15.02 29.23
104.03 72.25 101.17 106.76 97.42 13.44 28.81 77.99 61.62 14.93 79.99 9.48 23.95 35.37 163.24 55.90 55.75 9.75 36.45 88.47 77.25 173.02 248.93 88.60 58.64 108.57 16.15 56.30 279.53 11.19 45.45 22.18 21.96 19.98 117.31 33.85 29.43 101.36 16.65 27.53 60.37 38.41 26.05 25.98 12.08 58.50 59.02 40.12 36.25 15.08 28.51
104.76 73.33 100.91 107.44 97.90 13.71 28.67 78.35 61.38 14.83 81.32 9.56 24.47 35.26 161.44 56.33 57.09 9.91 36.62 90.98 76.11 184.82 250.52 88.34 59.00 109.93 15.98 57.60 277.26 11.11 46.08 22.11 21.19 20.12 117.09 34.53 28.92 98.73 16.84 27.90 59.93 38.76 26.16 26.18 12.07 59.95 58.41 41.02 36.68 15.44 29.40
104.91 74.03 100.91 105.43 97.44 13.99 29.25 77.79 62.79 14.47 81.47 9.35 25.08 35.12 164.02 54.65 56.44 10.18 36.50 94.10 76.08 187.86 251.52 86.27 60.24 108.14 16.00 58.64 277.98 11.24 45.23 22.32 20.64 20.32 118.96 32.74 29.32 93.13 16.84 27.52 60.91 38.66 26.05 26.28 12.20 60.73 59.80 40.42 36.18 15.44 30.48
104.94 74.24 99.62 104.13 98.43 13.79 29.85 76.45 63.31 14.48 81.81 9.35 24.31 34.21 166.90 54.43 57.77 10.49 36.82 89.87 78.17 197.60 248.47 88.53 60.64 108.83 15.60 59.57 277.40 10.73 44.67 21.75 20.54 19.58 118.39 34.67 29.88 97.52 16.09 28.15 61.32 38.48 26.25 25.51 12.24 59.33 60.57 38.69 36.42 14.91 29.52
103.33 72.07 94.74 103.22 97.01 13.78 30.14 76.51 62.45 13.33 81.70 8.99 24.57 32.05 163.94 53.30 58.00 10.42 36.65 88.29 78.13 193.99 250.83 90.69 60.40 103.36 15.53 57.17 276.14 10.74 42.18 21.75 20.34 19.09 114.28 33.91 29.34 95.72 16.26 26.35 57.85 38.56 25.63 25.65 12.12 57.63 58.67 39.49 35.99 14.67 28.98
102.02 71.43 93.60 102.65 95.67 13.55 29.59 76.75 61.12 13.04 80.01 8.72 24.76 31.95 164.19 52.09 58.02 10.18 35.78 85.64 79.15 196.65 244.37 88.96 58.88 103.34 15.21 55.17 264.79 10.34 40.24 21.35 20.73 18.73 113.38 33.62 29.33 99.94 16.02 26.22 55.17 37.85 25.58 25.40 11.78 56.97 58.27 38.41 35.21 14.79 28.33
101.99 71.15 90.14 101.94 96.95 13.55 29.24 75.05 59.94 13.18 80.59 8.80 25.15 32.15 163.81 51.23 57.24 10.37 36.82 89.55 78.36 194.71 238.44 89.00 59.52 105.20 15.40 54.75 263.45 10.28 39.86 21.31 20.38 18.69 113.53 33.67 29.69 99.29 17.21 26.26 55.01 37.61 25.60 25.61 11.48 55.78 58.02 38.53 35.19 15.13 29.71
101.26 70.64 90.40 101.00 98.14 13.41 28.49 74.23 60.62 13.37 81.80 8.78 25.05 32.34 162.78 51.20 57.57 10.51 36.15 88.67 76.09 189.89 228.51 89.61 56.18 99.60 15.50 54.16 271.54 10.33 38.50 21.30 21.08 18.73 114.30 32.71 29.11 101.78 16.94 24.80 53.90 37.87 26.06 25.31 11.26 55.44 59.66 38.32 34.65 15.07 29.47
101.23 70.51 92.36 103.31 96.19 13.60 28.09 75.72 60.29 13.38 82.73 9.08 26.16 32.05 162.73 51.02 58.58 10.80 34.23 91.50 75.28 174.42 227.00 88.60 54.84 96.49 15.81 54.39 267.75 10.40 40.75 21.51 21.76 18.98 117.95 31.24 29.45 102.77 17.48 23.46 54.66 38.29 26.41 24.99 11.59 55.77 60.73 37.68 35.21 15.24 29.48
101.69 70.39 92.58 107.20 98.73 13.67 27.39 75.47 61.26 13.25 81.21 8.82 27.05 31.09 163.07 52.95 58.39 11.12 34.53 90.86 74.78 174.98 229.60 88.98 55.78 100.69 15.80 53.27 260.71 10.52 40.69 21.99 21.94 18.89 118.16 31.39 30.14 105.67 18.11 22.93 55.15 38.97 26.49 25.30 11.48 55.64 60.54 37.38 35.15 15.42 29.66
101.25 70.01 91.06 106.52 99.18 13.96 25.35 74.84 57.56 13.42 83.29 8.70 26.71 29.76 159.38 51.50 59.24 11.05 34.52 93.13 74.96 182.34 227.78 89.52 56.28 101.09 16.11 52.93 257.77 10.35 39.55 22.76 21.77 18.49 117.48 31.69 29.87 104.98 18.07 24.41 51.54 39.54 26.51 25.65 11.36 54.98 60.14 36.79 36.17 15.37 28.79
99.75 72.28 89.50 104.85 97.26 13.81 24.59 73.38 57.84 13.01 83.17 8.62 25.79 30.89 161.64 50.85 56.34 10.89 34.26 91.45 75.09 172.85 222.25 88.68 52.80 102.07 16.36 53.27 260.55 10.43 37.07 22.82 21.23 18.22 118.49 31.02 29.60 98.16 16.65 24.60 52.05 38.89 26.51 25.23 11.28 55.50 59.60 36.19 35.97 15.34 28.73
100.82 74.64 89.48 106.66 97.13 14.18 24.50 73.34 57.39 13.44 82.96 8.33 25.25 30.86 162.34 51.65 57.66 11.06 33.63 93.04 77.34 177.31 224.57 91.75 54.06 105.01 16.85 53.79 267.79 10.65 39.20 22.60 21.57 18.79 121.30 30.99 29.38 98.24 16.49 24.57 52.79 40.00 26.96 25.09 11.51 56.91 60.66 36.49 35.48 15.08 29.27
99.85 74.45 89.53 105.31 96.81 14.89 24.59 73.82 56.66 13.05 82.92 8.23 24.17 29.64 162.87 49.32 56.81 10.98 34.00 89.57 76.69 175.47 225.63 88.78 53.93 105.06 16.57 54.73 261.71 10.54 39.51 22.14 20.98 18.80 119.97 30.43 28.80 100.00 16.54 25.19 51.70 38.78 27.00 25.20 11.53 55.25 58.73 35.99 35.05 14.69 28.42
100.39 73.41 89.91 106.52 98.31 14.54 25.80 74.01 56.21 13.25 82.57 8.18 24.44 31.29 164.22 50.11 60.16 11.33 32.95 89.03 74.99 174.35 224.32 91.90 55.29 101.04 16.90 54.41 261.54 10.34 42.23 22.39 21.27 18.61 120.15 31.27 28.88 100.11 16.20 24.62 50.07 38.82 27.02 24.99 11.46 53.67 58.59 36.75 35.40 15.29 28.15
98.26 72.51 87.30 105.70 97.07 14.75 25.77 72.89 56.27 13.09 81.09 8.18 24.14 31.59 159.36 49.24 58.39 10.64 32.27 84.75 72.23 171.98 221.02 87.72 53.33 99.84 16.36 53.27 250.18 9.87 40.66 21.50 21.12 18.03 115.56 31.35 27.68 97.48 15.63 24.62 48.90 38.25 26.83 24.48 11.32 51.30 57.85 37.06 35.28 14.20 26.97
97.64 70.98 87.43 103.76 95.37 14.28 26.29 72.92 55.92 13.11 79.67 8.33 24.54 31.59 155.22 48.79 59.26 10.52 31.03 82.93 72.13 172.77 210.48 87.76 52.43 97.98 16.76 53.67 251.36 9.70 41.45 21.65 20.68 18.06 118.20 30.30 27.04 94.09 15.22 25.36 48.67 38.40 26.66 24.20 11.25 50.32 58.32 37.04 35.83 14.02 27.22
97.48 71.10 86.89 103.46 94.57 14.38 26.86 71.55 55.99 12.77 79.29 8.42 25.27 31.82 159.85 46.32 60.73 10.57 30.48 82.37 73.43 167.32 204.58 87.06 52.89 98.45 16.75 55.04 250.10 9.49 41.20 21.12 20.89 18.23 116.29 29.91 26.81 96.83 15.11 24.80 49.48 37.80 26.74 24.71 11.59 50.05 58.96 35.77 35.52 14.12 26.41
95.32 68.45 88.54 100.06 93.41 14.00 26.16 68.27 53.46 12.62 78.39 8.19 24.40 29.54 159.17 44.99 57.89 10.63 29.32 79.73 71.41 165.53 208.57 84.04 52.96 95.82 15.92 53.59 242.75 9.14 39.74 20.69 20.79 17.91 113.38 29.19 26.45 94.43 15.15 24.49 49.54 36.60 25.93 24.18 11.21 48.71 58.07 34.79 35.23 13.58 25.44
95.93 68.36 90.32 99.01 93.49 14.56 25.61 67.83 55.16 12.56 78.75 8.03 24.90 29.39 163.80 45.42 57.60 10.71 29.38 77.71 70.61 167.41 214.64 83.72 53.90 100.57 16.05 54.18 240.81 9.23 38.38 20.70 20.77 18.21 114.27 29.08 26.91 91.98 15.20 25.44 49.69 37.07 25.67 24.36 11.03 49.21 58.60 37.05 35.04 13.72 26.02
95.81 66.79 91.10 96.48 93.79 14.31 24.99 65.95 54.06 12.70 77.72 8.01 24.73 29.31 164.69 44.34 56.66 10.49 29.70 77.94 71.28 174.13 218.10 82.37 53.44 99.27 15.54 52.46 241.74 8.97 39.94 20.33 20.45 18.73 112.01 29.35 26.46 92.93 15.56 25.67 52.23 36.80 25.68 24.59 11.30 49.42 57.86 37.52 34.46 13.68 26.47
96.49 67.81 90.71 96.33 94.80 14.18 24.95 66.42 54.49 12.92 77.44 8.00 26.20 29.73 167.51 44.04 58.83 10.65 28.93 78.63 71.03 185.32 215.35 81.40 53.39 101.22 15.53 53.31 238.95 8.84 42.15 20.04 20.37 19.03 111.16 29.54 27.04 93.83 15.14 26.65 51.24 36.63 25.68 24.83 11.30 50.77 58.16 36.32 34.18 13.83 26.94
97.28 70.00 93.38 96.19 92.57 14.08 24.32 66.60 55.87 12.83 79.45 8.27 26.20 29.98 172.43 45.85 60.26 10.83 29.19 78.80 72.64 193.00 218.44 77.83 52.85 93.36 15.76 53.71 247.66 8.99 42.65 19.93 20.33 19.21 113.00 29.28 27.37 93.04 15.37 27.20 51.62 36.84 25.71 25.33 11.77 49.69 58.70 36.86 34.20 14.15 27.36
96.81 71.15 94.00 98.24 92.06 14.30 23.64 66.10 56.62 12.97 75.79 8.04 25.62 30.83 173.92 46.22 59.98 10.80 28.24 80.77 73.79 191.74 216.21 74.97 51.32 88.85 15.87 52.23 242.07 8.56 44.00 20.27 20.11 18.83 115.25 29.59 27.58 93.13 15.86 27.14 54.12 37.19 25.35 25.30 11.48 49.86 58.80 35.92 34.26 14.07 26.88
96.57 72.16 92.50 97.63 93.73 13.79 23.95 66.01 56.14 13.11 74.66 7.92 25.32 30.77 171.29 47.24 58.84 10.79 27.38 77.76 72.43 186.67 217.14 73.50 52.08 83.70 15.86 51.04 246.03 8.53 43.34 20.31 19.92 19.15 114.42 29.67 28.04 96.67 16.72 27.89 54.31 37.44 25.26 25.36 11.28 50.26 58.43 35.88 34.10 14.06 28.01
99.11 72.30 96.86 100.20 95.09 14.03 25.00 67.83 59.12 12.99 74.92 8.15 25.09 31.08 174.78 48.34 61.48 10.88 27.86 77.32 75.52 208.01 223.11 75.26 53.83 88.93 15.81 52.19 255.65 8.72 46.56 20.09 19.84 19.90 119.76 30.08 28.65 101.00 16.46 28.15 56.54 37.42 25.32 25.43 11.52 51.76 59.56 37.05 35.10 14.07 27.29
97.47 70.78 94.94 97.40 94.20 13.70 23.14 68.44 57.96 12.90 73.19 8.22 24.40 30.48 171.68 47.21 59.35 10.78 28.56 76.88 74.13 201.72 216.55 75.62 54.77 89.74 15.63 50.96 251.71 8.69 47.44 19.92 19.85 19.45 119.88 29.02 28.98 94.40 16.58 27.70 55.51 36.87 25.11 24.75 11.08 50.88 59.61 36.25 34.93 14.06 27.04
97.38 70.24 95.34 97.71 92.42 13.95 24.48 69.68 58.12 13.18 73.71 8.09 25.19 30.18 170.16 46.51 58.91 10.64 29.17 75.20 74.48 194.39 217.64 74.07 54.20 96.12 15.72 50.73 252.08 8.89 48.30 20.32 19.73 19.30 120.32 28.66 28.59 95.60 15.65 28.68 55.86 36.97 25.15 24.94 10.78 48.57 58.83 34.86 34.94 13.98 27.55
98.00 70.97 99.29 97.97 93.90 14.26 25.37 69.35 58.61 13.61 74.73 8.29 25.51 30.53 170.73 46.23 61.38 10.34 29.42 74.35 74.64 178.86 219.16 74.09 54.57 97.59 16.13 51.50 254.45 8.94 49.66 20.90 19.37 19.52 123.67 28.36 28.44 94.13 16.39 28.91 54.46 37.20 25.35 25.70 11.07 48.00 58.42 35.80 35.37 14.55 27.56
96.13 69.19 96.99 97.13 92.65 14.05 25.18 68.30 57.63 13.25 73.50 7.99 24.98 29.51 168.41 43.89 61.35 10.05 28.85 75.20 71.49 169.40 216.73 73.86 51.25 95.73 16.41 50.20 246.92 8.80 45.55 20.28 19.18 18.96 119.64 27.58 27.93 95.82 16.21 28.68 52.76 37.13 25.52 25.48 10.94 46.74 57.33 37.14 35.32 14.32 26.39
96.55 68.72 97.76 96.65 91.71 14.50 25.04 68.52 57.14 13.15 71.91 8.09 25.80 29.17 169.85 44.76 62.89 10.34 29.63 75.90 72.46 161.07 226.14 73.49 52.58 96.27 16.15 50.08 247.56 8.65 45.23 20.70 19.61 18.65 117.90 28.43 28.55 95.81 16.26 30.65 51.64 37.12 25.67 25.19 10.91 47.49 56.31 39.58 35.67 14.45 26.46
95.78 68.22 98.44 95.54 92.05 14.82 25.07 67.66 56.58 12.86 70.13 7.88 25.04 28.00 163.72 44.55 63.45 10.36 29.37 78.62 70.37 161.44 223.06 74.21 51.73 91.24 15.92 49.01 241.84 8.79 45.68 20.65 19.13 18.50 120.54 28.15 28.16 95.90 16.51 29.93 51.87 37.09 25.64 25.41 10.86 46.09 55.86 39.59 35.45 13.86 26.39
96.70 69.86 101.61 98.13 92.67 14.55 25.18 67.93 55.64 13.24 71.37 7.89 26.15 28.40 169.19 44.70 64.57 10.44 29.22 79.91 72.30 159.19 228.38 75.60 51.81 89.05 15.71 50.02 240.03 9.07 43.88 20.87 19.50 18.50 123.52 28.51 28.62 95.97 16.55 30.81 53.29 37.70 26.17 25.72 11.10 46.51 55.63 39.30 36.80 14.24 26.51
95.05 69.85 99.01 96.46 91.35 14.43 24.97 67.23 55.84 12.83 69.78 7.79 24.98 28.31 167.59 41.96 65.38 10.42 27.63 79.94 73.00 152.93 219.92 72.71 50.48 86.73 15.94 49.58 243.28 8.98 41.94 20.58 19.39 18.94 122.37 27.84 27.83 91.66 16.16 30.03 51.21 36.84 25.82 25.46 11.23 45.94 55.09 38.57 37.04 13.86 25.34
95.82 69.00 101.16 96.97 90.90 14.58 24.55 68.16 54.94 13.02 70.62 7.83 25.68 28.08 168.05 41.80 66.25 10.48 28.25 81.65 74.03 152.41 222.69 73.89 49.40 86.23 16.18 50.10 247.63 9.19 42.97 20.74 19.24 18.96 123.30 29.10 27.84 92.78 16.67 31.01 51.48 37.52 25.92 25.71 11.39 44.45 54.29 40.43 37.91 14.42 26.11
95.85 70.32 102.46 97.07 90.42 15.26 24.72 68.14 54.43 12.87 68.58 7.85 25.18 27.29 168.51 42.65 67.68 10.71 29.00 80.82 74.95 155.76 217.22 75.65 49.93 85.50 16.29 49.28 253.81 9.29 42.16 20.69 19.24 19.13 124.74 29.44 27.43 91.09 16.86 31.13 50.60 37.20 26.01 25.51 11.46 43.57 54.73 40.58 37.05 14.22 25.15
96.99 70.04 101.19 94.92 89.99 15.08 25.89 67.94 55.11 13.05 68.81 8.12 25.22 27.85 172.42 42.02 68.15 10.89 29.68 82.23 72.91 170.07 217.37 75.58 51.22 90.52 16.18 49.50 251.72 9.42 44.22 20.73 19.46 19.39 123.90 30.82 27.72 91.79 16.93 31.82 50.32 37.95 26.04 24.89 11.64 43.43 54.92 40.94 36.04 14.42 25.77
96.36 70.03 102.04 95.06 88.99 14.92 24.67 66.06 55.57 12.86 68.40 7.95 25.06 27.61 168.37 42.44 66.98 10.76 29.46 82.78 72.46 174.67 215.56 75.06 52.35 89.77 16.12 49.29 256.37 9.25 42.79 20.45 18.84 19.27 126.24 30.16 27.43 92.87 16.58 32.68 49.49 37.88 25.28 24.32 11.26 43.51 54.13 41.94 37.30 14.32 25.93
96.73 70.01 100.78 93.62 90.13 15.59 24.81 65.71 54.77 13.02 69.81 7.74 25.17 27.87 169.85 43.06 66.02 10.90 30.00 82.84 72.44 173.68 222.47 73.90 54.48 88.20 16.26 48.16 258.63 9.37 42.75 20.60 19.16 18.97 124.87 29.67 28.04 96.95 16.64 31.60 47.05 38.48 25.36 24.54 11.22 43.07 52.89 43.69 37.93 14.27 26.26
93.80 67.39 97.41 91.12 85.99 14.95 23.69 64.29 53.99 12.74 70.80 7.45 23.72 26.71 168.27 40.92 64.85 10.45 29.98 79.09 71.82 161.11 219.00 69.33 53.40 85.49 15.39 47.23 246.77 9.06 41.16 20.21 18.92 18.70 120.83 28.71 28.17 94.40 15.80 29.74 45.26 37.59 24.97 24.07 11.05 42.28 51.05 42.39 37.69 13.36 24.59
93.28 66.99 96.36 91.22 85.20 14.71 23.67 65.17 54.31 13.02 69.83 7.39 23.52 26.77 170.07 41.71 65.00 10.23 29.66 80.73 72.12 159.04 217.01 69.20 52.14 86.07 15.46 47.39 243.88 9.25 41.18 19.64 18.96 18.15 120.41 27.84 28.12 96.93 15.27 28.52 46.32 37.95 25.00 23.81 10.99 41.51 51.67 40.04 37.57 13.10 24.43
94.24 67.31 97.44 92.02 85.71 15.15 22.78 66.25 55.41 12.81 69.51 7.30 23.56 26.63 170.11 42.11 69.67 10.57 29.00 80.00 72.47 163.22 221.91 70.33 53.60 89.17 16.05 48.26 241.61 9.64 40.57 20.03 19.42 17.97 118.67 27.18 27.91 91.76 15.82 28.99 48.48 38.61 24.91 24.80 11.36 42.23 52.66 39.51 37.73 13.29 24.46
93.59 66.49 98.73 91.81 86.55 14.97 23.14 66.40 53.98 12.55 68.26 7.20 23.58 27.00 168.71 40.93 69.07 10.55 27.05 78.68 71.05 164.33 215.73 69.58 53.57 92.82 15.65 49.62 235.40 9.96 38.67 19.91 19.21 17.56 119.83 27.70 27.62 88.33 15.91 30.56 48.98 37.89 24.80 24.86 11.29 42.50 52.24 37.53 38.05 12.81 23.65
92.96 64.24 100.04 88.90 84.65 14.36 22.96 66.42 51.65 12.52 66.79 7.19 23.31 26.81 167.26 41.71 68.39 10.60 27.25 77.00 71.94 164.68 210.17 68.81 53.83 92.20 14.97 49.77 231.59 9.98 39.86 19.80 18.94 17.44 118.66 28.27 27.17 92.84 15.91 29.73 48.51 37.87 24.90 24.67 11.13 42.55 51.51 37.45 37.45 12.66 23.49
93.86 64.08 97.86 88.83 85.26 14.44 23.71 65.92 51.33 12.71 66.10 7.29 23.18 26.21 169.22 42.29 67.24 10.71 27.80 81.00 74.54 168.70 210.85 70.84 55.55 94.73 14.95 48.25 231.25 9.99 41.52 19.97 19.35 17.98 122.80 27.75 27.16 91.16 16.03 31.23 48.97 37.96 25.22 24.88 11.51 45.03 50.68 38.01 38.42 12.44 23.87
94.25 66.17 103.41 91.27 83.42 15.28 24.73 66.00 51.12 13.59 66.89 7.45 22.69 26.41 171.80 43.05 68.35 11.05 28.38 79.36 74.42 161.04 210.16 69.30 55.21 92.60 14.62 50.44 232.88 10.34 42.54 20.10 19.05 18.25 120.33 27.24 26.84 89.52 15.51 31.57 48.72 38.10 25.54 25.12 11.59 45.04 50.95 37.66 38.85 12.63 24.04
94.04 66.88 106.18 91.69 82.47 16.14 24.47 67.36 51.30 13.22 67.08 7.47 22.72 26.82 174.12 42.52 68.06 10.79 29.38 79.98 73.10 162.92 205.83 68.24 55.09 90.16 14.14 50.86 236.15 10.40 42.84 19.55 18.37 18.48 121.19 26.81 26.59 91.29 15.61 30.18 48.61 37.12 25.48 24.20 11.66 45.57 51.81 37.22 38.25 12.75 23.90
94.57 67.44 103.51 92.30 82.84 16.18 24.21 68.20 50.79 12.81 65.74 7.66 23.87 27.50 177.71 43.29 68.54 11.27 29.74 82.52 72.23 166.40 210.88 68.22 54.60 88.28 13.73 49.51 237.69 10.41 42.43 19.63 18.68 19.27 119.33 26.31 27.30 90.66 15.57 30.27 50.71 36.73 25.84 24.72 11.78 45.10 51.15 38.52 38.91 12.48 24.01
94.64 67.54 101.69 91.55 83.93 16.45 23.97 67.07 51.11 13.23 64.85 7.63 24.08 26.84 175.57 44.74 69.68 11.23 30.36 80.70 72.49 160.38 205.54 68.70 53.54 91.63 13.76 49.28 231.69 10.58 43.53 20.06 19.24 19.66 120.72 25.48 27.46 89.52 15.80 30.17 50.14 36.57 25.82 25.29 11.95 44.51 51.46 39.41 38.89 12.78 24.46
93.44 63.97 102.21 90.09 83.34 16.66 23.29 66.97 50.33 13.08 62.94 7.58 23.24 25.83 175.18 44.00 68.66 10.89 31.28 78.42 71.26 158.39 200.13 65.74 54.88 96.19 13.78 48.85 228.65 10.69 42.14 19.56 19.18 19.72 113.73 25.26 27.22 86.31 14.94 29.48 49.03 36.83 25.47 25.17 11.89 43.21 50.04 39.49 38.44 12.81 25.18
91.71 63.45 98.86 89.03 81.72 16.51 22.63 66.54 49.45 13.00 64.42 7.63 22.22 25.41 167.89 43.46 67.30 10.93 29.53 74.88 69.98 159.33 202.96 64.22 52.95 97.93 13.57 48.29 222.63 10.39 41.22 19.33 18.39 19.33 111.76 24.01 26.66 82.22 14.85 28.40 49.27 36.34 25.03 24.90 11.56 41.58 49.07 38.28 37.14 12.65 23.70
91.38 62.35 96.76 87.13 77.29 15.12 23.02 66.53 48.63 12.98 64.55 7.43 21.85 25.29 170.71 43.54 67.52 10.77 29.50 76.84 67.47 160.10 206.43 62.51 54.32 101.72 13.60 47.18 219.88 10.03 40.02 19.20 17.78 19.23 108.15 24.82 26.62 82.21 14.59 29.80 51.86 36.20 24.88 24.90 11.50 40.90 47.44 38.36 36.56 12.78 23.84
91.54 60.86 94.38 87.50 77.61 15.44 23.95 66.61 49.05 12.75 64.27 7.30 21.14 24.60 171.88 44.22 66.60 10.68 30.54 75.00 66.62 162.39 206.27 61.98 53.80 103.30 13.82 46.86 210.80 9.76 40.44 18.93 17.82 19.66 104.73 26.12 26.49 88.90 13.88 32.00 54.50 35.81 24.75 24.93 11.08 40.49 47.21 37.62 36.56 13.02 23.60
90.72 60.45 93.53 86.11 77.41 15.62 23.23 67.77 49.26 12.02 63.85 7.44 20.75 23.95 170.48 43.03 67.78 10.38 30.41 73.06 64.56 157.93 215.72 61.78 54.16 100.51 13.98 46.88 205.18 9.77 39.43 18.66 17.77 18.93 101.46 25.60 26.46 91.89 13.18 29.89 51.79 35.35 24.53 25.05 10.89 41.45 46.74 38.40 37.40 12.69 23.69
91.01 61.65 95.98 84.78 80.55 15.45 23.23 69.46 49.38 11.90 61.60 7.43 20.76 24.64 171.86 43.00 67.19 10.45 30.47 72.78 63.04 160.43 220.10 61.94 53.55 104.05 14.07 45.96 206.70 10.01 39.56 18.56 18.10 18.76 99.89 26.98 25.93 95.26 13.05 31.07 50.99 35.59 24.46 24.76 10.89 40.67 47.05 37.59 37.55 12.39 23.30
91.38 61.83 95.95 83.67 80.56 15.89 23.39 69.56 49.36 11.61 62.58 7.46 21.90 24.26 169.80 41.42 66.94 10.11 31.32 72.48 62.16 170.95 221.22 60.43 56.18 104.29 14.08 44.85 200.97 10.15 39.11 18.72 17.99 18.41 97.43 28.26 25.99 95.23 13.16 31.70 50.45 35.65 24.49 24.77 10.91 39.38 47.04 38.10 36.99 12.58 23.88
91.08 61.16 95.53 83.39 79.19 15.85 24.08 70.24 49.84 11.64 60.03 7.29 21.63 23.49 172.05 43.72 68.21 10.25 31.19 70.73 60.58 165.30 214.35 60.36 54.61 99.19 13.98 45.82 199.16 9.95 38.03 19.00 18.10 18.89 97.30 28.62 25.80 94.47 12.78 31.45 53.05 35.66 24.79 25.56 10.57 38.94 46.66 39.02 37.02 12.41 24.04
91.12 62.30 94.66 83.69 81.36 15.69 23.85 69.57 51.40 11.64 61.23 7.30 21.64 23.38 171.39 43.14 68.30 9.93 29.55 70.34 60.65 168.50 206.70 59.75 55.89 99.59 13.89 47.63 199.17 9.81 37.74 18.83 18.40 19.07 99.43 29.32 25.93 91.16 13.32 31.30 53.71 35.48 25.05 25.08 10.72 37.75 46.73 39.33 37.59 12.31 23.91
91.57 63.01 96.02 82.49 81.92 16.22 25.05 70.01 53.34 11.76 61.35 7.30 21.96 23.86 174.35 42.89 67.53 10.05 29.64 68.86 62.09 163.67 212.53 59.92 54.73 103.17 14.28 47.65 203.23 9.78 37.04 18.31 18.35 19.27 99.88 29.04 25.87 91.27 13.37 30.56 53.18 35.89 25.54 25.01 10.83 38.34 47.61 38.93 37.49 12.63 24.33
91.51 61.82 94.13 81.57 81.16 16.46 24.97 69.36 54.76 12.19 60.12 7.33 22.19 23.74 173.24 43.85 68.50 9.79 29.04 69.64 61.93 161.91 214.72 60.76 55.25 105.13 14.14 48.26 202.98 9.92 36.80 18.10 18.58 19.40 100.54 29.81 25.31 94.70 13.14 29.91 51.26 36.01 25.39 24.66 10.63 38.09 47.98 39.58 37.04 12.28 24.35
90.80 61.39 93.88 80.76 81.36 16.37 26.11 69.64 52.81 12.19 60.10 7.32 22.67 23.25 175.19 43.71 69.11 9.40 28.21 68.71 62.98 156.38 211.03 60.72 54.85 100.01 14.33 49.05 205.49 9.87 35.96 18.34 18.23 19.85 101.73 29.37 24.80 89.55 12.42 28.89 50.07 34.99 25.30 24.19 10.77 38.71 48.00 38.40 36.44 12.32 24.33
92.27 63.25 97.12 81.99 82.70 17.01 27.17 68.97 53.79 12.75 61.63 7.42 22.57 24.11 176.04 44.15 68.27 9.35 28.52 71.62 64.82 159.68 215.53 60.75 54.62 102.83 14.58 49.24 210.43 10.15 36.21 18.63 18.40 20.00 101.81 30.99 25.59 90.66 12.15 28.53 50.87 34.10 25.61 24.63 10.95 39.19 49.08 40.12 36.41 12.73 24.44
92.76 65.45 97.07 81.49 82.49 17.35 27.10 68.60 55.06 12.75 63.96 7.37 22.55 23.94 174.84 44.91 68.46 9.18 27.57 70.20 66.70 172.07 210.28 63.22 54.41 105.71 14.83 49.98 217.13 10.33 36.11 18.26 18.58 19.39 102.41 31.42 25.80 93.23 12.29 28.11 50.55 35.04 25.71 24.19 10.87 39.77 48.31 40.13 36.28 12.67 24.06
92.75 66.50 92.56 83.50 82.81 17.51 26.59 67.26 54.10 12.60 66.90 7.46 22.96 23.32 173.78 45.76 66.99 9.26 28.53 70.46 68.07 170.66 211.94 62.22 56.35 104.58 15.13 49.75 218.38 10.17 37.33 18.11 18.63 19.57 100.98 29.94 25.98 93.03 11.65 27.94 52.75 35.06 26.02 23.93 10.81 39.72 47.96 39.72 36.73 12.45 24.68
91.76 66.23 93.45 81.50 83.72 17.63 26.43 67.11 54.60 12.37 66.92 7.41 23.02 22.81 169.10 44.84 68.39 9.45 29.05 68.56 67.55 161.85 208.66 63.40 55.64 102.89 15.47 49.44 216.89 9.91 37.60 18.20 18.52 18.93 99.46 29.71 26.09 89.23 11.43 26.48 53.52 34.64 25.40 23.69 10.76 37.96 47.53 38.68 35.70 11.94 24.65
91.97 65.53 93.13 79.83 83.84 17.28 26.37 67.22 54.01 12.34 65.99 7.41 22.69 23.01 167.46 45.64 66.76 9.49 28.97 69.92 68.16 166.19 206.73 62.96 56.02 98.40 15.90 49.95 218.31 10.25 40.22 18.53 18.90 18.33 97.22 28.51 26.33 91.08 11.86 27.25 53.26 35.78 25.16 24.06 11.10 38.18 46.85 39.30 35.66 12.15 24.37
92.80 66.50 93.82 80.77 82.91 17.20 25.77 68.06 53.36 12.80 66.29 7.58 22.81 23.45 170.28 46.38 66.20 9.70 30.05 72.43 69.24 169.00 213.83 65.76 58.01 99.94 15.63 50.56 224.72 10.19 41.00 18.89 19.04 18.39 98.95 28.95 26.90 90.27 11.83 28.59 52.90 35.18 25.36 24.74 11.02 38.97 47.39 38.00 35.52 12.24 24.11
91.77 66.13 93.06 78.73 83.43 17.19 26.32 68.09 52.23 12.84 65.88 7.37 22.16 23.02 166.17 44.18 66.25 9.57 31.42 70.36 67.53 174.62 205.88 64.71 57.00 98.69 15.32 50.26 215.96 10.13 39.32 18.58 19.02 17.84 97.51 28.72 26.35 88.29 11.63 28.09 51.60 35.15 24.80 24.30 11.13 38.05 46.58 37.52 35.61 12.13 23.25
92.10 66.43 92.81 77.85 82.52 16.92 26.02 68.15 51.64 12.66 66.52 7.54 22.29 23.92 169.57 44.69 66.92 9.60 31.53 71.18 68.77 172.60 206.34 68.20 57.28 97.93 15.30 49.71 216.31 9.96 39.35 18.92 18.57 17.75 99.16 28.58 26.26 90.69 11.71 27.92 53.02 35.32 25.07 23.94 10.84 37.36 47.50 38.56 36.24 12.32 23.72
92.22 68.04 94.23 78.53 80.86 16.22 26.41 67.24 51.54 12.69 64.27 7.44 22.12 23.64 168.93 45.37 67.23 9.42 30.94 71.96 69.40 174.53 205.22 69.54 58.75 96.47 15.09 48.98 219.90 10.24 40.23 18.79 19.20 17.29 98.01 28.88 26.57 96.00 11.95 28.65 51.32 35.37 25.20 23.50 10.87 37.07 47.16 38.97 36.36 12.60 23.84
91.88 66.62 96.09 78.24 80.00 16.66 24.71 67.21 49.06 12.62 65.06 7.46 22.54 23.59 167.72 43.39 66.05 9.44 31.18 69.86 68.85 170.46 202.62 72.03 60.01 98.09 14.75 48.30 217.75 10.18 40.90 19.07 19.36 17.20 98.48 28.81 26.42 97.13 11.40 29.25 52.00 35.53 25.13 23.83 10.87 36.91 47.42 38.61 36.73 12.45 24.49
92.98 66.24 96.37 77.71 81.91 16.82 25.08 67.80 49.57 12.60 67.31 7.37 22.64 23.71 170.41 44.29 65.50 9.63 32.44 69.56 67.14 169.52 204.29 71.60 60.84 103.44 14.64 47.91 218.18 10.29 40.12 19.29 19.35 17.12 98.81 28.93 26.35 103.44 11.62 30.77 54.15 36.73 25.29 23.99 10.83 39.60 48.14 39.43 36.90 12.26 24.06
92.27 64.74 97.23 77.14 83.12 17.45 24.82 67.98 50.16 12.64 66.34 7.31 22.63 23.30 168.26 43.00 65.88 9.71 31.03 71.33 67.34 166.36 192.22 72.33 61.43 103.63 14.83 46.70 209.97 10.44 39.29 19.36 19.30 17.32 99.43 28.33 26.58 103.89 11.71 29.34 51.49 36.55 24.84 23.79 10.63 38.22 48.26 40.05 35.83 12.14 23.43
91.81 64.05 97.63 76.70 82.45 16.68 24.50 67.92 50.74 12.47 65.63 7.23 22.45 23.52 168.28 43.74 64.94 9.87 31.57 68.77 66.80 169.43 194.00 72.17 60.14 109.58 14.62 47.62 210.74 10.49 40.53 19.60 18.93 17.12 99.86 28.59 26.48 100.47 11.69 29.34 49.30 36.54 24.57 23.62 10.48 36.13 48.04 39.06 35.24 11.89 22.90
93.13 65.83 99.18 79.99 82.37 17.00 25.06 67.01 52.48 12.54 66.82 7.21 22.29 24.20 169.26 43.69 64.82 9.93 32.40 67.92 66.05 177.09 198.79 71.54 61.56 115.14 14.43 49.10 217.56 10.42 40.31 19.75 18.86 16.95 102.00 29.13 26.26 108.37 11.23 28.10 53.88 37.12 25.08 23.65 10.88 36.29 48.98 38.34 34.73 11.86 22.50
92.49 64.12 101.05 79.45 84.32 17.23 26.00 67.44 50.36 12.24 64.84 7.04 22.44 23.30 169.30 43.08 65.30 10.06 31.36 67.95 65.91 165.82 195.84 73.00 62.07 115.89 14.68 48.17 211.95 10.43 40.03 19.17 18.50 17.14 101.46 29.03 26.31 104.50 11.20 28.24 52.52 37.26 25.22 23.17 10.72 36.49 47.98 39.09 34.68 11.94 23.35
92.69 63.79 100.79 79.58 84.28 16.95 25.93 67.86 50.85 12.02 64.11 7.12 22.09 23.57 168.06 43.52 63.33 10.22 31.50 67.71 64.63 169.54 198.88 72.73 64.34 118.73 14.89 47.03 209.78 10.90 40.11 18.78 18.37 16.70 101.31 30.49 26.17 111.13 11.45 28.70 50.74 37.30 25.42 23.35 10.63 36.24 47.29 38.15 34.78 11.85 23.04
91.41 61.36 99.46 78.83 82.15 15.77 25.44 67.16 51.44 11.87 63.78 7.00 21.64 22.78 166.46 43.94 62.64 10.27 30.08 62.72 62.22 168.16 200.58 73.00 62.51 118.46 14.43 46.35 201.74 10.76 41.79 18.27 18.42 16.72 98.25 31.38 26.05 112.06 11.62 27.06 49.54 36.68 25.01 22.94 10.72 37.19 46.22 37.25 34.49 11.39 22.15
91.16 61.05 97.98 79.91 83.76 15.58 26.24 66.92 51.45 11.94 61.10 7.06 22.02 23.54 166.34 41.97 64.98 10.26 30.25 64.29 61.98 153.53 197.74 72.54 63.55 120.56 14.45 46.66 198.90 10.90 45.00 17.93 17.85 17.31 97.63 30.43 26.20 114.26 11.54 26.78 48.61 36.19 25.23 22.53 10.91 37.43 46.00 36.28 34.57 10.95 22.13
89.84 60.42 96.88 78.07 81.84 15.77 27.05 66.50 48.83 11.80 57.64 6.97 21.03 22.71 162.42 41.36 64.14 10.10 29.47 60.63 59.51 155.21 197.24 72.16 64.31 118.25 14.02 45.88 202.06 10.54 47.19 17.67 17.31 17.10 95.88 30.59 26.11 114.04 11.22 26.05 46.28 35.29 24.90 22.41 10.60 37.78 45.24 35.11 33.21 10.38 21.44
89.29 59.65 94.59 77.83 82.45 15.82 27.42 65.41 47.48 11.66 57.38 6.97 21.37 22.29 162.08 42.46 63.06 9.95 30.78 58.54 60.15 152.62 194.21 71.46 64.78 119.31 13.68 44.78 204.45 10.71 49.55 17.19 16.49 16.93 92.73 30.91 25.55 113.68 11.10 25.31 46.12 35.21 24.82 21.55 10.43 38.19 44.38 35.42 32.86 10.27 20.88
88.67 58.85 96.79 76.55 80.18 16.02 26.41 64.35 47.50 11.33 55.67 6.95 21.51 22.16 161.26 42.15 62.53 9.99 31.31 56.80 59.77 150.18 191.05 71.85 66.01 119.09 13.36 43.78 200.35 10.64 49.77 16.69 16.45 16.99 92.34 31.10 25.18 118.09 11.55 25.09 46.84 35.66 24.73 21.08 10.12 37.92 44.51 34.31 32.70 10.27 20.67
88.81 58.04 97.46 78.26 80.79 16.35 26.48 63.90 45.63 11.24 57.44 6.96 21.61 22.29 165.49 42.12 60.79 9.89 30.91 57.91 62.49 152.59 191.23 73.70 66.40 120.89 13.50 42.67 196.32 10.11 48.40 16.68 16.10 16.94 93.05 31.85 25.43 117.95 11.24 24.51 46.72 35.57 25.10 21.13 10.06 38.21 44.17 34.79 33.18 10.32 20.73
89.12 58.58 98.94 78.73 82.59 16.69 26.08 64.31 45.18 11.19 57.58 7.11 21.53 22.35 168.66 42.84 61.72 10.17 30.69 57.65 62.32 149.35 187.94 73.80 67.08 123.22 13.20 43.04 200.22 10.09 49.93 16.77 16.39 17.17 94.80 30.49 25.80 114.31 11.19 24.48 47.71 35.77 25.50 21.18 10.14 37.83 43.59 35.33 32.94 10.38 21.61
89.94 58.70 98.59 79.30 82.85 16.61 27.14 63.57 45.19 11.30 58.85 7.35 21.83 22.38 172.21 42.93 63.00 10.39 28.70 59.49 63.56 135.23 190.93 75.37 68.12 126.39 12.92 43.66 198.76 10.28 49.94 16.64 16.59 17.35 98.15 30.12 26.00 122.65 11.32 25.46 49.35 35.26 26.06 21.64 10.28 39.13 43.57 36.31 33.49 10.06 22.24
88.37 56.83 96.19 78.77 81.88 15.66 26.26 62.63 42.79 11.22 59.24 7.23 22.11 21.73 170.69 42.98 62.12 10.43 29.52 60.33 61.92 132.93 179.89 76.39 67.67 124.21 12.79 42.53 192.96 10.02 47.12 16.32 16.24 16.56 98.51 28.25 25.95 120.67 11.25 25.30 48.91 35.00 26.18 21.03 10.14 38.35 42.88 35.43 33.19 9.80 21.60
88.68 57.22 97.60 78.97 81.56 15.95 25.76 63.86 42.86 11.17 61.00 6.98 21.88 21.43 171.23 44.30 60.94 10.54 28.91 60.23 62.43 137.30 181.56 77.12 69.32 125.82 12.41 42.72 192.83 9.82 50.31 16.02 16.23 17.31 100.95 29.44 25.95 117.85 11.49 24.79 49.49 35.03 25.95 21.12 10.12 38.42 42.57 34.74 33.00 9.48 21.39
90.26 57.32 102.68 81.27 82.49 16.26 27.68 64.35 44.39 11.22 61.33 6.93 21.02 21.13 176.58 44.63 62.37 10.99 28.05 59.60 63.33 151.45 182.50 76.30 69.23 129.35 12.15 43.33 192.44 9.73 51.02 16.49 16.28 17.59 101.89 29.03 26.34 121.73 12.26 24.64 51.17 35.64 26.07 21.39 10.05 40.07 43.59 34.54 33.83 9.46 21.25
90.08 56.70 101.96 80.66 81.80 16.02 28.58 64.59 43.45 11.00 59.60 6.96 20.80 21.34 178.29 43.54 58.54 11.07 27.91 60.09 63.17 158.66 183.63 77.09 68.74 130.63 11.86 42.96 192.39 9.74 50.90 16.40 15.86 17.39 99.75 29.46 26.60 121.82 12.70 24.50 50.32 35.35 25.91 21.39 10.17 39.29 43.27 34.68 34.86 9.45 20.45
90.10 56.46 100.30 81.80 80.95 16.00 29.52 65.89 43.89 11.05 60.33 6.88 20.15 21.23 176.17 44.64 57.62 10.91 27.41 57.61 61.87 160.63 175.04 77.40 67.21 133.78 11.86 41.81 193.57 9.65 49.67 16.42 15.78 17.44 100.79 30.89 27.32 125.89 12.52 25.58 50.60 35.27 25.61 21.39 10.11 38.29 42.95 34.83 34.65 9.39 20.53
88.29 54.38 99.25 80.80 79.67 15.88 29.55 64.08 44.75 10.73 57.93 6.97 19.99 20.57 169.42 45.65 56.48 10.59 26.69 56.45 58.55 158.10 170.44 76.29 64.98 129.26 11.88 39.97 189.55 9.80 47.63 16.37 15.93 16.71 101.68 29.51 27.03 121.12 12.31 24.08 49.43 35.01 25.41 21.43 10.21 37.24 42.49 32.35 34.20 9.44 20.04
89.00 54.12 98.68 81.11 79.78 15.80 30.26 65.62 45.64 10.86 58.99 6.90 20.37 20.72 172.45 46.71 58.43 10.73 28.09 57.61 59.41 165.00 166.97 72.90 66.42 130.28 12.03 41.12 189.30 9.69 46.51 16.21 15.82 16.83 102.88 29.76 26.96 117.55 11.88 24.96 51.05 34.85 25.55 21.46 10.15 37.43 42.43 32.76 34.52 9.35 19.32
88.01 54.08 99.48 80.64 78.64 16.21 29.83 64.69 44.31 10.72 57.95 6.83 19.74 19.89 171.47 47.79 59.08 10.90 26.90 57.29 57.99 164.29 170.24 72.09 63.30 119.09 11.94 39.54 191.20 9.64 46.76 16.25 15.68 16.70 105.04 29.21 26.53 114.52 11.92 25.49 47.70 34.40 25.37 21.13 10.35 37.72 42.45 32.28 34.57 9.49 19.77
88.47 52.81 97.40 82.29 76.83 15.62 28.85 64.43 44.70 10.85 56.94 6.77 19.75 19.75 169.41 48.23 60.14 10.77 29.17 55.44 57.70 188.28 167.05 71.49 65.50 122.35 11.71 38.06 188.26 9.50 48.27 16.57 15.92 16.66 103.74 30.92 26.57 117.40 11.35 25.23 46.85 34.15 25.16 21.26 10.17 37.32 41.28 32.51 34.05 9.81 18.99
88.85 52.50 97.83 79.46 78.97 15.97 28.28 62.68 46.46 10.92 58.26 6.85 20.14 19.50 170.58 48.38 59.51 10.42 28.90 55.99 59.66 186.37 171.01 73.46 66.97 124.54 11.80 38.69 188.78 9.47 50.18 16.31 15.87 16.62 104.98 30.83 26.32 115.41 11.18 26.63 45.60 34.20 24.87 21.88 10.40 36.78 41.22 33.70 34.21 10.15 19.39
88.81 52.54 98.10 78.16 79.32 15.69 28.33 62.61 45.85 10.88 59.58 6.93 20.08 19.65 169.84 46.65 59.67 10.26 29.38 56.80 59.00 184.18 171.77 74.37 66.42 121.88 11.94 38.84 186.36 9.39 50.77 16.17 15.33 16.84 107.93 32.02 26.68 117.38 11.90 25.18 44.86 34.45 25.13 21.85 10.47 36.43 41.61 33.04 34.14 10.18 19.26
87.49 53.36 98.02 78.93 78.13 15.40 28.09 60.93 44.02 10.48 59.06 6.99 19.66 19.50 165.62 45.78 59.34 10.07 30.37 55.90 59.80 172.20 173.45 76.26 65.98 116.49 12.03 39.48 179.76 9.26 47.90 16.50 14.93 17.11 106.88 30.64 26.70 117.99 11.26 24.12 45.68 33.97 24.99 21.41 10.63 36.16 41.51 30.79 33.65 9.83 18.59
86.28 53.24 93.82 76.79 76.60 15.42 27.15 59.52 43.48 10.52 57.59 6.88 20.04 19.35 163.96 46.41 59.02 9.93 30.01 55.68 57.72 168.18 181.24 76.80 64.37 109.81 11.89 38.91 178.25 9.28 46.00 16.44 15.21 17.29 105.51 28.82 26.66 116.74 11.22 24.38 43.69 34.21 24.81 21.48 10.21 35.19 41.72 30.22 33.50 9.70 18.57
85.92 52.55 91.00 76.16 79.60 14.93 26.75 58.91 44.90 10.37 58.06 6.94 20.38 19.71 167.38 45.56 58.57 9.94 28.99 55.86 57.50 167.63 185.71 77.65 64.96 110.40 11.55 39.10 176.98 9.49 44.96 16.64 14.68 17.87 103.95 29.08 26.10 114.75 10.65 22.62 43.94 34.01 24.98 21.22 10.30 33.78 40.84 29.67 32.84 9.47 18.78
86.82 53.62 89.95 76.06 79.80 16.06 28.57 58.36 44.68 10.75 59.03 7.25 20.49 20.19 171.13 45.92 57.59 9.94 29.53 54.30 60.52 163.52 183.11 77.19 65.97 111.04 11.61 38.82 179.83 9.54 43.63 17.18 14.48 18.34 108.87 29.10 25.68 111.97 10.54 22.52 47.20 34.32 25.24 21.41 10.52 34.91 41.39 29.95 32.87 9.71 19.70
86.06 53.56 88.54 74.40 78.57 16.00 27.37 57.22 45.62 10.78 58.37 6.98 20.08 19.63 167.88 44.53 58.51 9.95 28.87 53.81 61.81 166.35 177.51 76.94 65.90 107.65 11.77 38.90 180.82 9.50 45.52 17.16 15.06 17.96 111.02 28.66 25.71 107.50 10.10 21.92 46.91 33.82 25.00 20.84 10.46 33.99 41.47 30.52 32.45 9.76 19.55
85.84 54.31 88.09 74.10 78.59 16.23 28.61 57.52 46.18 10.66 56.93 7.01 19.24 19.28 168.74 43.83 58.91 9.85 29.38 54.13 64.57 166.02 171.34 76.62 65.17 112.90 12.04 39.79 185.99 9.18 43.79 17.04 15.15 17.72 113.06 27.38 25.31 108.74 9.82 21.93 43.35 33.62 25.41 20.41 10.35 33.73 41.45 30.60 32.04 9.67 19.37
86.86 55.21 88.04 74.90 81.18 16.43 29.38 57.72 45.76 10.90 56.56 7.15 19.47 18.59 167.77 44.89 58.26 9.90 29.89 54.33 65.60 179.89 174.97 75.73 68.57 107.55 12.02 39.61 187.01 9.36 47.06 17.03 14.99 17.71 112.11 29.40 25.51 107.33 9.81 21.83 43.98 34.29 25.26 20.70 10.15 34.58 41.91 30.85 32.22 9.46 19.49
87.64 57.28 92.06 74.95 83.39 16.48 29.11 57.42 47.32 11.12 56.26 7.23 19.20 18.38 169.93 44.48 59.11 9.90 32.24 52.07 66.07 175.86 178.37 74.82 69.38 108.39 12.72 40.23 190.19 9.81 49.96 16.92 14.71 17.65 115.75 28.92 26.05 107.05 10.02 21.29 44.53 34.73 25.49 21.11 10.30 34.49 42.30 31.13 32.99 9.16 20.23
88.09 55.79 95.05 76.42 83.94 16.61 29.85 57.65 47.15 11.04 55.31 7.37 19.86 18.86 169.58 44.78 59.17 9.97 32.43 52.24 65.98 178.45 181.82 75.47 69.21 106.17 12.94 39.91 190.49 10.03 51.64 16.95 14.15 17.43 118.96 28.62 25.82 106.85 10.41 21.95 42.65 35.11 25.79 21.60 10.48 34.76 42.11 31.20 32.62 9.17 20.18
88.38 57.48 98.83 78.00 84.83 16.72 29.51 57.89 47.56 11.27 55.78 7.28 19.72 19.75 173.10 45.79 59.12 9.87 31.12 50.82 65.58 187.17 180.72 72.20 70.05 105.38 12.69 41.42 192.71 9.86 49.73 16.96 14.35 17.56 118.73 30.36 26.00 105.32 9.80 22.22 42.06 34.81 26.09 21.33 10.74 34.56 42.06 30.80 32.61 9.00 19.66
89.59 59.08 97.57 77.35 85.28 17.27 28.97 57.32 47.49 11.10 56.55 7.33 19.59 20.09 174.13 46.31 60.48 9.78 32.11 52.36 66.75 190.11 188.55 73.87 72.08 112.61 12.41 41.71 194.03 9.95 52.54 17.51 14.31 17.20 121.65 31.17 25.76 111.90 10.21 23.87 39.91 34.81 26.17 21.18 10.97 35.14 41.52 31.95 33.17 9.23 19.82
88.38 58.42 94.39 76.90 83.13 16.74 29.56 57.56 46.12 10.98 57.03 7.35 18.99 19.60 170.10 46.29 60.87 9.55 31.10 53.58 66.44 182.13 188.75 74.67 71.18 111.24 12.43 41.22 186.15 9.64 49.28 17.50 14.31 17.06 120.90 29.75 25.50 106.79 10.27 22.56 39.90 34.12 26.20 20.74 11.04 34.66 41.21 32.34 32.45 9.29 19.39
88.34 56.85 92.10 75.60 83.27 16.44 28.83 56.66 45.57 10.63 55.31 7.33 18.76 19.18 170.74 46.10 59.92 9.57 33.00 53.76 63.37 189.31 186.75 76.13 73.63 114.86 12.25 40.79 188.76 9.57 51.02 17.44 14.31 16.93 118.39 29.33 25.50 109.45 10.55 22.35 38.99 34.21 26.13 20.71 10.90 34.54 40.65 32.84 33.02 9.28 18.76
89.49 56.48 92.47 74.98 84.80 16.79 30.27 58.06 45.37 10.76 56.24 7.56 18.30 19.73 171.62 46.10 59.60 9.80 34.11 53.26 64.21 194.10 181.89 77.22 75.73 116.88 12.28 42.20 191.53 9.88 49.04 17.99 15.15 17.20 118.24 30.34 25.13 113.26 10.11 22.83 38.76 34.10 26.26 20.84 11.02 35.21 41.42 33.21 33.26 9.10 18.67
89.77 57.06 91.67 74.00 83.16 16.78 30.88 56.57 45.87 10.67 59.50 7.59 18.44 19.95 172.39 46.22 59.72 10.18 33.87 54.42 64.08 198.00 187.13 78.52 74.56 115.94 12.51 41.66 193.77 10.07 48.62 17.90 15.33 17.00 117.37 29.84 24.95 110.69 9.99 22.66 38.83 34.13 26.00 20.86 11.13 35.55 41.76 33.12 33.19 9.13 19.18
87.82 57.34 90.02 71.72 79.19 16.44 30.54 54.86 44.84 10.77 58.78 7.52 17.68 19.12 171.47 45.40 57.76 10.10 34.53 52.33 64.47 181.21 183.90 77.75 73.47 117.05 12.32 39.76 189.90 9.53 48.09 17.83 15.28 16.07 116.86 28.37 24.66 98.88 9.69 23.03 40.24 34.06 25.82 20.95 11.11 36.38 41.41 31.81 32.73 8.61 19.11
87.62 56.67 89.18 71.59 80.60 16.20 30.83 54.57 43.95 10.84 58.06 7.45 18.25 19.10 173.55 45.99 58.52 10.24 34.27 54.46 63.19 176.11 183.70 78.84 72.45 112.95 12.55 40.94 186.24 9.53 45.32 17.81 15.01 16.15 115.44 26.91 25.11 98.49 9.56 22.96 41.25 34.80 25.84 20.65 11.11 35.25 41.94 32.68 33.34 8.76 19.19
86.66 57.63 87.92 71.66 81.11 16.66 30.62 54.18 43.61 10.54 56.47 7.40 17.42 19.45 175.54 46.20 57.67 9.96 33.39 50.88 63.84 172.27 178.69 78.59 70.97 108.65 12.11 41.74 184.04 9.74 44.00 17.63 14.87 16.42 115.60 27.65 25.22 100.05 9.76 21.72 39.08 34.52 25.72 20.48 11.16 33.80 42.00 31.73 32.67 8.76 18.37
87.02 58.86 89.81 72.29 80.85 16.23 31.79 54.62 44.88 10.81 55.92 7.31 17.30 19.75 182.69 46.87 56.81 9.78 33.28 49.38 65.26 178.70 173.81 78.79 70.37 108.97 11.94 41.34 188.39 9.59 42.49 17.83 14.50 16.53 116.19 27.50 25.52 100.11 9.60 22.40 38.35 35.26 25.95 20.70 11.16 33.98 41.56 31.74 32.75 8.86 18.38
86.41 57.80 90.63 72.59 79.13 16.83 32.37 53.95 44.64 10.55 54.89 7.41 16.35 20.18 181.83 46.76 55.24 9.50 33.80 47.14 64.65 188.42 174.33 76.94 67.32 107.35 11.65 40.14 182.68 9.60 41.89 17.83 13.99 16.48 112.09 27.25 25.14 99.00 9.86 21.68 38.45 34.79 25.80 20.49 11.37 33.90 41.41 31.37 32.07 8.46 18.01
85.09 58.44 89.52 73.26 76.00 16.46 31.94 53.63 44.44 10.67 54.82 7.49 16.12 19.86 181.08 47.77 53.85 9.19 32.79 45.49 65.54 180.03 177.29 76.17 64.62 106.03 11.65 38.80 176.57 9.33 38.87 17.53 13.89 16.85 110.73 26.52 25.35 95.45 9.31 20.96 39.87 34.30 25.34 20.75 11.16 34.11 40.73 30.85 31.97 8.20 17.31
84.85 60.13 88.97 74.82 75.23 16.72 32.67 53.61 44.78 11.00 54.60 7.49 16.06 19.34 180.29 48.85 53.27 8.95 31.38 45.52 66.12 170.85 174.68 76.77 64.54 102.05 11.55 40.05 174.35 9.53 38.19 17.62 14.54 17.12 113.31 25.26 25.91 88.79 9.28 21.80 40.38 33.90 25.50 20.61 11.14 33.73 40.78 32.53 32.28 8.41 17.11
85.60 61.91 86.92 75.48 75.79 17.59 32.11 54.62 45.34 11.24 54.63 7.35 16.33 20.15 181.34 49.44 53.26 9.12 31.19 47.08 67.29 166.58 177.48 78.80 63.87 103.90 11.53 41.44 179.03 9.82 38.80 18.21 14.93 17.29 112.28 24.92 25.79 87.51 9.50 22.83 41.05 34.12 25.51 20.88 11.19 34.47 40.97 34.51 32.51 8.52 17.65
86.31 62.52 86.26 77.33 79.75 18.25 32.28 55.92 46.35 11.44 55.61 7.31 16.66 20.12 180.52 49.95 53.46 9.13 31.01 46.64 68.57 166.25 176.42 80.39 62.14 103.70 11.65 41.94 179.25 9.70 39.85 18.44 15.13 17.50 113.61 24.27 25.93 87.01 9.56 23.77 41.40 34.50 25.75 21.72 11.16 34.94 41.89 35.03 33.17 8.67 17.58
87.14 62.30 87.59 77.29 81.38 19.29 32.40 56.58 46.34 11.76 58.28 7.12 16.54 19.35 178.41 50.44 55.13 9.57 29.97 48.03 65.17 163.69 178.36 81.61 61.11 101.88 12.19 41.86 181.18 9.94 42.30 18.40 15.08 17.76 116.24 25.10 26.00 88.82 9.87 23.87 42.24 34.80 25.99 22.16 11.26 34.99 41.43 36.29 33.52 9.00 17.93
87.12 62.08 86.62 76.63 80.87 18.81 31.49 56.35 44.79 11.83 57.09 7.20 17.20 18.78 177.19 47.67 55.80 9.60 29.86 47.14 65.96 164.00 175.57 81.48 63.63 106.25 12.42 41.49 177.98 10.07 40.90 18.59 15.03 17.96 117.39 26.10 25.64 89.86 10.02 24.99 40.23 34.95 25.95 22.63 11.14 35.54 41.16 36.83 34.27 9.14 17.83
88.00 61.94 87.83 78.19 82.19 19.61 32.63 57.10 46.92 12.05 59.66 7.60 17.22 19.34 180.80 49.67 55.82 9.47 29.93 48.35 69.23 162.38 175.68 84.05 63.43 101.34 12.21 42.68 184.77 10.05 39.98 18.64 14.53 18.02 118.53 27.18 25.96 91.83 10.32 24.66 40.14 35.47 26.41 22.49 10.92 36.41 41.75 36.89 33.66 9.04 18.53
87.95 62.27 87.90 79.03 80.13 19.16 34.17 57.46 47.69 12.47 59.65 7.49 16.94 19.41 180.22 50.10 58.38 9.40 30.95 48.26 70.36 154.72 179.05 83.44 61.51 99.11 12.40 42.80 191.72 10.12 38.61 19.20 14.48 18.08 117.60 27.08 26.35 85.96 10.34 23.41 41.76 35.09 26.74 22.70 11.09 35.87 41.83 35.52 34.01 8.92 18.11
88.19 62.43 88.49 78.25 80.39 18.82 35.40 56.98 46.57 12.53 59.49 7.47 17.26 19.56 178.40 50.08 58.29 9.38 31.23 49.63 70.20 149.61 178.81 84.96 59.90 101.31 12.43 42.75 193.51 10.32 39.85 19.39 14.17 18.37 117.20 27.10 25.98 91.22 10.30 24.86 41.44 35.05 26.91 22.91 10.97 35.49 41.70 35.78 33.46 8.84 18.21
87.76 62.22 89.50 77.53 82.51 18.66 34.07 55.61 46.30 12.36 60.54 7.51 17.46 19.56 177.77 49.21 58.20 9.28 32.55 50.22 71.12 149.42 172.14 84.12 60.96 98.67 12.55 41.11 187.03 10.13 40.11 19.40 13.91 18.81 114.73 25.57 26.06 95.30 9.73 24.33 41.13 34.80 26.96 22.79 11.03 35.00 41.34 35.92 33.50 8.76 18.18
86.51 62.21 89.70 76.09 83.96 18.16 33.00 55.27 46.57 11.95 58.46 7.49 17.19 19.62 176.04 48.16 56.81 9.37 31.53 48.97 70.29 141.42 168.97 84.96 61.23 95.60 12.13 40.13 175.87 9.84 39.70 19.58 13.84 18.51 115.01 26.62 26.36 96.78 9.61 23.63 40.14 34.37 26.68 22.07 10.87 34.24 40.60 35.20 34.27 8.78 17.81
87.66 61.60 89.57 77.50 86.18 18.55 33.83 56.11 47.38 12.13 58.78 7.59 17.25 20.10 177.98 49.44 58.10 9.45 31.13 49.55 68.75 142.63 172.14 88.79 63.56 93.99 12.27 41.32 178.50 9.87 40.18 19.59 14.08 19.03 115.27 28.00 26.69 101.57 9.66 23.87 39.44 34.88 26.96 22.79 10.93 34.67 41.09 34.61 34.18 8.38 17.85
87.24 62.10 91.94 76.54 84.00 19.06 33.22 56.91 47.42 12.27 58.18 7.57 17.34 21.32 178.51 48.82 60.33 9.56 30.77 49.32 67.51 133.14 174.70 87.10 61.43 92.91 11.98 42.21 177.59 9.87 40.67 19.54 14.02 18.29 113.65 27.44 26.47 97.98 9.82 22.76 40.13 34.86 27.31 22.90 11.21 34.38 41.06 35.33 33.73 8.44 17.57
86.10 62.87 94.53 76.56 81.30 18.09 32.38 55.67 47.79 12.48 56.44 7.48 17.38 21.10 171.37 48.29 60.52 9.55 28.53 46.64 67.27 139.31 173.35 87.57 58.63 94.55 11.81 41.90 173.75 9.95 37.98 19.25 14.13 18.38 111.12 26.07 26.23 95.39 9.54 21.77 39.98 34.35 26.97 22.77 11.11 34.03 41.13 35.90 33.15 8.28 16.80
86.13 62.70 93.28 76.43 80.47 18.41 31.52 54.03 49.31 12.26 55.72 7.61 16.94 22.16 171.74 47.76 61.07 9.53 30.27 46.53 68.06 148.78 173.49 86.12 59.56 94.34 11.65 42.80 178.48 9.69 38.08 19.21 13.57 18.37 111.72 26.01 25.21 94.36 9.70 21.46 37.52 34.52 27.36 23.00 11.08 34.69 40.96 35.69 33.04 8.41 16.62
87.14 64.09 92.67 76.88 80.51 18.93 31.30 53.95 47.88 12.46 55.30 7.49 16.72 21.42 178.79 48.75 62.67 9.50 30.85 46.18 69.00 158.79 172.59 87.54 60.24 95.91 11.65 43.65 179.98 9.95 39.02 19.36 13.66 18.32 113.51 26.44 25.16 96.61 10.18 22.43 37.58 35.04 27.25 23.12 11.24 35.33 41.16 36.32 33.87 8.50 16.73
86.62 62.84 93.86 77.00 79.86 18.51 30.22 54.43 48.34 12.31 54.75 7.40 16.85 21.08 181.59 47.75 59.89 9.43 29.54 46.58 70.43 164.10 174.74 87.92 59.25 92.15 11.95 43.64 179.78 10.00 37.46 19.79 13.62 18.38 113.84 25.84 24.82 95.44 10.28 22.51 36.30 34.93 26.92 23.74 10.84 35.32 40.58 37.03 32.97 8.42 16.72
86.03 63.34 95.77 75.74 81.55 18.83 30.36 52.83 47.55 12.52 55.61 7.19 16.61 21.61 177.54 47.36 58.98 9.28 29.80 45.89 72.20 162.02 175.87 88.92 57.51 88.23 11.61 43.27 184.66 9.91 35.95 19.64 13.24 18.31 109.46 25.91 24.10 91.94 10.44 23.03 35.40 34.35 26.54 23.93 11.04 34.63 40.89 36.55 33.17 8.31 16.78
85.75 63.77 98.02 75.62 80.69 18.62 29.26 51.21 48.02 12.57 55.42 7.13 16.30 21.81 177.07 46.84 59.10 9.23 30.16 46.77 74.35 157.42 176.54 91.01 57.20 89.79 11.37 42.66 185.64 9.75 35.98 19.93 13.52 18.26 110.85 24.61 24.57 92.97 10.15 22.82 35.33 33.91 26.78 24.16 10.91 35.22 40.52 36.27 32.82 8.64 16.61
85.04 63.12 98.83 73.52 78.23 18.02 29.16 50.18 46.95 12.49 56.66 7.00 16.66 21.67 176.91 45.51 58.07 9.18 30.20 47.11 70.16 153.48 178.40 91.41 56.92 87.83 11.44 42.67 180.70 9.58 36.49 19.97 13.34 17.69 110.17 25.52 24.57 94.98 9.86 23.58 34.23 33.95 26.53 24.11 10.77 34.29 40.23 34.61 32.73 8.63 16.97
84.08 63.09 96.96 71.70 76.08 17.44 28.32 49.69 46.20 12.56 55.42 6.80 16.49 21.79 172.84 45.25 56.84 9.01 29.74 46.01 67.99 145.87 176.51 90.73 55.98 84.56 11.31 41.61 181.35 9.49 36.01 20.73 12.91 17.60 109.16 25.70 24.70 93.47 9.41 23.98 35.29 33.61 26.65 24.46 10.78 34.70 40.06 34.88 33.16 8.67 16.90
84.21 61.80 95.34 70.94 75.36 17.32 28.42 48.83 46.78 12.32 54.17 6.60 16.29 21.99 171.24 45.09 57.20 8.90 30.82 46.49 69.29 150.71 176.42 93.41 57.90 85.07 11.30 41.98 174.41 9.79 37.53 20.91 12.83 17.29 105.32 25.42 24.71 95.25 9.38 24.40 34.15 34.13 26.05 24.04 10.81 34.88 39.45 36.33 33.07 8.79 16.84
84.10 60.82 94.30 71.83 77.75 16.70 27.61 48.54 46.23 12.19 52.44 6.64 16.69 22.55 167.62 46.58 56.94 8.73 30.86 46.60 68.09 152.60 177.62 91.38 56.70 87.70 11.27 42.58 170.63 10.14 37.41 21.55 12.64 17.31 104.99 25.33 24.84 92.71 9.69 24.64 33.46 34.48 26.11 23.71 10.74 35.31 39.24 36.62 33.47 9.16 17.01
84.54 61.64 93.89 72.44 78.38 17.11 28.63 49.18 46.12 12.25 53.90 6.78 16.58 23.17 166.51 47.96 59.21 8.72 30.32 44.64 69.45 153.69 171.00 91.43 55.56 89.98 11.00 42.26 172.52 10.08 36.53 21.18 12.63 17.37 108.23 25.00 25.04 90.17 9.78 25.52 34.66 34.16 26.67 24.26 10.89 36.33 40.03 35.54 33.26 9.06 16.86
84.36 59.96 92.70 71.20 77.18 17.16 28.24 48.14 46.60 12.01 52.77 6.82 16.70 22.32 165.72 47.75 58.65 8.90 30.53 43.25 66.32 160.10 173.54 90.95 56.43 89.21 10.76 42.03 174.23 9.92 37.67 21.43 12.48 17.47 105.08 25.42 24.58 95.52 9.46 25.51 34.87 33.77 26.78 24.14 10.75 35.19 40.15 35.19 33.36 8.89 16.67
84.08 60.48 93.54 71.21 76.94 16.88 28.77 47.07 46.42 11.92 52.92 6.72 16.38 21.89 164.28 46.00 58.29 8.70 31.02 43.06 65.77 160.72 178.64 88.28 56.98 89.03 10.75 40.85 167.09 10.02 37.54 21.69 12.55 17.20 102.82 25.78 24.69 97.61 9.22 23.75 35.81 33.77 26.88 24.09 10.66 34.40 39.42 34.69 33.27 8.90 17.03
82.79 60.75 91.10 70.96 75.33 16.79 28.09 46.54 45.69 11.94 53.24 6.59 16.59 21.89 163.81 45.14 58.07 8.30 30.29 40.87 64.48 156.05 176.10 88.31 54.87 88.04 10.40 39.54 169.16 9.91 38.16 20.89 12.35 16.93 101.49 25.91 24.12 95.53 9.10 23.75 35.94 33.60 26.04 23.29 10.62 34.76 38.87 33.28 33.81 8.61 17.20
83.92 61.19 93.98 72.26 74.35 16.59 28.87 46.62 46.91 12.36 52.75 6.68 16.90 22.11 169.07 46.13 58.94 8.24 30.41 42.92 64.47 159.10 173.22 91.30 57.01 90.04 10.60 39.68 171.51 9.87 38.46 20.91 12.38 17.27 104.22 26.00 24.61 98.19 9.02 24.96 37.43 33.78 26.58 23.53 10.98 34.85 39.30 31.92 34.50 8.59 17.82
85.09 60.62 93.75 73.14 75.34 17.15 30.30 47.16 46.78 12.56 52.25 6.91 16.28 22.17 168.18 45.15 59.33 8.43 31.84 44.18 65.56 166.15 174.01 93.90 56.96 91.17 10.29 39.93 174.53 10.05 40.06 21.35 12.61 17.54 106.92 26.16 24.79 99.15 9.29 25.57 37.27 34.42 26.66 23.91 11.05 34.26 39.89 33.67 34.69 8.59 17.76
84.70 60.82 94.10 73.14 77.71 17.65 29.24 47.83 47.21 12.81 50.58 6.93 15.86 22.25 169.35 44.57 58.50 8.30 31.87 44.44 65.80 158.78 174.27 94.96 56.04 93.73 10.28 40.35 175.39 10.24 39.03 22.04 12.13 17.52 107.14 26.83 24.58 96.55 9.47 25.29 36.56 33.90 26.21 23.37 10.94 34.05 39.99 33.09 35.01 8.96 18.27
84.68 60.37 93.85 71.05 77.95 17.51 29.52 48.65 47.50 12.35 51.85 6.85 15.79 21.86 168.42 44.72 58.00 8.27 30.86 44.34 66.69 168.55 169.94 95.56 57.36 92.52 10.21 40.46 179.50 10.05 39.29 21.67 11.96 17.36 102.67 27.90 24.46 97.29 9.67 25.77 36.06 34.01 26.42 23.44 10.69 33.08 39.36 32.62 35.19 8.71 18.48
83.22 60.36 95.39 70.72 76.80 17.75 29.80 48.30 44.19 12.29 50.46 6.65 15.78 21.44 162.80 44.20 56.46 8.12 29.27 44.07 65.48 162.59 171.19 92.66 57.08 90.70 9.88 40.08 176.86 9.71 39.13 20.81 12.09 17.13 101.86 26.22 24.33 96.07 8.72 25.42 36.47 34.02 25.96 23.15 10.47 31.40 39.03 31.98 35.48 8.49 17.59
82.91 61.23 91.12 72.03 75.65 17.83 29.18 48.89 44.84 11.97 50.40 6.66 16.08 21.44 161.38 44.25 56.98 7.88 29.26 43.96 64.77 159.06 164.72 91.10 57.85 91.20 9.64 39.90 178.61 9.59 40.06 20.73 12.15 16.89 103.60 26.14 24.24 95.14 8.85 25.75 38.21 34.76 25.97 22.69 10.43 31.11 39.29 31.25 35.95 8.71 17.52
82.77 61.93 90.73 72.49 74.21 17.34 28.53 49.11 44.99 12.17 50.88 6.83 16.05 20.72 159.57 44.27 58.19 8.22 27.58 43.04 64.78 155.22 167.49 90.64 58.15 91.23 9.45 40.14 178.80 9.52 40.40 21.32 11.85 16.99 104.10 25.28 24.03 94.88 8.65 25.88 38.64 34.94 26.11 22.82 10.30 31.07 39.73 31.27 37.19 8.62 17.61
82.97 61.27 88.35 73.97 73.94 18.36 27.53 49.08 44.93 12.23 51.21 6.78 16.25 20.60 158.32 43.52 59.83 8.17 28.02 43.79 63.96 148.84 167.58 90.99 58.00 93.24 9.51 40.50 177.17 9.86 40.59 21.93 11.88 17.02 102.19 25.89 23.71 97.80 8.81 26.78 39.91 35.48 26.22 23.25 10.05 31.16 39.64 30.54 38.27 8.87 17.88
82.57 59.60 90.03 74.21 73.05 18.19 29.13 49.92 45.93 12.21 50.68 6.66 16.74 20.30 154.91 42.24 57.69 8.21 26.64 43.76 64.13 147.12 161.22 91.10 57.85 86.42 9.52 40.48 177.12 9.65 40.57 21.35 11.66 17.64 99.24 25.55 23.76 99.39 9.24 27.25 40.02 35.37 25.93 22.77 10.21 31.14 40.14 30.64 38.18 8.95 17.34
81.93 60.95 85.52 74.76 75.21 17.76 29.31 51.19 45.04 12.28 51.00 6.60 16.74 20.30 150.57 43.49 58.14 8.30 26.22 41.35 64.16 136.98 160.69 92.39 56.65 87.65 9.40 40.84 173.57 9.54 39.00 20.98 11.60 17.67 99.67 24.44 23.94 94.71 9.30 27.25 39.97 35.74 25.61 22.92 10.31 31.00 40.52 30.34 38.04 8.76 16.64
81.39 60.93 86.99 74.72 74.90 17.42 29.82 51.15 44.21 12.37 51.19 6.43 16.75 20.55 148.19 45.19 58.34 8.27 25.09 41.80 61.81 130.35 159.88 93.49 56.07 84.28 9.25 41.07 169.88 9.50 39.04 21.01 11.02 18.06 99.93 24.62 23.64 88.25 9.12 26.84 40.48 35.20 25.22 23.25 10.54 31.03 39.85 30.64 37.85 8.45 16.48
80.71 59.75 84.31 74.11 74.33 17.05 29.25 50.80 43.74 12.23 51.70 6.24 16.52 20.02 148.52 45.37 56.42 7.98 24.63 41.53 61.44 138.92 158.94 94.47 56.39 87.62 8.91 40.01 164.30 9.34 39.52 20.42 10.50 17.74 99.41 24.85 23.27 89.37 9.22 25.34 40.52 35.13 25.14 22.62 10.35 30.45 38.90 30.26 37.85 8.20 16.39
79.89 59.30 79.40 72.43 73.78 16.68 28.55 50.57 43.95 12.26 50.60 6.23 16.53 19.87 145.53 44.13 54.36 7.74 25.35 40.98 60.50 135.35 153.63 93.32 58.62 90.55 8.68 40.09 158.95 9.35 40.00 20.59 10.74 17.80 98.98 24.95 22.92 91.62 9.22 24.49 39.56 34.94 24.25 22.28 10.26 30.05 38.70 28.46 39.86 8.26 15.39
79.57 59.61 79.98 71.77 71.47 16.23 29.27 51.05 42.43 12.48 49.22 6.25 17.18 19.75 143.81 43.29 54.10 7.74 23.75 42.05 60.41 128.31 151.69 90.62 56.47 91.23 8.43 40.51 159.03 9.57 40.01 20.89 10.76 18.12 100.97 25.23 23.63 91.06 9.20 24.37 39.15 35.09 24.83 22.95 10.20 30.33 38.57 27.88 40.33 8.41 15.01
81.11 60.61 78.87 72.34 74.09 16.24 29.83 51.58 43.78 12.70 49.38 6.34 17.37 20.23 144.44 44.39 55.72 7.91 22.96 43.11 62.25 126.14 161.93 93.89 56.82 95.31 8.72 41.02 159.07 9.85 43.50 21.60 11.12 18.08 104.62 25.92 24.08 94.35 9.12 25.72 39.97 34.92 24.80 23.42 10.45 30.67 38.81 28.50 41.32 8.31 15.30
81.60 61.69 80.22 72.36 74.15 16.30 31.07 51.30 44.65 12.90 49.86 6.45 18.30 20.39 144.45 43.56 54.32 7.71 22.88 42.56 62.63 132.20 163.28 93.36 57.50 103.49 8.60 40.84 160.51 9.56 43.89 21.14 11.41 18.29 103.88 26.85 24.16 91.43 8.76 24.58 39.20 34.86 24.87 23.97 10.59 31.58 38.92 28.06 41.33 8.30 15.13
81.99 62.12 81.78 70.28 75.69 15.94 29.86 50.83 44.49 12.82 52.18 6.47 18.68 20.42 145.08 41.85 55.14 7.58 25.00 42.40 62.97 138.71 159.52 94.29 59.02 104.10 8.78 41.79 159.91 9.23 42.44 20.94 11.79 18.30 105.18 27.17 24.09 95.32 8.96 24.21 39.59 34.73 24.90 24.22 10.68 31.37 38.25 28.43 41.77 8.17 14.98
81.33 61.08 78.89 68.28 74.68 15.45 30.21 51.10 44.62 12.60 51.30 6.40 18.54 20.58 142.90 41.28 54.55 7.84 24.62 42.33 60.85 133.06 163.41 94.53 58.69 100.80 8.84 42.16 159.56 9.31 40.07 21.19 11.60 17.97 102.49 27.28 23.91 95.63 8.94 23.74 40.25 34.57 24.69 24.76 10.57 31.26 37.72 28.03 41.09 7.84 15.10
80.70 59.21 76.01 68.45 72.88 14.76 29.00 49.46 44.07 12.45 49.53 6.37 18.62 20.35 142.98 41.48 54.46 7.84 24.72 43.41 59.61 144.37 166.01 93.82 57.07 98.55 8.66 42.56 154.12 9.22 41.21 20.79 11.69 18.38 99.70 27.36 23.54 98.14 8.38 22.68 38.77 34.37 24.56 24.37 10.64 32.15 37.15 27.44 41.45 7.55 15.06
81.08 60.10 75.87 68.96 73.12 15.09 30.30 48.82 45.38 12.57 51.02 6.55 18.65 20.46 145.55 41.04 52.38 7.73 24.86 44.18 59.79 140.41 164.73 93.00 58.57 98.60 8.63 44.06 154.16 9.20 41.31 20.60 11.23 18.31 99.59 28.12 23.65 102.44 8.59 22.44 38.77 34.57 24.52 23.90 10.64 32.57 37.04 27.72 41.50 7.63 15.18
81.92 60.78 76.20 68.78 73.48 15.00 31.50 48.79 45.70 12.94 51.41 6.39 19.44 20.45 146.95 41.35 52.70 7.86 25.67 45.10 60.39 141.27 174.65 95.64 58.34 97.56 8.84 43.72 155.70 9.23 42.35 21.36 11.30 18.38 99.73 27.92 23.72 102.20 8.94 23.03 39.25 34.51 24.17 24.25 10.70 32.03 37.04 27.97 41.24 7.70 15.58
81.09 61.65 76.55 67.56 75.02 14.47 30.14 48.78 45.96 12.82 51.45 6.18 19.25 20.52 142.82 41.26 53.25 7.70 24.98 43.11 59.40 148.50 171.63 92.45 56.26 95.63 8.79 41.63 157.94 9.33 41.43 21.04 11.15 18.39 96.19 28.20 23.56 102.03 8.63 21.87 39.79 33.76 24.20 23.53 10.66 31.10 36.64 28.12 41.30 7.63 15.42
81.97 61.04 79.02 67.57 76.32 14.53 30.29 49.36 47.32 12.73 51.48 6.45 19.69 20.84 147.48 42.82 55.54 7.71 25.47 42.42 62.48 149.16 170.48 93.23 57.22 97.61 9.17 42.33 160.19 9.51 40.62 20.94 11.58 18.89 95.85 28.95 23.57 99.93 8.59 21.53 39.47 33.64 24.57 24.30 11.10 31.14 35.95 27.57 41.67 7.84 15.79
82.50 62.46 76.13 67.35 77.25 14.80 30.88 49.03 47.78 12.33 51.67 6.41 20.56 20.88 147.16 43.43 55.66 7.65 26.65 41.94 63.35 152.63 168.95 95.38 58.78 96.36 9.35 43.14 161.28 9.63 41.72 20.58 11.85 18.95 96.25 28.34 23.83 103.42 8.91 21.48 40.44 33.47 24.75 24.11 11.12 31.74 36.37 26.14 40.78 7.99 16.34
83.11 61.93 74.67 67.89 77.59 14.55 31.07 48.57 47.89 12.36 51.50 6.51 20.78 20.88 146.94 44.13 58.08 7.59 26.98 43.51 62.77 156.52 177.27 96.57 59.03 98.00 9.13 43.30 160.26 9.49 40.44 20.60 11.76 19.31 97.43 28.51 23.50 109.22 9.00 20.79 40.76 32.44 24.82 24.36 11.36 31.37 36.57 27.06 40.07 7.99 16.34
82.74 61.74 76.27 66.11 77.84 13.98 30.71 48.81 46.32 12.18 51.65 6.51 20.74 20.83 145.21 43.73 57.41 7.71 27.50 42.68 61.00 159.70 173.58 96.43 57.19 102.89 8.87 43.77 155.53 9.76 39.72 20.33 11.82 18.96 95.85 28.62 23.02 107.70 8.83 21.36 38.74 32.69 25.00 24.85 11.32 31.25 36.26 26.72 40.41 7.98 16.90
82.74 61.65 77.94 64.52 78.44 13.86 30.34 48.57 46.26 12.25 51.42 6.48 20.55 20.11 147.74 43.38 58.59 7.58 28.27 42.38 61.13 159.35 174.15 99.18 59.52 102.64 8.64 43.34 155.53 9.75 37.78 20.26 11.67 18.69 96.21 29.45 22.45 107.88 8.69 20.57 39.91 32.57 24.79 24.28 11.55 32.17 36.22 27.11 39.74 7.97 16.29
83.47 60.88 76.95 64.66 80.29 13.89 31.61 50.31 45.45 12.56 50.34 6.60 20.73 19.71 153.07 43.84 58.18 7.51 27.53 44.74 63.04 152.40 173.38 101.29 59.62 106.34 8.83 44.09 158.25 9.92 36.98 20.35 11.78 18.98 97.82 28.77 23.04 111.33 8.82 20.45 41.76 32.84 24.93 24.27 11.57 32.75 37.08 27.92 39.49 8.10 16.49
83.61 59.87 76.76 65.21 78.28 13.93 31.25 50.97 46.58 12.72 51.82 6.54 20.78 20.10 155.85 43.74 58.56 7.24 26.94 43.55 64.35 151.76 173.41 98.93 60.69 109.07 8.95 44.79 156.85 10.03 37.25 20.14 11.66 18.98 97.39 28.80 23.56 110.50 9.19 21.14 40.34 31.86 25.10 24.07 11.83 32.57 37.84 27.50 39.49 8.16 16.94
82.84 58.99 74.82 65.13 78.00 13.56 31.83 51.45 47.11 12.53 52.25 6.48 21.06 20.49 155.72 43.83 57.98 7.47 26.11 44.25 62.62 148.83 170.20 98.91 56.34 107.11 9.07 43.76 152.56 9.78 36.03 20.01 11.55 18.98 98.95 27.91 23.58 109.61 8.98 21.73 39.28 31.79 24.88 23.98 11.40 32.15 37.64 27.50 39.86 8.13 16.63
83.18 60.29 75.39 65.14 75.48 13.51 32.79 51.86 47.33 12.55 52.28 6.63 20.91 20.43 156.28 41.26 59.73 7.40 25.98 43.75 63.51 158.00 162.71 98.35 56.86 106.00 9.03 44.71 156.19 9.61 35.92 19.67 11.67 19.16 100.54 28.32 23.40 112.87 9.10 20.45 39.54 31.60 24.93 23.35 11.73 32.15 38.38 27.61 39.22 8.10 16.77
83.11 60.62 76.27 66.10 76.78 13.66 33.19 53.59 47.08 12.73 54.21 6.55 20.91 20.78 160.09 40.58 60.50 7.29 25.10 43.34 65.98 151.00 159.97 101.34 56.61 104.65 9.11 44.75 157.47 9.28 35.81 19.24 11.81 19.23 101.86 27.50 23.34 110.60 8.67 21.33 38.57 31.87 25.16 23.44 11.53 31.90 38.66 27.27 39.68 7.96 16.83
82.12 58.13 75.95 66.11 73.64 13.55 33.19 52.79 47.53 12.31 54.03 6.48 19.81 20.41 155.77 40.10 60.24 7.27 24.97 41.74 64.66 153.13 153.88 96.81 55.98 108.96 8.96 43.56 155.54 9.04 35.82 19.13 11.68 18.81 102.80 26.52 22.57 108.73 7.89 21.80 39.74 31.35 25.19 22.74 11.71 32.05 38.19 26.90 38.85 7.80 15.86
82.48 57.26 73.42 66.43 71.61 13.71 33.38 51.88 47.40 12.05 52.92 6.39 19.79 19.86 157.44 39.85 59.00 7.41 25.76 41.13 65.95 161.54 154.01 99.76 58.65 112.68 8.98 43.97 153.70 8.91 36.58 19.07 11.90 19.21 101.98 26.56 22.66 106.60 8.06 21.59 42.25 31.27 24.82 22.75 11.87 32.42 38.46 26.11 38.96 7.80 15.51
83.26 59.25 71.99 68.43 69.71 14.57 33.36 52.29 48.63 12.10 53.36 6.40 19.90 19.40 159.15 40.48 58.61 7.54 27.02 41.12 65.43 151.89 162.72 100.95 60.60 108.65 9.17 44.97 158.49 8.82 39.04 19.21 12.36 20.18 102.64 27.07 22.53 105.66 8.17 22.10 43.27 31.68 24.79 23.17 11.96 32.47 38.87 27.68 39.90 8.13 15.84
84.07 58.98 74.98 66.97 69.16 14.55 33.83 52.65 49.36 12.28 53.48 6.43 21.21 20.01 159.82 43.19 58.40 7.72 26.21 40.75 66.50 151.85 167.68 102.32 62.42 110.71 9.52 44.48 152.21 8.68 37.54 19.35 12.21 20.36 104.13 27.63 22.30 108.42 8.46 22.71 43.67 31.66 24.81 23.44 12.08 32.92 39.57 27.43 39.35 8.23 16.37
83.12 58.41 78.13 66.15 67.95 14.19 33.74 52.69 51.07 11.93 52.04 6.34 20.93 19.57 157.71 43.89 58.54 7.72 26.22 40.43 67.00 150.26 165.54 102.16 63.04 109.66 9.52 44.31 147.20 8.49 37.24 18.65 11.68 20.46 102.75 25.19 22.06 100.59 8.15 22.70 44.48 31.26 24.81 23.17 11.75 32.55 39.83 27.44 38.22 8.12 16.14
81.45 56.89 76.21 65.48 67.58 13.56 33.35 52.59 51.11 11.90 51.40 6.35 20.32 19.21 156.18 43.36 57.25 7.51 25.94 40.63 68.46 140.48 163.60 102.96 61.65 103.99 9.45 43.62 144.87 8.40 34.64 18.18 11.53 20.15 104.35 23.68 21.69 95.07 7.90 22.04 45.46 30.87 24.63 23.03 11.56 31.60 38.43 26.44 37.21 8.04 16.38
82.02 57.77 75.02 64.91 67.44 13.60 35.66 53.00 51.25 11.74 50.52 6.35 20.35 19.73 155.09 43.31 58.11 7.39 24.94 40.74 66.85 142.24 163.54 103.26 60.90 106.10 9.71 43.88 142.76 8.47 32.98 18.36 11.50 20.20 104.72 24.32 21.67 100.99 8.00 22.22 45.44 31.54 24.58 23.50 11.66 31.47 38.29 26.83 36.65 8.04 16.10
81.87 56.60 73.06 63.75 68.16 13.59 36.87 53.46 50.61 11.75 50.68 6.26 20.90 19.16 152.21 42.87 57.27 7.61 24.26 39.65 67.54 138.95 163.86 103.93 59.54 106.75 10.02 44.36 143.46 8.48 33.09 18.72 11.92 20.46 103.89 23.03 21.66 99.70 7.74 22.04 43.87 31.31 24.58 24.19 11.66 31.65 38.10 26.68 37.00 7.88 16.04
81.49 57.25 72.72 62.65 67.59 13.56 36.46 53.39 50.09 11.44 50.62 6.39 20.68 19.28 154.80 43.00 58.77 7.69 22.97 38.67 70.38 131.36 167.04 105.32 59.04 111.05 9.79 44.21 143.41 8.45 31.72 18.64 11.24 19.85 103.89 22.14 21.27 102.01 7.91 21.67 42.90 31.08 24.87 23.88 11.45 32.29 38.90 26.71 35.95 7.88 15.83
81.98 58.13 72.64 61.84 66.85 13.86 37.64 53.65 49.13 11.08 50.91 6.30 21.00 19.69 154.20 43.46 60.75 7.68 23.07 40.28 68.38 133.28 171.77 101.85 59.31 112.50 10.12 44.29 145.44 8.21 31.57 19.03 11.26 19.70 101.32 22.82 21.13 106.50 7.70 21.85 41.62 31.49 25.01 24.14 11.54 30.50 38.76 26.92 35.77 7.93 15.99
82.94 59.54 71.70 62.82 68.00 14.16 36.60 53.82 48.90 11.23 49.48 6.18 21.27 19.64 154.84 43.54 60.68 7.82 24.49 40.97 67.93 140.51 178.47 104.67 61.27 117.43 10.12 44.50 147.45 8.15 32.67 19.24 11.57 19.69 99.86 24.11 21.16 108.55 7.70 22.19 40.87 31.41 25.40 24.97 11.50 30.95 39.18 27.11 36.16 8.17 16.82
81.71 59.25 69.21 61.13 68.13 13.77 35.63 53.09 48.97 10.90 51.17 6.27 20.60 19.03 151.13 42.44 57.94 7.79 24.31 40.42 67.14 134.60 179.78 104.65 61.86 118.29 9.84 43.64 146.92 7.90 31.75 19.06 11.58 19.14 98.65 24.22 20.91 109.81 7.73 21.30 41.61 30.67 24.86 24.73 10.90 29.41 38.72 26.17 36.11 7.75 16.35
82.31 60.25 72.69 60.74 68.55 13.80 36.53 53.79 49.29 10.87 52.39 6.56 20.43 18.78 154.56 44.79 55.90 7.63 23.94 39.71 67.25 138.27 181.42 104.62 60.94 123.40 9.70 44.05 149.75 7.78 32.05 19.24 11.38 19.57 101.06 23.56 21.24 109.99 7.63 21.04 42.89 31.04 25.35 24.79 10.83 29.15 38.86 25.63 36.75 7.82 16.13
81.14 60.08 70.91 59.66 67.47 13.76 36.84 53.23 48.78 10.96 53.06 6.44 20.20 18.69 153.80 45.24 55.42 7.43 23.47 40.26 64.61 144.93 175.46 99.47 60.20 121.58 9.46 44.08 141.25 7.49 31.16 18.94 11.39 19.27 97.99 22.55 20.99 100.68 7.33 19.99 42.94 30.56 25.29 24.19 10.82 28.16 38.61 24.65 36.02 7.74 15.53
81.32 59.43 69.37 58.72 67.79 13.59 36.95 53.89 49.53 10.89 52.44 6.40 21.17 18.71 153.40 44.77 53.58 7.54 23.31 41.55 63.83 148.00 175.49 99.11 61.68 122.60 9.28 44.76 140.73 7.51 31.25 18.97 11.48 19.24 96.82 23.04 21.06 106.29 7.35 20.25 42.41 30.16 25.19 24.13 10.75 28.73 38.54 23.92 35.37 7.79 15.68
80.39 59.24 69.39 56.88 67.10 13.19 36.15 54.01 48.65 10.91 49.29 6.25 21.17 18.53 149.72 43.59 53.19 7.49 23.37 40.34 62.75 142.92 177.56 98.27 61.18 125.12 9.31 43.13 137.50 7.52 30.01 19.08 11.25 18.92 94.61 22.18 21.56 109.43 7.29 19.66 40.30 29.95 25.19 23.92 10.48 28.07 37.70 25.06 35.62 7.90 15.66
79.62 57.85 67.54 55.61 66.71 12.92 34.77 54.38 48.35 10.20 48.78 6.33 21.32 17.74 148.87 43.83 53.21 7.56 22.99 39.44 61.98 148.66 175.87 100.84 59.94 121.61 9.56 43.40 134.82 7.80 29.09 18.83 11.28 18.33 91.93 21.36 21.64 105.02 7.13 19.51 40.69 29.89 25.04 24.23 10.19 27.55 37.09 25.20 35.53 8.27 15.62
79.28 56.61 67.91 56.31 66.56 12.97 35.24 53.82 47.28 10.02 46.92 6.25 20.85 18.27 147.41 43.52 53.52 7.52 23.00 39.12 61.91 145.74 175.95 98.64 59.97 124.65 9.91 44.21 136.77 7.79 28.69 19.04 11.74 17.98 92.27 20.50 21.33 105.96 6.83 18.76 39.44 29.82 24.81 24.18 9.92 27.93 37.15 24.37 35.06 8.18 15.86
78.63 55.99 67.91 56.66 66.25 12.90 34.58 53.67 48.74 9.95 46.34 6.30 20.96 18.18 145.28 43.36 54.39 7.25 22.08 39.43 61.11 146.60 175.77 97.66 58.94 124.09 9.69 42.95 137.92 7.70 28.04 18.74 11.33 18.25 90.99 19.08 21.49 101.99 6.65 18.35 38.45 29.81 25.00 24.06 10.29 27.88 36.70 24.09 35.78 8.04 16.03
80.82 57.18 72.66 59.17 66.53 13.59 36.87 55.78 50.56 10.28 48.87 6.56 20.93 18.74 150.34 45.83 54.21 7.53 22.71 40.48 61.41 154.16 182.09 99.53 59.39 123.10 9.92 44.17 150.00 7.94 29.77 19.15 11.65 19.03 94.71 19.78 21.80 104.32 6.67 19.38 39.06 29.72 25.11 24.13 10.34 28.12 37.49 24.33 36.57 8.05 16.15
80.75 58.61 72.53 59.12 65.51 13.63 36.83 54.73 50.17 10.37 50.55 6.52 21.27 18.01 146.85 45.65 56.03 7.63 22.85 41.93 60.70 152.81 183.07 100.33 57.93 118.25 10.09 44.85 150.25 7.93 31.16 19.05 11.64 18.55 93.92 20.12 21.60 103.43 6.66 20.10 38.02 29.41 25.16 24.46 10.19 27.64 36.95 25.44 37.31 8.37 16.07
80.46 58.03 73.98 60.22 67.38 14.01 35.66 54.12 48.90 10.54 51.17 6.70 21.01 18.08 149.79 45.72 56.28 7.74 22.68 41.32 60.39 146.17 184.39 97.56 58.04 115.68 10.01 44.14 150.46 8.05 32.36 19.14 11.56 17.78 92.54 19.78 22.40 99.00 6.71 19.58 36.51 29.99 25.23 24.76 10.44 27.91 36.85 25.68 38.57 8.41 16.14
80.59 56.77 75.59 60.54 67.81 14.15 35.10 52.79 49.14 10.70 50.08 6.57 21.35 18.33 151.00 45.83 57.76 7.85 22.97 42.52 61.14 144.51 185.28 97.60 57.45 113.60 9.92 43.98 152.08 8.19 31.35 19.33 11.71 17.94 94.30 19.12 22.39 102.07 6.39 19.87 38.86 29.91 25.24 24.30 10.28 28.12 37.15 25.98 38.50 8.48 16.25
80.62 57.54 72.83 60.35 69.16 14.98 35.89 52.39 49.74 10.67 49.61 6.69 21.99 18.24 147.15 44.14 57.08 7.73 21.47 42.24 61.23 142.00 182.48 98.99 57.70 108.53 9.84 43.99 152.18 8.43 32.89 19.66 11.76 18.18 96.71 19.27 22.86 101.19 6.31 20.29 38.25 30.00 25.17 24.56 10.34 28.23 37.16 26.08 38.71 8.73 16.58
79.34 57.78 71.04 58.95 67.39 14.90 32.98 51.95 50.74 10.57 49.44 6.78 21.56 18.26 146.09 44.11 56.10 7.69 21.85 41.78 61.32 141.88 180.14 99.24 55.98 102.41 9.84 43.49 151.97 8.16 31.58 19.53 11.50 18.05 94.77 18.90 22.74 98.77 6.21 20.01 39.26 29.65 24.96 24.52 10.38 28.69 36.38 25.09 38.04 8.51 16.32
78.88 58.24 68.27 57.85 66.63 14.90 32.48 51.75 49.38 10.78 49.27 6.67 21.01 18.17 144.10 45.28 55.34 7.41 21.11 41.76 62.68 143.66 172.55 98.34 56.63 105.03 10.00 41.91 149.62 7.94 30.76 19.45 11.61 18.16 95.52 19.25 22.67 99.39 6.00 20.19 39.71 29.57 24.72 24.11 10.21 28.56 36.12 25.01 37.62 8.33 16.44
78.84 58.06 68.40 56.79 67.92 14.78 32.73 51.07 49.45 10.97 49.74 6.61 20.62 18.43 147.52 43.53 55.90 7.40 21.43 41.64 60.62 148.06 172.07 100.30 56.40 106.07 10.25 41.87 150.69 7.80 30.44 19.26 11.95 18.07 93.00 19.34 23.00 98.48 6.32 19.25 38.29 29.73 24.64 24.04 10.09 27.79 35.91 24.82 38.15 8.05 16.05
78.42 58.08 66.43 54.75 67.83 15.94 32.21 50.10 48.70 10.90 49.71 6.59 19.59 18.14 146.46 42.68 56.64 7.26 20.37 41.08 61.80 144.32 172.32 101.94 57.54 108.54 10.17 41.28 148.48 7.84 29.51 19.07 12.01 17.74 93.98 19.86 23.05 101.31 6.35 18.38 37.17 30.05 24.52 23.50 10.14 28.08 35.89 24.39 37.23 7.86 15.71
78.61 58.16 64.97 55.48 68.24 15.55 31.69 50.85 48.94 10.89 48.46 6.59 18.61 18.03 150.53 42.83 56.71 7.29 20.58 40.97 62.66 145.13 177.88 104.68 60.30 102.47 10.06 41.66 151.81 7.84 29.19 19.10 11.81 17.54 95.77 20.29 22.94 103.93 6.47 18.41 37.99 30.33 24.66 23.81 10.18 28.64 35.86 23.39 37.23 7.72 15.76
77.20 57.20 61.73 55.54 65.82 14.74 30.33 50.12 47.45 10.70 46.04 6.38 18.54 17.20 146.74 41.25 57.64 7.17 20.91 40.84 60.45 149.36 176.68 105.40 60.77 101.82 9.90 40.98 150.79 7.48 28.89 18.82 11.39 17.04 93.81 20.44 22.51 97.72 6.15 17.60 35.38 30.35 24.40 24.15 9.65 29.36 34.88 23.75 37.59 7.33 15.43
78.30 58.32 62.60 56.10 67.15 14.61 32.00 49.82 47.36 10.72 46.79 6.35 18.15 17.30 152.85 42.54 57.77 7.23 20.94 40.52 61.61 157.34 178.33 103.51 62.82 101.13 9.80 41.96 154.06 7.25 30.09 18.74 11.31 17.15 93.21 21.51 22.50 104.35 6.12 17.57 35.05 30.54 24.60 23.82 9.60 29.86 35.39 23.74 37.20 7.64 15.89
79.44 58.54 64.71 56.30 67.75 14.58 32.90 49.99 49.68 10.50 46.13 6.58 18.67 17.67 153.59 42.76 58.83 7.40 20.45 40.91 62.08 158.82 182.94 109.45 62.23 100.57 10.54 42.68 157.29 7.56 30.97 18.88 11.64 16.85 94.59 20.84 23.20 107.20 6.29 18.96 35.04 31.11 24.80 23.76 9.76 30.64 36.08 23.88 39.10 7.88 16.41
79.77 60.29 66.49 56.39 66.30 14.33 34.04 49.07 50.08 10.69 46.77 6.51 19.45 17.41 150.54 43.10 57.52 7.46 20.05 41.88 61.21 162.09 189.74 112.49 61.05 101.43 10.53 43.10 153.00 7.90 29.40 18.91 11.88 17.17 97.06 20.35 23.84 102.35 6.16 19.40 36.31 31.69 24.80 23.83 9.65 30.59 36.45 23.51 39.29 8.05 17.20
80.01 61.90 66.57 57.21 67.03 14.74 33.77 49.42 51.12 10.77 48.32 6.54 19.66 18.09 152.26 44.11 57.23 7.53 18.95 41.78 63.65 152.32 189.38 110.72 59.22 106.03 10.89 43.06 154.80 8.14 29.89 19.08 12.11 16.98 98.46 20.96 23.51 98.43 6.07 19.41 36.04 31.81 24.83 24.29 9.77 30.86 37.00 24.02 40.33 7.99 17.23
79.80 60.33 66.57 56.91 67.64 14.45 33.14 49.69 51.43 10.85 49.15 6.47 19.54 17.86 155.10 41.95 58.03 7.56 18.79 40.56 62.73 153.60 186.41 109.57 58.25 108.18 10.78 42.03 147.93 8.32 31.46 18.82 12.49 16.54 98.91 20.71 23.65 97.48 6.29 19.63 35.67 31.81 24.24 24.44 9.83 29.60 36.57 25.15 40.41 8.17 17.01
80.65 60.83 66.97 57.18 66.87 14.31 33.86 49.68 50.17 10.87 50.14 6.58 19.33 17.62 157.24 42.45 58.58 7.52 19.41 38.97 64.31 161.37 193.89 109.93 59.99 104.01 10.59 42.75 150.55 8.36 33.21 18.86 12.19 16.83 98.88 21.09 23.79 98.50 6.57 19.23 37.34 32.41 24.35 24.70 9.85 28.97 36.59 26.20 41.58 8.20 16.87
82.06 61.09 69.61 58.42 67.76 14.67 35.13 50.44 49.98 10.91 51.19 6.85 19.46 17.63 163.30 43.13 61.07 7.44 19.35 40.46 65.75 160.43 188.19 110.77 62.14 109.91 10.82 43.12 156.28 8.31 33.33 19.05 12.42 17.32 100.13 22.20 24.08 96.01 6.92 18.89 39.11 32.50 24.39 25.41 9.90 29.44 37.58 26.73 42.26 8.27 17.50
82.95 60.53 70.64 57.16 66.62 15.23 34.22 50.92 49.87 11.25 51.40 6.94 19.86 17.81 161.51 44.90 62.77 7.60 19.21 40.80 66.17 176.71 187.04 114.57 61.38 106.96 10.81 44.76 164.03 8.53 32.22 18.93 12.46 17.61 101.55 21.53 24.22 99.02 6.80 18.86 40.17 31.98 24.46 25.78 10.19 30.42 38.09 27.87 41.23 8.31 17.84
83.46 61.76 70.82 58.11 65.15 15.50 34.23 50.81 50.78 11.18 52.71 7.00 20.32 18.45 163.74 44.50 62.14 7.61 19.36 39.87 67.10 193.06 184.96 116.50 60.01 112.27 10.89 44.85 166.92 8.59 33.73 18.40 12.39 18.07 101.59 20.56 23.59 97.13 6.99 19.26 40.89 32.01 24.39 25.18 10.36 29.85 38.78 26.90 40.48 8.15 18.22
84.84 63.94 72.78 58.98 65.51 15.74 34.41 51.48 50.64 11.50 51.51 7.18 20.74 18.70 168.40 43.99 63.31 7.90 19.71 40.12 68.98 200.85 187.94 116.99 61.83 113.24 11.18 44.51 168.32 8.50 36.28 18.89 13.07 18.47 102.03 20.50 23.69 100.92 6.70 19.51 40.92 32.78 24.59 25.81 10.74 29.75 39.26 27.46 40.61 8.13 17.94
84.25 63.13 74.66 58.49 64.44 16.26 34.41 51.59 51.58 11.40 50.20 7.42 20.95 19.00 167.02 42.22 62.04 7.76 19.85 39.96 68.42 195.96 189.81 118.15 59.45 106.16 11.11 43.92 168.08 8.29 37.02 18.96 13.09 17.86 104.39 19.46 23.90 104.77 6.82 18.53 42.15 32.84 24.65 25.26 10.66 30.00 39.40 26.76 39.88 8.21 17.85
81.40 61.44 74.28 56.46 61.32 15.06 33.82 50.42 49.08 11.06 50.08 7.14 19.38 18.53 165.90 40.57 58.26 7.48 18.26 38.54 66.35 188.84 183.01 113.92 55.49 103.62 11.04 43.05 163.66 8.14 34.97 18.34 12.71 17.82 101.95 17.94 22.95 99.54 6.59 17.73 40.59 32.08 24.32 24.31 10.42 29.31 38.34 26.12 38.69 7.75 17.04
80.24 61.30 72.99 55.15 61.00 14.75 34.37 50.15 47.66 10.97 49.54 7.09 20.07 17.84 162.18 40.05 56.22 7.45 18.62 37.06 65.34 179.55 188.77 112.88 54.84 99.19 11.19 41.85 161.94 7.95 33.55 18.47 12.47 17.24 97.87 17.80 22.44 96.26 6.50 17.71 40.18 31.79 24.34 23.80 10.53 28.74 37.93 25.51 37.72 7.73 16.72
80.63 63.08 70.62 55.92 61.06 14.20 34.03 50.28 46.81 11.00 49.67 6.97 20.59 18.10 163.89 40.96 56.50 7.65 18.73 37.76 65.51 187.64 193.48 114.57 56.07 99.34 10.96 40.97 159.54 7.92 34.51 18.86 12.50 16.86 95.76 18.48 22.14 94.37 6.32 18.14 41.53 32.18 24.71 23.77 10.55 28.44 37.98 24.95 37.16 7.87 16.32
81.96 65.02 73.05 58.22 61.09 14.49 34.71 51.69 47.34 11.14 50.98 6.94 20.47 18.09 168.88 41.65 57.85 7.49 18.83 37.32 71.44 184.38 196.15 114.68 58.90 102.82 10.78 43.20 161.80 7.98 35.23 18.77 12.60 17.34 97.93 19.40 22.43 95.49 6.57 18.26 42.49 32.60 25.01 23.96 10.81 28.70 38.50 24.88 37.82 8.31 16.80
81.68 66.48 71.99 57.98 61.76 14.28 34.53 52.24 46.92 11.38 49.91 7.13 20.78 18.95 166.74 42.37 58.25 7.53 19.12 37.24 72.62 179.87 199.26 113.15 58.44 101.14 10.66 43.95 160.12 7.89 35.25 18.50 12.50 17.75 98.77 19.05 21.95 92.45 6.34 18.20 43.13 32.43 24.81 23.82 10.83 28.60 38.37 23.94 38.23 8.19 16.88
82.82 66.57 74.36 58.03 64.95 14.69 34.49 52.98 46.53 11.14 51.47 7.19 20.33 18.81 165.37 42.85 58.23 7.70 20.04 37.66 73.00 186.07 209.37 118.16 58.93 101.55 10.90 43.58 157.67 8.21 37.03 18.78 12.81 18.00 97.81 18.35 22.60 96.42 6.72 19.00 43.03 33.07 24.84 24.12 10.88 28.68 38.32 24.25 39.07 8.24 16.74
81.50 65.34 71.81 56.50 64.03 14.22 33.57 52.96 46.22 10.89 51.21 7.28 20.09 18.47 166.09 41.30 55.69 7.81 19.84 36.36 71.20 183.14 212.08 117.68 57.56 98.99 10.82 42.65 153.46 7.98 37.36 19.12 12.66 17.82 96.67 17.96 22.54 93.17 6.47 18.50 42.21 32.00 24.47 23.88 10.50 28.34 37.80 23.63 38.77 8.03 16.20
83.09 65.68 73.97 57.22 64.30 14.25 32.70 54.35 47.03 10.93 52.83 7.30 20.33 18.41 169.64 42.13 54.76 7.68 20.55 36.59 72.52 200.22 218.48 123.94 60.37 104.52 10.78 43.65 152.14 8.18 38.46 19.35 12.85 18.08 96.79 19.34 22.93 98.54 6.60 18.68 42.49 31.89 24.72 24.76 10.66 28.06 37.68 23.20 38.32 7.92 16.47
83.03 65.83 75.31 58.99 63.49 14.30 32.23 53.87 47.90 10.94 51.36 7.41 20.88 17.71 168.29 42.73 55.70 7.73 20.51 35.91 73.55 197.98 211.16 130.02 59.40 104.01 10.99 43.90 153.78 8.30 37.35 19.32 12.85 18.67 95.78 19.05 23.09 96.77 6.92 18.52 43.08 31.33 24.59 24.22 10.93 28.98 38.68 22.97 37.80 8.45 16.38
82.02 66.04 76.83 58.93 61.47 13.81 31.69 53.78 46.84 10.72 49.88 7.15 20.81 17.37 164.50 42.58 54.37 7.47 21.19 35.31 70.76 193.29 213.21 129.76 56.57 106.00 11.11 42.49 151.95 8.37 37.85 19.17 13.03 18.48 95.97 18.59 23.06 97.36 7.08 17.39 42.17 30.24 24.81 23.81 10.77 28.84 38.55 22.99 36.95 8.20 16.07
83.45 66.50 78.88 59.71 61.24 13.67 33.44 54.81 46.57 11.44 49.78 7.16 22.12 17.64 170.60 42.43 55.42 7.86 20.25 35.35 71.87 194.59 217.16 132.68 56.82 105.71 11.37 41.42 154.63 8.58 36.67 19.23 12.94 18.96 100.44 19.26 23.17 105.52 7.24 17.75 44.08 30.16 25.32 24.24 10.64 29.29 39.14 23.07 37.30 8.41 16.49
83.27 65.29 78.43 58.43 62.76 14.01 33.71 55.85 46.53 11.13 48.57 7.27 21.97 18.02 164.69 42.78 53.01 8.06 20.04 35.98 71.46 201.26 216.37 130.57 57.36 109.91 10.90 41.08 155.71 8.46 37.73 19.59 12.67 18.85 101.34 19.22 23.02 101.01 7.39 18.23 43.04 29.87 24.95 24.33 10.54 28.60 38.94 21.77 37.45 8.45 16.85
83.06 63.72 78.02 58.47 63.76 13.79 32.92 55.95 46.48 11.29 48.29 7.14 22.57 17.74 162.73 42.80 53.35 8.22 20.36 35.52 70.05 197.05 216.68 130.34 57.22 113.28 10.59 41.07 155.10 8.32 36.62 19.58 12.88 18.71 100.21 19.13 23.27 101.59 7.35 18.80 43.37 30.03 25.00 24.00 10.49 29.47 39.41 21.69 37.39 8.33 16.76
84.23 66.19 79.77 59.42 65.02 14.64 34.25 56.62 46.26 11.66 50.15 7.55 22.82 17.97 165.30 41.82 55.42 8.08 19.81 35.71 71.18 194.19 225.43 128.33 58.34 113.84 10.90 41.70 162.39 8.34 37.89 19.86 13.33 18.73 102.94 18.90 22.99 102.10 7.70 19.25 44.30 30.44 25.18 24.33 10.48 29.96 39.02 22.02 37.94 8.31 16.11
85.45 65.60 79.51 59.71 66.71 14.97 34.46 57.73 48.94 11.52 51.92 7.56 23.39 18.18 168.20 43.92 56.06 8.29 20.04 37.19 70.51 200.34 228.10 131.01 58.21 113.97 10.78 42.42 165.72 8.44 37.94 19.87 14.22 18.84 104.96 19.25 23.39 101.50 7.88 20.41 44.02 31.10 25.63 24.63 10.58 30.43 38.56 22.75 38.83 8.73 16.22
86.25 66.25 81.19 60.48 69.14 16.09 34.49 57.34 48.49 11.70 52.75 7.67 23.58 18.10 168.59 43.81 56.70 8.36 19.59 36.91 68.70 210.60 230.83 132.79 56.50 113.34 10.84 42.79 166.64 8.74 40.23 20.07 14.08 18.79 105.17 19.70 23.56 101.82 8.02 20.54 42.82 31.27 26.04 24.82 10.98 30.38 38.95 22.39 38.63 8.82 16.81
86.55 67.76 79.02 60.51 70.93 16.72 34.09 57.18 48.49 11.65 55.21 7.92 24.17 17.43 166.04 44.35 56.47 8.42 20.83 37.33 67.13 211.84 231.68 135.43 54.04 114.20 11.32 42.91 165.63 8.79 40.25 19.61 14.40 18.78 105.61 20.19 23.49 102.85 7.73 20.19 43.64 31.31 26.09 24.81 11.25 29.69 39.45 22.35 39.13 8.64 16.96
87.07 67.72 78.45 60.32 71.09 16.76 34.46 57.63 49.22 11.55 56.01 7.88 23.93 17.32 164.75 43.76 57.00 8.33 21.28 36.57 65.89 210.12 237.18 132.12 53.82 115.78 11.52 43.39 166.68 8.70 40.74 20.16 14.32 19.05 103.63 21.25 23.47 103.64 8.03 20.65 45.29 31.28 26.42 25.25 11.26 29.88 39.59 23.52 39.60 8.50 16.90
88.09 68.04 77.51 60.63 72.56 16.54 36.98 57.76 50.33 11.72 56.19 8.18 23.53 17.85 168.11 45.01 57.79 8.31 21.73 36.47 65.55 214.09 239.36 134.15 53.16 115.96 12.04 42.90 164.86 8.61 42.31 20.13 14.57 19.54 104.31 21.13 23.52 98.78 7.78 20.24 46.17 31.25 27.00 25.67 11.41 30.77 40.11 24.28 40.09 8.77 16.63
88.61 68.07 78.87 60.71 73.01 16.50 36.65 58.31 50.66 11.56 54.28 7.95 23.73 17.63 168.37 43.96 56.32 8.63 21.81 37.76 66.27 222.74 235.08 133.79 53.73 117.31 12.37 43.70 164.57 8.71 43.18 20.36 14.62 19.31 104.64 21.41 23.33 106.25 7.88 19.94 43.95 31.17 27.07 25.87 11.38 31.11 40.76 25.65 39.94 9.06 17.05
88.34 69.76 83.65 60.25 73.16 16.12 35.12 57.88 49.61 11.87 52.65 7.91 23.84 17.67 167.59 43.01 57.17 8.46 22.24 39.31 67.13 210.31 233.73 136.14 54.52 118.93 11.94 44.69 164.80 8.74 42.59 20.18 14.43 19.27 106.13 21.66 23.27 104.91 7.95 20.61 45.53 31.30 27.26 25.93 11.50 31.07 40.73 25.66 40.73 9.35 17.32
89.32 68.57 84.86 61.05 73.78 16.23 35.76 58.70 49.48 12.17 51.20 7.81 24.01 17.62 169.83 44.85 58.16 8.67 23.51 40.31 65.82 223.40 239.60 135.93 55.79 117.98 11.93 44.53 167.38 8.84 43.74 20.32 14.41 19.39 109.39 21.59 23.21 104.95 8.27 20.78 46.99 31.75 27.64 25.46 11.32 30.83 40.82 25.16 40.59 9.42 17.56
87.92 66.47 81.08 60.00 71.67 15.61 33.71 58.59 48.28 12.06 49.15 7.58 24.02 17.18 168.86 44.94 58.40 8.49 21.53 40.51 65.54 222.54 233.24 133.47 57.17 116.61 11.70 44.14 166.42 8.74 45.71 19.96 13.98 19.47 104.06 21.94 22.51 105.77 8.22 21.51 45.94 31.44 27.26 25.13 10.76 30.90 39.61 24.38 39.91 9.49 17.81
88.40 66.85 83.91 60.76 71.96 16.46 34.71 58.72 49.58 12.33 49.04 7.66 24.73 17.94 170.84 45.90 59.63 8.54 21.24 40.06 66.55 207.93 242.36 134.08 56.27 118.51 11.39 44.66 170.62 8.63 46.26 20.69 13.90 19.65 105.86 21.92 22.79 102.95 7.88 21.46 45.66 31.47 27.76 25.19 10.64 32.33 39.27 25.16 40.62 9.42 17.56
87.60 64.12 82.17 60.37 71.64 16.08 34.91 58.09 48.70 12.01 47.99 7.39 24.43 17.64 168.67 45.84 60.50 8.27 21.33 38.30 67.07 216.31 235.89 132.93 57.57 115.28 11.21 44.40 168.38 8.56 46.91 20.54 13.43 19.04 103.64 22.26 22.28 102.78 7.52 21.66 44.46 30.56 27.74 24.54 10.64 31.36 38.43 24.52 40.12 9.22 17.14
87.40 63.75 81.65 59.19 71.56 16.24 33.76 56.89 48.65 11.84 47.09 7.07 24.53 17.21 170.04 45.96 59.17 8.40 21.95 38.40 67.13 234.14 237.33 133.51 58.52 115.57 11.20 43.48 166.20 8.70 47.83 20.24 13.35 19.54 98.27 21.55 22.30 99.92 7.36 21.56 44.06 30.24 27.48 24.22 10.70 30.20 37.95 23.58 40.05 9.11 17.41
87.51 64.08 80.87 58.56 71.48 16.74 34.31 56.88 49.73 11.79 47.31 7.06 24.24 17.50 169.31 45.05 58.96 8.08 22.58 38.49 66.48 241.69 230.66 135.71 57.23 117.15 11.54 44.12 169.46 8.55 49.64 20.38 13.24 19.72 94.92 22.47 22.35 98.02 7.35 22.82 43.48 29.69 27.22 24.06 10.48 29.86 37.54 23.39 40.30 8.85 17.43
87.28 65.64 79.31 58.41 71.61 16.94 33.91 56.85 48.66 11.96 48.87 7.22 24.74 17.33 170.02 44.47 57.12 7.76 21.92 37.04 68.31 244.48 233.61 138.32 58.57 118.23 11.67 44.59 169.51 8.44 49.75 19.93 12.99 19.59 95.98 21.82 22.12 96.46 7.34 22.51 41.95 29.54 26.98 24.15 10.42 29.56 37.21 22.79 40.13 8.58 17.30
85.55 62.84 74.01 57.15 69.21 16.67 32.31 55.52 48.18 11.92 46.35 7.18 24.40 16.91 171.06 44.11 56.63 7.85 21.83 36.69 67.99 234.83 239.14 134.44 56.86 116.28 11.55 43.46 162.02 8.42 48.53 20.16 12.88 18.99 96.13 21.26 21.48 90.21 7.06 22.68 39.95 29.40 26.58 24.34 10.25 28.51 36.48 22.66 40.29 8.47 17.57
85.28 64.51 73.19 57.09 66.89 16.55 32.93 54.92 50.76 11.92 47.10 7.32 23.41 17.66 170.19 44.16 54.32 7.76 21.12 35.60 69.69 256.35 231.11 133.64 54.95 110.09 11.14 44.45 164.15 8.35 48.12 19.35 13.09 18.82 95.37 21.13 21.06 86.89 7.06 21.38 39.79 29.28 26.97 23.89 10.27 28.78 35.89 22.98 38.47 8.69 17.70
84.82 64.81 71.85 56.41 65.61 16.64 32.83 55.81 49.42 11.50 46.25 7.26 22.93 17.60 174.21 43.49 53.76 7.82 20.61 35.60 70.59 244.80 231.20 131.14 53.04 111.03 10.86 45.33 169.15 8.46 48.61 19.30 12.98 18.85 96.97 21.31 21.32 88.40 7.27 21.03 41.23 29.09 26.58 23.46 10.24 28.60 35.79 23.03 38.56 8.71 17.98
84.83 65.59 71.16 56.57 64.33 16.64 32.84 56.08 49.63 11.70 46.73 7.11 23.09 17.65 176.55 43.53 54.77 7.79 20.03 36.06 70.69 244.65 237.53 129.18 52.13 115.81 10.54 45.70 172.82 8.46 46.22 19.08 12.52 18.79 100.22 22.09 21.02 88.64 7.32 21.05 40.60 28.50 26.18 23.45 10.27 28.77 35.52 22.79 38.86 8.47 18.11
85.46 66.05 73.36 56.49 63.27 17.13 34.54 57.52 50.53 11.63 46.64 7.11 24.05 17.97 175.93 44.09 52.96 7.96 19.63 36.10 74.21 238.69 242.65 130.54 51.55 113.06 10.71 46.67 175.97 8.71 43.90 19.42 12.74 18.83 103.35 22.02 21.50 88.51 7.79 21.10 42.36 28.71 26.35 23.54 10.34 29.77 36.10 22.62 38.19 8.87 17.92
85.39 68.64 72.35 58.19 63.53 17.74 34.02 58.90 50.71 12.27 47.17 7.15 23.84 17.76 177.40 45.33 54.21 7.92 19.71 36.38 75.73 237.02 251.12 128.14 48.37 109.75 10.50 48.06 183.67 8.44 44.12 18.96 12.79 18.71 106.07 20.84 21.35 86.70 7.57 21.03 42.57 29.11 26.04 23.40 10.34 28.87 36.37 22.54 37.77 8.76 17.94
86.25 69.83 74.45 58.33 63.73 18.32 34.29 59.41 51.74 12.37 49.01 7.38 24.22 18.31 181.41 44.22 53.30 7.97 18.78 36.71 75.26 239.35 251.07 125.48 50.16 109.27 10.92 48.80 182.89 8.42 43.01 19.25 13.13 18.33 105.62 20.56 21.48 89.50 8.15 22.38 44.42 29.59 26.45 23.62 10.59 29.51 36.16 22.68 36.85 9.08 18.17
87.63 70.95 77.86 58.94 64.67 18.15 33.65 60.42 52.32 13.04 49.69 7.52 25.57 18.27 180.70 44.35 55.38 7.90 19.65 36.18 76.15 244.20 261.24 128.07 49.91 114.30 11.06 49.77 185.66 8.23 44.46 20.10 13.29 18.69 106.32 19.75 21.99 92.16 8.42 23.34 45.77 30.05 26.67 23.95 10.43 29.90 36.40 22.98 37.98 9.37 18.55
87.19 69.70 77.48 60.46 65.42 18.41 32.21 60.97 52.72 12.94 49.74 7.61 25.13 19.01 181.57 42.72 55.71 7.76 19.63 36.48 75.98 240.10 262.41 128.08 48.13 114.59 11.12 49.46 185.29 8.47 41.28 20.00 13.78 19.21 106.16 19.50 21.70 91.09 8.17 23.63 45.06 29.83 26.61 23.65 10.45 30.21 36.17 23.06 38.56 9.62 18.67
87.56 72.06 77.29 60.13 65.56 19.12 33.83 60.26 52.72 13.09 49.69 7.58 25.07 19.10 182.22 41.99 55.43 7.78 19.18 36.25 75.65 241.83 266.51 128.57 48.28 111.31 11.28 49.77 179.87 8.58 41.19 20.05 13.94 18.86 107.31 19.42 21.65 90.79 8.18 23.89 43.76 29.52 26.82 24.21 10.32 30.64 36.22 24.00 38.40 9.75 18.67
86.91 73.17 77.61 58.66 63.80 19.05 34.76 59.81 49.67 12.90 48.04 7.75 23.85 19.48 182.99 41.98 54.12 7.76 19.79 35.85 73.71 234.18 260.77 122.45 47.84 111.70 11.15 51.16 176.38 8.32 40.11 19.91 14.38 18.65 109.63 19.92 21.50 93.34 7.82 23.85 44.03 29.12 26.56 23.95 10.34 30.52 35.64 23.96 38.39 9.84 18.55
87.59 75.58 74.41 59.78 64.90 19.62 34.18 59.92 50.63 13.12 47.74 7.74 24.11 19.96 185.30 42.11 53.80 7.85 19.79 35.29 70.90 237.64 267.08 122.08 48.64 112.58 10.73 50.67 179.92 8.59 40.98 19.96 14.50 19.26 109.97 20.78 21.60 97.49 7.56 24.12 46.30 29.31 26.69 23.59 10.36 30.77 36.10 23.86 38.35 9.81 18.95
88.75 75.03 73.86 60.59 65.00 20.36 36.56 60.62 52.87 13.77 50.20 7.68 24.16 20.01 189.96 41.89 53.06 7.75 19.71 36.47 71.21 231.59 272.08 121.28 48.77 117.86 11.16 52.25 179.74 8.99 40.81 20.14 14.59 19.35 112.81 19.88 21.97 98.84 7.71 24.94 45.39 29.82 26.51 24.23 10.44 31.37 36.45 24.37 38.46 10.26 19.13
90.39 74.53 76.39 60.45 66.10 21.02 37.38 59.09 53.36 13.93 49.81 7.75 25.00 20.16 192.32 41.84 54.00 7.70 19.07 38.08 72.28 251.92 263.43 122.43 48.94 122.71 11.06 51.67 183.58 9.09 43.17 20.24 14.92 19.97 113.57 20.90 22.50 100.94 7.46 26.45 46.84 30.15 26.84 24.95 10.52 33.25 36.89 24.28 39.00 10.41 20.19
90.21 72.87 76.88 59.21 66.29 21.67 35.77 59.26 52.47 13.74 49.74 7.89 26.26 19.71 190.15 42.24 52.46 7.57 18.28 39.67 72.37 252.41 259.17 123.94 48.40 125.40 11.06 51.93 185.27 8.93 42.15 20.33 15.10 20.01 116.59 20.56 22.27 102.72 7.87 25.66 47.42 30.27 26.78 25.16 10.50 32.87 36.55 24.82 38.78 10.64 20.05
88.43 70.79 74.01 58.19 65.94 20.41 35.28 60.16 53.49 13.50 48.38 7.77 25.92 19.20 184.97 42.84 51.98 7.58 17.91 38.25 70.94 237.19 259.20 120.15 47.87 116.38 10.86 51.07 178.33 8.58 41.51 20.40 14.78 19.51 112.76 20.56 22.28 100.14 7.67 25.05 48.51 30.42 26.33 25.25 10.09 32.03 35.23 25.02 38.60 10.45 19.65
88.23 69.37 78.11 57.97 66.64 20.23 35.24 60.40 54.50 14.14 48.15 7.82 25.59 19.64 184.97 43.57 51.02 7.29 18.50 37.92 71.81 229.60 266.92 117.96 46.66 116.98 10.89 51.29 176.01 8.51 39.61 20.28 14.75 19.50 113.40 19.32 21.91 97.43 7.77 26.88 48.64 30.09 26.65 24.95 10.30 31.78 35.98 24.68 38.68 10.34 19.55
88.65 70.02 77.61 58.46 66.33 20.37 34.97 61.23 54.22 13.95 48.14 7.90 25.99 20.48 185.57 43.06 51.82 7.27 18.10 37.76 76.24 236.81 264.92 119.07 46.81 117.61 11.00 51.24 176.55 8.56 39.87 20.86 14.50 19.97 115.46 18.87 22.20 93.77 7.80 27.74 47.72 29.97 27.07 25.11 10.51 31.28 35.82 24.05 38.42 10.60 19.92
90.14 71.75 78.51 58.33 68.30 21.64 35.09 62.24 57.89 14.19 49.04 8.03 25.72 20.63 187.66 44.20 52.67 7.54 18.19 38.14 81.93 234.21 270.87 125.51 46.59 116.32 10.92 53.69 180.63 8.94 38.27 21.19 14.90 20.55 118.51 18.19 23.18 96.27 8.20 26.59 49.32 30.39 27.56 25.82 10.86 32.24 36.60 24.66 38.53 10.81 20.33
91.05 73.17 79.39 60.64 68.70 22.79 38.81 63.10 57.68 14.05 50.28 8.02 25.68 21.52 187.09 45.31 52.49 7.49 18.72 37.63 86.80 237.70 263.50 122.18 46.54 111.12 11.28 53.86 188.05 8.83 37.87 21.31 14.97 21.11 118.66 17.93 22.82 97.05 8.24 24.63 49.76 30.89 27.74 25.92 10.90 32.83 37.18 24.07 39.26 11.23 20.25
92.05 73.02 81.00 62.24 69.43 23.44 39.13 63.51 60.38 14.18 50.74 7.92 25.57 21.87 189.66 45.52 53.66 7.75 19.60 37.24 88.39 249.35 256.33 121.83 46.51 114.55 11.20 53.81 193.38 8.88 37.75 21.40 14.62 21.14 120.73 18.17 22.99 96.77 7.84 24.56 51.73 31.07 28.15 26.15 10.91 33.77 37.72 24.32 38.85 11.06 20.50
93.57 75.13 81.53 62.63 70.42 23.79 40.68 63.51 62.63 14.59 52.84 7.89 25.23 21.72 192.19 44.52 54.14 7.90 19.27 37.96 90.13 260.98 267.52 117.42 46.29 114.30 11.28 54.91 196.98 9.01 38.72 22.12 14.46 21.02 124.35 18.71 23.00 102.53 8.05 26.27 50.77 31.41 28.66 26.13 10.84 33.45 38.31 24.28 40.02 11.29 20.94
91.55 76.66 80.11 61.02 67.35 23.28 39.88 63.14 61.88 14.17 52.48 7.52 24.06 21.44 184.30 45.02 53.29 7.61 19.13 36.68 88.39 254.46 262.82 116.38 44.82 109.31 10.95 53.86 194.69 9.13 38.00 21.91 13.97 20.49 121.56 17.62 22.81 100.30 7.72 25.54 48.75 30.72 28.37 25.75 10.63 32.69 38.01 23.53 39.20 11.10 20.33
91.05 75.78 77.16 60.95 67.45 22.95 38.91 63.19 61.26 13.91 53.06 7.59 24.36 20.97 187.74 45.48 52.96 7.55 20.02 35.06 88.60 246.53 261.87 114.98 46.17 110.57 10.85 54.95 195.07 9.14 37.42 22.18 13.75 20.64 123.45 17.42 22.94 98.27 7.51 23.91 49.30 30.66 28.12 25.86 10.61 32.85 38.00 22.91 37.93 10.63 20.44
90.66 75.55 75.61 60.66 66.99 23.79 39.97 64.50 62.91 13.94 52.95 7.51 23.53 20.94 188.26 44.70 52.54 7.49 20.76 35.38 88.56 236.40 254.39 113.74 43.48 112.90 11.00 54.45 198.35 8.96 35.33 22.09 13.79 20.65 126.05 17.30 22.35 94.83 7.48 23.23 50.98 30.23 28.08 25.92 10.66 33.19 38.40 22.98 37.73 10.82 20.04
89.93 75.67 76.98 61.89 65.70 23.07 37.29 63.39 62.46 13.89 52.83 7.32 23.66 21.15 187.76 45.00 52.08 7.69 19.42 35.26 88.24 239.04 249.56 109.96 42.46 110.88 10.74 55.05 201.72 9.07 34.98 21.86 13.73 20.59 122.74 16.50 22.30 98.82 7.75 22.97 50.99 30.07 28.13 25.58 10.68 33.12 38.42 22.98 37.20 10.91 20.73
90.58 76.44 80.38 60.99 64.89 23.40 38.37 65.52 64.77 13.59 53.87 7.66 24.02 20.83 187.73 44.18 53.31 7.82 18.34 34.45 88.42 247.48 255.25 108.01 42.67 110.75 10.88 53.70 202.22 9.26 33.29 22.61 13.76 21.00 120.67 16.42 22.33 96.14 8.16 21.43 49.36 30.32 28.34 25.46 10.64 34.65 38.42 23.26 37.83 10.89 21.39
89.26 76.02 79.70 58.69 64.29 21.56 37.25 63.73 62.77 13.33 52.56 7.44 23.81 20.56 183.62 41.81 52.64 7.63 19.82 36.47 86.51 249.27 247.37 106.82 42.47 113.05 10.76 52.23 195.51 9.36 31.97 22.17 13.92 20.69 116.76 16.73 22.01 95.77 7.74 20.91 48.78 29.99 28.17 25.15 10.44 33.79 37.93 23.43 37.06 10.86 21.65
91.11 79.59 81.07 60.87 65.03 21.71 36.39 64.66 65.92 14.00 53.69 7.64 24.08 20.49 184.75 42.28 53.39 7.61 20.44 36.38 88.35 260.84 254.97 107.79 45.25 119.43 10.62 53.63 201.86 9.86 32.84 22.37 14.03 20.47 118.43 18.03 22.49 99.83 7.93 21.30 48.64 30.21 28.47 25.93 10.83 35.20 38.42 22.92 36.90 11.31 21.86
91.43 79.62 83.71 61.30 64.03 21.31 36.81 64.57 63.85 14.21 53.56 7.59 24.65 21.01 185.58 41.52 54.36 7.71 19.92 37.74 88.55 258.54 254.36 105.32 45.13 115.74 10.70 53.83 206.62 10.11 31.65 22.45 13.98 20.84 119.28 17.83 22.73 100.21 8.30 21.53 48.89 30.90 28.20 26.80 10.91 35.64 38.96 22.85 37.10 11.84 22.49
91.15 81.49 83.74 62.00 64.30 20.65 36.52 63.17 62.62 14.39 54.70 7.67 23.93 21.35 185.97 41.47 55.41 7.84 20.34 36.61 89.65 255.19 250.58 104.05 44.12 118.59 10.89 53.61 212.64 9.95 30.63 22.11 13.78 20.86 119.01 17.89 22.72 101.42 8.36 21.11 49.06 30.41 28.08 26.71 10.96 34.53 38.73 22.63 36.77 11.46 22.41
91.47 81.35 85.31 62.55 63.51 20.77 36.04 64.37 63.03 14.67 56.30 7.74 23.41 21.75 187.46 42.59 55.85 7.84 20.19 36.89 90.57 270.90 244.91 100.77 43.37 115.01 10.90 53.16 214.13 9.80 29.60 22.07 13.45 20.89 119.99 18.00 22.69 101.58 8.49 20.91 49.15 29.95 28.45 26.54 11.18 34.31 39.12 22.61 36.62 11.37 22.25
92.27 81.42 87.45 62.99 63.55 20.63 36.64 63.85 64.71 14.61 56.48 7.81 24.22 21.37 190.95 44.12 55.70 7.53 20.40 37.89 88.49 281.05 245.14 104.65 43.63 116.26 11.15 54.54 221.91 9.84 29.38 22.25 13.63 21.55 119.57 17.39 22.74 98.98 8.44 21.52 48.43 29.92 28.88 26.71 11.03 35.00 39.46 22.34 36.26 11.73 23.56
90.30 78.86 84.97 62.21 61.50 20.06 36.21 62.23 62.92 14.77 55.85 7.91 24.11 20.63 189.09 45.28 55.16 7.38 18.93 37.98 86.93 267.62 237.91 100.03 43.35 113.06 10.90 53.48 219.67 9.71 28.01 22.17 12.91 21.14 115.15 16.65 22.06 94.54 7.94 21.48 47.14 29.22 28.21 26.56 10.74 35.51 38.21 22.54 35.36 11.86 23.09
90.36 78.40 82.21 62.43 62.37 20.00 36.06 62.56 63.81 15.12 56.31 8.09 24.57 20.96 185.53 45.96 56.58 7.44 18.31 37.24 87.31 256.71 237.10 101.02 42.11 112.95 11.19 53.64 216.77 9.77 28.42 22.74 13.23 21.02 114.39 16.75 21.30 99.20 8.17 21.42 44.87 29.11 28.57 26.74 10.79 34.97 39.18 22.57 35.38 12.41 23.84
90.85 78.35 81.76 62.88 62.38 19.95 35.61 62.20 65.40 15.33 55.16 8.09 24.65 20.36 185.42 46.50 55.65 7.49 17.71 35.09 86.59 269.55 235.73 99.48 43.58 119.10 11.77 53.73 215.72 9.93 28.29 22.56 13.34 20.62 115.60 16.60 21.10 101.14 8.58 21.57 46.34 28.97 28.40 26.66 10.59 35.18 40.14 22.91 35.46 12.16 23.86
90.12 79.02 80.40 61.80 62.35 19.65 34.78 63.45 64.41 14.61 53.15 8.30 24.04 20.86 183.19 44.55 55.33 7.52 17.90 35.22 87.79 274.39 226.32 97.97 44.08 119.41 11.46 53.23 206.14 9.66 27.06 22.31 13.27 20.68 115.26 15.88 21.07 102.50 8.71 21.06 45.38 28.84 28.32 26.43 10.64 35.82 39.83 22.79 35.18 12.13 23.34
89.46 78.39 79.67 60.25 62.63 19.23 33.29 63.00 60.22 14.65 52.77 8.22 24.05 20.81 184.00 44.15 54.61 7.56 17.25 33.93 88.17 267.98 226.63 97.51 42.76 120.89 11.66 53.13 213.64 9.62 26.44 22.14 13.26 20.61 116.29 16.41 20.92 100.75 8.93 21.00 47.76 28.71 28.08 26.82 10.42 35.16 39.01 22.43 36.07 11.80 24.08
89.42 78.81 79.17 61.08 63.25 19.43 32.36 64.57 58.35 14.44 53.37 8.44 23.72 20.78 181.80 43.08 54.82 7.78 18.24 34.48 87.96 265.44 227.57 99.80 43.20 125.64 11.70 52.75 213.35 9.42 27.78 21.69 13.24 20.57 114.54 16.55 21.02 98.94 8.84 21.24 46.71 28.57 28.36 26.47 10.53 35.21 39.49 22.65 35.63 11.87 23.81
88.25 76.93 78.99 60.35 62.12 19.03 31.49 64.10 57.44 13.98 53.64 8.48 24.02 20.51 177.85 43.30 54.02 7.54 17.42 33.37 85.71 265.89 216.83 99.50 41.16 126.73 11.46 51.91 217.09 9.03 27.24 21.32 13.59 20.41 112.26 16.94 21.18 99.93 8.31 20.35 44.79 28.42 28.72 26.67 10.52 34.25 38.54 22.00 34.61 11.83 23.55
87.42 76.22 78.68 59.57 59.80 19.53 31.72 62.70 58.17 13.62 52.88 8.31 23.14 20.29 178.41 43.51 53.81 7.31 16.72 32.71 85.98 267.40 212.39 100.08 40.79 121.00 11.50 51.63 217.78 8.72 25.47 21.10 13.70 19.74 112.23 16.30 21.25 99.04 8.01 21.61 44.44 28.17 28.48 26.11 10.43 33.53 37.81 22.14 34.30 11.76 24.19
87.95 78.04 80.65 58.81 58.80 20.17 30.03 63.74 57.51 13.64 53.44 8.24 22.95 20.35 177.98 43.17 53.11 7.24 17.18 33.02 88.75 290.34 215.40 100.94 41.32 122.22 11.62 51.05 220.56 8.69 26.31 20.81 13.34 19.92 113.09 16.49 20.74 101.83 7.98 21.10 45.21 28.10 28.42 25.70 10.49 33.51 37.94 21.98 33.21 11.69 23.50
89.47 78.77 81.54 59.83 60.54 20.58 30.78 63.58 58.30 13.68 55.46 8.09 22.94 20.77 182.88 43.82 53.53 7.23 17.65 32.61 88.42 309.12 214.14 101.12 40.42 126.55 11.41 51.99 232.13 9.06 26.85 21.25 13.37 19.69 114.98 16.73 20.62 108.98 8.08 20.86 44.51 28.31 28.71 25.68 10.40 33.75 38.22 22.67 34.55 11.66 23.98
90.12 79.96 85.37 60.62 60.63 21.90 29.90 65.29 60.63 13.94 55.24 8.07 23.06 21.07 184.04 42.64 54.56 7.23 18.18 33.51 86.64 318.44 213.62 98.93 41.73 125.40 11.29 52.77 234.59 9.08 26.43 21.35 13.80 19.74 116.92 17.24 20.30 111.72 8.39 20.79 43.25 28.01 29.05 25.34 10.37 33.36 37.76 23.02 34.24 12.04 24.30
89.07 77.40 86.01 59.35 60.77 21.95 28.91 64.86 61.39 14.11 55.15 8.08 22.74 20.16 181.03 43.20 54.47 7.05 18.52 31.90 89.26 309.73 217.56 96.91 40.34 121.53 10.90 52.15 239.60 8.81 25.33 20.91 13.37 19.70 119.37 16.06 19.98 108.60 8.26 20.83 43.40 28.19 29.06 24.46 10.21 33.29 37.86 24.07 33.79 11.67 23.88
88.47 77.20 86.49 58.91 60.89 21.62 30.47 63.63 60.18 13.90 55.37 8.12 22.90 20.70 185.29 44.19 53.45 6.99 17.97 32.19 92.40 287.61 213.69 99.17 39.95 120.77 10.37 52.03 239.71 8.76 25.87 21.02 12.84 19.85 118.49 16.16 20.22 103.68 8.17 20.88 44.58 28.30 29.01 24.27 10.26 32.72 38.03 23.77 33.53 11.65 23.62
87.46 77.62 83.00 58.06 60.86 22.19 29.03 63.20 59.81 13.77 54.18 8.14 23.35 20.31 184.74 43.47 55.16 6.73 17.62 30.95 89.76 279.81 206.64 95.31 38.93 127.23 9.87 53.03 243.08 8.48 25.62 20.77 12.67 19.47 117.56 16.08 20.22 101.55 7.97 20.93 43.68 27.94 28.91 24.26 10.20 33.64 37.56 23.34 33.25 11.54 23.01
85.55 76.65 80.05 56.79 58.59 22.01 28.33 63.01 56.97 13.38 53.08 7.81 23.01 19.97 182.02 43.66 53.22 6.74 17.77 30.37 85.89 259.87 199.60 94.06 37.92 127.66 9.81 51.96 236.54 8.32 24.57 20.20 12.84 19.57 115.80 16.18 19.60 102.05 8.20 19.91 44.72 27.42 27.76 23.92 10.06 33.26 36.56 22.99 33.03 11.36 21.92
85.98 77.67 77.44 57.61 57.09 21.89 28.71 64.06 57.61 13.80 52.62 7.92 23.58 19.70 182.87 44.80 54.16 6.69 18.49 28.08 83.11 269.89 196.04 95.59 38.94 126.70 9.58 50.76 241.26 8.54 25.45 20.38 12.79 19.40 111.61 17.59 19.60 102.80 8.19 19.65 44.88 27.02 27.78 23.66 10.11 33.76 36.47 23.17 32.85 11.30 21.72
86.27 78.38 77.52 56.51 56.90 21.75 28.60 62.92 56.69 13.69 53.81 8.04 23.70 19.83 180.23 44.44 55.89 6.51 18.35 28.62 81.58 284.64 195.35 97.59 38.91 126.09 9.59 49.49 238.28 8.81 25.62 20.20 12.55 19.14 110.36 17.46 19.31 101.11 8.37 19.95 45.89 26.79 27.57 24.18 10.00 33.22 36.29 23.06 33.24 11.67 22.44
85.99 77.47 75.10 56.26 55.65 21.93 29.10 62.73 55.26 13.69 52.39 8.22 24.23 19.44 181.80 44.73 55.25 6.37 17.26 28.91 81.14 289.45 192.05 95.63 39.30 125.65 9.62 48.17 241.15 8.69 25.30 20.21 12.83 18.93 107.16 18.00 19.36 106.05 8.23 19.58 45.91 26.76 27.39 23.72 9.74 31.67 35.70 22.86 32.91 11.76 22.16
84.02 77.97 71.38 54.82 55.58 20.48 28.75 62.60 53.08 13.29 50.20 8.16 24.00 18.75 176.01 44.28 52.36 6.19 17.79 27.94 78.59 285.08 191.50 95.97 39.92 116.49 9.32 46.61 230.38 8.40 25.50 19.91 12.73 18.46 103.41 17.22 19.55 104.47 8.12 19.51 42.71 26.47 27.01 23.67 9.33 30.90 35.37 22.02 32.40 11.41 21.53
83.34 75.00 71.06 55.20 56.28 20.60 27.93 61.75 52.61 13.47 49.11 8.18 23.49 18.57 174.79 44.47 52.82 6.11 18.52 28.34 76.73 271.87 190.88 96.00 40.74 117.39 9.30 45.59 228.60 8.40 26.23 20.04 12.59 18.29 102.51 17.02 19.30 105.83 7.57 19.38 41.92 26.29 27.19 23.28 9.22 30.91 35.25 22.01 33.37 11.46 21.04
81.56 73.68 69.96 54.67 54.16 19.37 26.81 60.83 52.27 13.34 49.25 7.87 23.06 17.59 167.62 42.40 52.81 6.08 18.97 28.55 75.72 263.48 189.36 92.61 38.56 113.99 8.90 43.99 216.18 8.55 26.14 19.80 12.16 18.23 99.63 16.43 18.78 107.69 7.53 19.71 39.81 26.01 27.06 23.17 9.10 29.29 34.56 21.55 33.08 11.28 21.34
79.74 73.78 70.16 53.99 53.27 18.90 25.71 60.05 52.76 13.26 48.37 7.73 22.89 17.39 164.90 41.19 50.98 5.79 18.00 28.70 73.83 245.95 186.07 89.48 38.48 107.74 8.53 44.38 215.46 8.45 24.88 19.48 12.15 18.25 100.96 16.88 18.83 105.98 7.48 18.01 41.45 25.47 26.56 22.55 8.99 28.25 34.04 20.11 32.69 10.95 21.04
79.10 71.18 68.32 53.62 51.72 18.21 25.61 59.19 50.73 13.21 47.47 7.60 23.02 17.13 163.49 41.63 50.87 5.62 18.95 28.30 75.33 251.47 177.01 89.70 38.13 106.45 8.24 44.35 219.89 7.98 24.31 19.16 11.81 18.08 100.04 17.34 18.61 110.18 7.36 18.07 41.53 25.27 25.94 21.90 8.75 27.82 34.00 19.92 32.31 10.83 20.69
79.49 71.34 71.80 54.35 51.55 18.19 26.00 58.63 49.65 13.07 45.28 7.67 23.42 17.04 161.46 41.92 51.46 5.70 18.67 28.80 75.57 244.63 178.75 88.39 39.55 110.55 8.43 44.14 226.23 7.85 25.69 19.32 11.85 17.74 101.15 18.27 18.71 113.88 7.74 17.56 41.63 25.26 25.68 22.14 8.70 28.24 34.00 20.30 32.96 10.98 21.40
79.48 72.34 70.88 54.46 51.38 18.43 25.41 59.52 50.04 13.15 45.12 7.69 22.56 17.36 161.05 41.62 51.03 5.76 19.13 28.45 74.46 246.03 181.26 88.95 38.77 112.54 8.36 43.16 222.43 7.97 24.80 19.12 12.07 17.91 98.25 17.59 18.82 111.31 7.51 18.03 43.05 25.58 25.74 22.09 8.97 28.50 34.27 20.26 33.40 11.11 21.96
79.91 72.29 71.54 54.11 51.97 18.43 25.85 59.49 49.72 12.73 45.44 7.80 23.03 17.67 161.17 43.74 51.86 5.90 19.63 28.63 75.75 241.14 181.77 90.38 39.61 114.87 8.29 44.47 222.05 8.03 24.05 19.07 12.17 17.89 100.09 17.95 18.84 108.34 7.82 18.01 43.52 25.72 25.77 21.97 8.90 28.44 34.86 20.38 33.69 11.35 23.10
79.73 71.86 72.59 54.20 52.05 18.79 26.00 58.85 51.51 12.77 46.24 7.81 23.44 17.83 162.14 43.23 50.88 5.80 19.84 28.70 75.19 224.77 179.83 90.08 39.64 111.28 8.28 45.24 220.24 7.85 24.24 19.06 12.10 18.34 101.84 17.04 18.92 110.91 7.71 18.23 44.10 26.01 25.93 22.63 9.12 29.57 34.86 19.81 33.86 11.25 23.45
81.81 72.70 73.72 55.30 53.05 19.79 25.98 60.44 51.92 12.70 47.72 7.81 25.17 17.90 166.01 44.09 52.39 5.97 20.37 30.95 78.61 234.17 188.04 92.09 41.47 119.02 8.43 45.74 222.63 7.88 25.33 19.21 12.30 18.81 105.44 17.67 19.65 115.72 7.70 19.39 44.12 26.43 26.26 22.69 9.40 29.50 35.69 20.17 34.39 11.43 24.20
81.10 73.35 74.42 54.94 53.47 19.78 25.43 61.23 53.16 12.54 48.18 7.98 24.61 17.86 163.53 43.97 52.88 5.94 19.92 29.85 77.84 222.41 188.24 92.17 41.04 117.21 8.45 46.51 216.55 7.76 24.26 19.10 12.37 18.94 106.56 17.40 19.68 113.84 7.56 18.25 43.82 26.39 26.03 22.52 9.38 29.45 36.30 20.39 33.41 11.17 23.43
80.51 73.24 74.85 54.48 52.02 19.15 25.10 61.12 51.01 12.49 48.37 7.73 25.49 17.72 160.05 42.45 52.22 5.95 19.53 30.39 76.56 219.01 189.63 94.31 40.44 116.59 8.63 45.37 214.63 7.66 25.02 19.17 12.41 18.29 107.50 16.75 19.92 118.41 7.55 17.96 42.63 26.30 25.93 22.45 9.24 27.37 36.22 19.82 33.35 11.32 23.82
81.22 72.81 74.27 55.14 52.89 19.64 25.13 61.49 49.61 12.44 50.23 7.71 26.86 18.02 160.70 43.36 51.98 5.97 19.04 30.87 76.29 227.40 195.95 94.91 40.66 119.26 8.68 44.88 212.57 7.40 25.75 19.67 12.70 18.72 110.26 16.37 20.12 111.86 7.52 18.32 44.68 26.60 25.61 22.80 8.93 27.94 35.94 20.05 33.74 11.43 24.46
83.58 74.86 75.53 56.41 54.54 20.44 25.79 63.39 52.18 13.23 50.89 7.89 27.50 18.87 162.88 44.32 52.28 6.07 19.04 32.94 75.19 247.65 205.76 93.77 42.06 125.37 9.10 45.69 213.02 7.64 26.98 19.78 13.11 19.37 113.05 16.86 20.26 112.36 7.54 18.98 45.50 27.29 26.06 23.20 9.09 28.65 36.90 20.35 35.13 11.73 25.29
82.91 72.46 74.44 56.18 52.02 20.28 25.43 61.78 52.86 13.00 50.69 8.09 26.58 18.24 156.11 43.76 50.23 5.93 19.48 33.70 74.17 250.35 201.96 90.80 41.50 127.04 8.97 45.80 206.06 7.69 26.36 19.73 12.93 19.03 111.37 17.37 19.88 115.99 7.38 18.91 45.64 27.04 26.16 22.58 9.03 30.26 36.79 19.88 33.78 12.32 25.79
82.84 72.85 76.78 57.23 50.27 19.99 24.34 62.14 50.31 13.16 51.55 8.34 26.36 18.47 158.22 43.93 49.52 5.77 19.65 33.37 74.67 250.05 205.73 94.39 42.33 126.48 9.05 45.92 207.08 7.61 26.85 18.88 12.80 19.60 113.41 17.18 19.85 113.92 7.51 17.27 48.17 27.10 26.46 22.73 8.83 30.05 36.87 20.34 33.01 12.00 25.49
82.86 72.28 81.11 56.67 49.38 20.16 25.14 62.57 51.25 13.13 51.36 8.34 26.28 18.57 159.33 43.39 49.25 5.81 20.19 32.54 74.63 254.55 201.06 94.78 43.01 122.48 9.09 45.06 205.26 7.27 26.55 19.04 13.09 19.46 112.95 16.95 19.82 116.64 7.74 18.09 48.27 26.81 26.24 22.00 8.81 29.45 37.33 19.55 33.45 11.67 24.45
82.86 72.14 80.29 56.35 49.07 19.96 25.42 63.98 51.49 12.86 51.60 8.64 27.01 18.47 162.28 43.46 49.24 5.76 19.42 33.07 74.86 246.84 205.38 95.42 42.61 124.58 9.03 45.99 204.14 7.30 25.88 19.07 12.84 19.80 115.66 16.93 19.41 114.66 7.81 18.39 48.59 27.05 26.38 21.78 8.96 29.23 37.35 19.52 32.39 11.67 24.50
83.94 71.71 79.21 56.61 48.38 20.48 25.70 65.26 50.52 12.95 52.31 8.64 27.59 19.39 165.53 43.48 50.48 5.84 19.79 33.37 73.70 246.14 214.57 99.37 42.54 126.54 9.16 45.96 204.35 7.46 25.64 19.27 12.78 20.31 118.38 17.82 19.14 116.15 8.14 19.60 50.90 26.75 26.79 22.23 9.12 29.91 37.32 19.16 32.38 12.10 25.06
84.66 72.87 78.00 57.12 48.68 20.27 25.64 65.76 51.31 12.81 51.95 8.56 27.36 19.39 163.73 44.94 50.89 5.83 19.76 33.32 70.85 264.06 225.34 100.23 43.24 125.80 9.39 45.99 199.19 7.93 26.33 19.07 12.61 20.79 118.27 18.28 19.19 113.46 8.12 19.18 51.26 26.82 26.98 22.60 9.19 29.72 37.26 19.24 32.44 12.36 24.94
86.24 73.87 77.96 56.27 49.96 20.63 25.75 65.05 51.33 13.26 50.67 8.76 28.24 19.81 165.79 45.49 53.42 5.75 21.07 33.71 71.43 278.14 222.51 100.58 45.81 132.30 9.62 45.95 201.01 8.13 27.29 19.41 12.77 21.39 118.69 19.47 19.62 117.98 8.52 18.01 52.46 27.24 27.12 22.65 9.22 31.03 37.83 19.06 33.49 12.02 24.90
87.13 73.10 77.12 56.79 49.24 20.46 26.64 66.18 49.25 13.57 51.14 8.76 27.34 19.76 166.68 46.45 52.32 5.81 22.60 33.97 71.52 289.21 223.22 103.44 46.13 132.11 9.75 45.23 200.91 8.25 29.59 18.92 13.02 21.43 116.72 20.14 20.10 123.59 8.65 17.44 53.75 27.47 27.45 22.48 9.11 32.47 38.37 19.33 33.74 12.25 24.77
87.67 72.95 78.22 56.43 49.12 20.95 25.92 67.36 51.27 13.25 53.70 8.84 27.49 19.66 167.28 46.51 50.41 5.57 22.21 34.13 70.22 298.18 222.46 107.36 47.90 127.81 10.15 45.83 202.52 8.36 29.66 18.70 12.61 21.52 115.60 19.62 20.35 128.76 8.88 17.84 55.68 26.98 27.60 22.05 9.20 32.37 38.87 19.43 33.96 12.42 24.97
86.49 71.23 76.52 55.43 48.29 20.01 24.64 66.32 49.27 13.13 53.40 8.52 27.05 18.98 163.98 44.32 49.89 5.50 23.23 34.11 66.20 294.60 224.52 101.67 47.92 131.46 10.20 44.49 197.11 8.26 29.21 18.18 12.66 21.37 112.83 19.79 20.06 132.62 8.64 17.85 55.62 26.54 27.47 21.99 8.87 32.50 38.33 18.80 33.79 12.33 24.08
87.67 72.80 79.63 54.46 47.89 20.55 24.91 68.22 50.86 13.31 53.87 8.51 26.78 19.54 167.27 45.66 50.91 5.50 23.27 35.23 68.79 305.30 233.68 102.75 47.41 126.38 10.32 45.28 199.34 8.30 29.81 18.55 13.26 22.12 114.89 19.33 20.11 127.18 8.96 18.54 56.72 26.48 27.92 22.03 9.13 32.10 39.02 19.14 33.71 12.60 24.69
87.79 70.42 80.57 55.26 47.44 20.90 25.43 69.02 51.48 13.28 53.34 8.23 27.58 19.30 169.55 47.01 50.47 5.60 21.86 36.00 70.02 309.56 230.48 104.63 49.56 128.04 10.27 45.05 201.99 8.14 29.93 18.72 13.11 21.90 114.94 18.92 19.90 121.26 9.03 18.83 56.31 26.17 27.69 21.89 9.07 31.80 40.25 19.24 33.44 11.98 24.86
89.22 69.74 81.95 54.82 47.00 21.83 25.77 71.41 51.88 13.17 52.37 8.27 28.45 19.82 173.25 46.71 52.02 5.72 23.07 36.55 70.89 333.92 234.39 106.99 50.35 128.49 10.18 44.88 207.42 8.47 29.21 18.89 13.30 21.60 116.09 19.53 20.28 121.44 9.01 17.62 57.02 26.73 27.80 21.94 9.32 31.54 41.25 19.41 33.85 11.70 24.40
90.17 69.09 80.51 55.06 47.73 21.68 26.24 72.13 50.55 13.41 52.20 8.34 28.25 19.90 176.13 46.65 51.57 5.84 23.76 37.85 71.74 352.17 239.74 104.69 52.47 131.41 10.24 44.24 206.49 8.33 29.92 18.67 13.35 22.02 116.71 19.71 20.20 122.96 9.23 18.19 56.37 26.99 27.61 22.09 9.06 32.89 40.96 19.31 33.96 11.75 24.78
90.69 68.65 80.79 55.73 46.91 21.73 25.53 71.07 52.50 13.24 51.87 8.49 28.97 20.12 181.96 47.95 52.89 5.83 23.80 37.65 73.89 354.29 239.19 105.16 52.40 133.86 10.54 45.86 206.83 8.25 30.57 18.74 13.58 22.58 117.81 18.17 20.25 121.28 9.50 17.88 57.89 26.89 27.92 21.92 9.23 32.22 41.19 19.22 34.48 12.02 25.79
90.18 68.46 82.81 55.32 45.94 21.64 25.11 72.22 52.08 13.44 50.76 8.59 28.35 19.58 184.59 48.60 51.81 5.77 23.55 38.25 74.17 345.16 236.71 100.32 52.40 135.30 10.53 46.22 206.26 8.02 31.39 18.68 13.03 22.75 117.49 18.23 20.24 120.62 9.24 17.24 59.62 26.96 28.14 21.54 9.05 32.86 41.75 19.24 34.11 11.76 25.19
89.28 67.82 83.16 54.85 45.25 20.52 25.15 73.21 50.41 12.89 50.75 8.65 28.44 19.39 185.89 48.90 50.96 5.58 23.25 37.30 73.83 338.32 235.27 100.27 51.60 135.74 10.48 45.98 207.98 7.98 33.30 18.47 12.68 21.86 117.53 17.97 19.99 114.23 8.96 17.19 58.60 26.72 28.31 21.46 9.17 33.34 41.93 18.45 34.04 11.44 24.63
88.99 66.50 79.30 56.00 44.62 20.27 26.03 73.54 50.74 12.87 51.29 8.59 28.48 19.71 184.67 49.94 49.43 5.55 23.35 39.01 72.13 342.25 232.05 98.78 51.26 138.43 10.66 45.74 202.84 7.88 33.18 18.00 12.35 21.73 118.13 17.40 20.06 114.74 8.34 15.95 58.53 26.62 28.32 21.11 9.02 33.76 41.67 17.90 34.64 11.17 24.21
89.07 69.05 80.44 55.73 43.92 20.56 25.72 73.65 51.98 12.82 52.35 8.69 28.83 20.50 184.04 50.09 50.51 5.49 22.44 39.11 72.03 346.26 239.21 100.45 50.32 131.94 10.46 45.75 202.18 7.88 32.15 17.83 12.40 21.82 119.44 17.44 20.45 118.73 8.35 15.90 56.20 26.56 28.09 21.12 8.89 33.62 41.14 17.95 34.72 11.32 23.62
87.25 69.01 77.97 54.67 43.01 19.66 24.46 71.78 50.84 12.50 51.52 8.55 27.52 20.63 181.51 49.20 49.82 5.25 22.55 37.28 70.62 329.99 232.73 100.13 50.38 137.27 10.19 44.71 199.40 7.39 32.98 17.44 12.54 20.92 114.98 17.82 19.74 117.88 8.35 14.78 56.93 26.25 27.94 20.78 8.70 34.16 39.96 17.81 33.24 10.62 22.46
87.27 67.02 77.85 54.70 42.52 19.66 23.77 72.81 48.90 12.65 52.48 8.60 27.44 20.38 183.07 49.94 50.01 5.38 21.41 35.80 69.02 346.43 227.28 104.63 50.52 135.60 10.38 43.24 200.56 7.12 34.54 17.43 12.29 20.89 113.90 17.83 20.12 112.45 8.56 14.29 56.03 26.31 28.21 20.87 8.72 34.27 39.11 17.77 33.34 10.83 22.20
87.79 65.56 78.25 54.43 43.53 20.72 23.06 73.41 47.93 12.71 54.04 8.64 27.89 21.09 182.69 49.67 50.22 5.44 21.48 34.97 70.24 355.19 215.50 106.01 51.65 139.86 10.37 44.07 198.18 7.00 34.35 17.72 12.58 20.98 114.87 19.12 20.11 110.98 8.60 14.46 54.62 26.38 28.24 21.07 8.74 34.34 40.11 17.37 33.30 10.79 22.43
87.27 66.28 77.31 55.17 43.58 20.58 22.41 72.77 47.65 12.97 53.32 8.37 27.73 20.73 182.04 48.99 49.22 5.41 20.62 35.47 67.70 361.13 219.59 107.63 51.39 136.94 10.39 42.99 192.68 6.94 32.30 17.77 12.77 20.29 112.64 18.47 20.10 106.72 8.85 14.77 55.56 26.66 28.02 21.19 8.65 34.68 39.56 17.46 33.28 10.85 22.35
86.93 65.40 77.43 54.84 43.81 20.26 21.61 71.91 46.31 13.02 53.90 8.14 26.50 20.61 180.88 48.16 47.07 5.37 20.30 34.84 67.16 392.06 221.39 106.16 51.37 130.67 9.99 42.09 194.42 6.86 31.56 17.24 12.76 19.65 113.09 18.86 19.61 102.55 9.15 14.41 54.84 26.89 27.92 21.05 8.60 34.16 39.35 17.02 32.93 10.48 21.98
86.50 64.21 77.77 53.68 44.48 20.37 21.26 72.45 46.50 13.01 52.04 8.04 25.84 21.11 182.38 49.30 47.49 5.30 20.20 34.49 65.70 384.13 213.11 107.28 53.00 130.73 9.70 42.63 194.95 6.81 32.69 17.06 12.18 19.58 114.58 18.63 19.56 100.77 9.26 14.22 54.25 27.29 28.28 20.58 8.67 34.40 38.92 17.62 32.55 10.18 22.05
84.50 64.07 79.72 52.53 44.67 20.26 20.26 69.74 45.25 12.55 51.53 7.68 25.28 20.87 178.97 48.30 46.32 5.31 20.31 34.96 63.05 364.31 215.04 103.13 52.62 123.22 9.60 40.89 193.34 6.69 32.58 16.42 11.79 19.40 112.10 19.28 18.94 98.80 8.96 13.65 53.01 26.88 27.96 19.88 8.54 33.20 38.24 17.74 31.55 9.97 21.80
86.20 64.38 79.42 52.81 45.11 20.52 20.50 70.45 46.08 12.35 52.15 7.76 25.64 21.85 182.96 49.99 48.17 5.16 21.00 36.14 63.78 402.77 219.59 105.73 55.50 127.56 9.52 41.28 198.21 6.51 32.15 16.23 11.81 19.22 110.79 19.39 18.87 99.32 8.89 13.89 51.21 26.90 28.06 19.48 8.54 34.61 38.29 17.50 31.82 9.70 22.24
85.70 64.27 79.05 53.65 46.17 20.46 20.78 71.98 47.48 12.67 52.94 7.88 26.50 22.21 184.00 48.78 48.82 5.18 20.43 37.18 64.10 358.83 223.31 110.45 53.92 125.64 9.73 42.06 200.87 6.67 32.28 16.48 11.85 19.77 113.99 18.53 18.69 99.65 9.22 14.51 50.74 27.17 28.30 19.56 8.68 34.36 39.06 17.07 32.62 9.87 22.30
86.04 62.36 82.00 54.03 45.80 20.27 20.14 73.37 46.63 12.68 53.54 7.86 27.12 22.53 179.00 47.60 49.06 5.24 20.99 38.21 62.36 348.01 232.36 109.42 55.95 130.23 10.18 43.10 201.42 7.12 33.15 16.83 12.05 20.03 114.51 18.57 18.73 101.49 9.12 14.90 50.48 27.15 28.25 19.87 8.41 34.42 38.76 18.03 33.13 10.13 21.67
87.35 62.87 83.23 54.08 44.88 21.01 21.04 72.90 47.00 13.16 54.89 7.89 27.53 23.38 178.93 47.37 49.85 5.07 21.21 39.08 63.33 351.99 235.92 108.76 57.46 132.28 10.00 43.78 204.04 7.19 35.11 17.00 12.54 20.46 116.51 19.59 18.90 109.14 9.87 15.16 49.80 26.99 28.30 20.01 8.51 35.93 39.04 18.19 32.88 9.98 21.37
88.13 62.45 83.44 53.43 44.92 20.85 21.02 72.09 47.11 13.68 55.87 7.82 28.90 24.27 177.92 47.28 50.95 5.40 22.03 39.62 65.49 360.49 239.52 110.03 56.37 133.83 10.38 43.30 200.99 7.41 35.99 17.72 12.96 20.64 114.39 18.97 19.19 109.70 9.54 15.89 47.53 26.96 28.89 20.36 8.52 35.49 39.82 17.59 33.16 10.14 21.61
88.09 62.11 84.90 52.90 44.94 21.10 20.44 70.69 48.52 13.71 57.06 8.19 29.20 24.44 180.94 46.64 50.38 5.31 21.49 38.29 65.73 364.11 244.17 109.33 55.50 131.42 10.13 43.78 202.52 7.32 35.15 17.35 12.91 21.09 113.12 19.72 18.27 110.62 9.51 15.29 47.96 26.79 28.57 20.59 8.52 35.28 40.34 16.98 33.06 10.43 21.07
86.50 60.20 84.01 51.59 44.87 21.08 20.38 68.86 48.38 13.22 57.07 8.11 28.71 24.00 181.13 45.70 50.37 5.24 21.21 37.97 65.52 342.36 245.21 107.22 54.90 123.62 9.93 43.01 196.70 7.54 33.54 17.49 12.44 20.76 109.71 18.27 18.47 110.35 9.60 15.30 47.94 26.40 28.18 20.56 8.34 34.90 39.39 16.50 32.73 10.39 21.19
86.54 61.00 85.14 52.35 45.10 20.89 20.65 69.73 48.31 13.20 56.55 8.26 29.05 24.34 181.78 45.65 50.87 5.20 21.75 36.99 66.18 329.04 247.38 107.13 56.40 122.23 9.55 43.89 200.22 7.10 33.67 17.10 12.28 21.39 111.57 17.85 18.61 111.32 9.59 15.89 48.99 26.44 28.52 20.74 8.43 35.42 39.49 16.41 32.96 10.37 20.74
85.40 61.04 83.99 51.86 44.56 21.63 20.83 68.57 46.35 13.04 56.16 7.93 29.52 24.02 178.00 45.91 48.20 5.27 21.35 37.13 65.08 310.35 239.62 106.85 57.71 118.52 9.62 42.76 196.64 6.91 32.37 16.98 12.04 20.79 111.44 17.72 18.42 108.74 10.25 15.48 50.12 26.66 28.59 20.83 8.34 34.62 38.88 16.68 33.04 10.57 21.00
85.36 61.39 85.65 50.59 45.15 20.87 20.74 67.72 46.13 13.27 57.00 7.73 29.76 23.56 178.17 45.14 48.52 5.28 22.66 38.27 64.59 295.47 246.21 109.21 56.34 121.30 9.77 42.20 197.54 6.80 32.35 17.57 12.24 20.50 111.99 18.52 18.51 105.72 10.59 15.56 51.74 27.05 28.66 21.62 8.32 34.22 39.02 16.38 32.72 10.46 21.25
84.75 60.77 84.45 49.61 46.06 20.51 20.87 66.63 45.69 13.29 56.42 7.55 31.01 23.30 175.44 44.25 51.06 5.39 22.58 37.92 62.94 287.26 242.79 113.92 57.14 117.13 9.97 42.03 193.67 6.61 32.58 17.36 12.18 20.11 107.94 18.71 18.55 100.61 10.53 15.60 49.48 27.22 28.38 21.43 8.59 34.16 38.94 16.85 32.08 10.80 21.20
83.78 59.14 84.46 48.81 46.82 20.78 20.66 64.61 46.40 13.32 57.13 7.55 30.49 23.28 174.55 43.83 51.42 5.47 21.70 37.89 62.39 272.95 236.49 112.09 56.21 114.57 9.94 42.15 189.49 6.39 30.78 17.39 12.09 20.25 106.31 17.96 18.86 97.57 10.64 15.72 49.13 27.09 28.22 21.37 8.78 33.54 38.60 17.13 32.01 10.90 21.14
84.14 59.27 85.40 49.36 46.17 20.70 21.12 65.27 46.89 13.29 56.60 7.47 30.99 23.13 175.69 44.08 50.42 5.50 20.99 39.22 61.67 285.45 232.32 111.02 54.96 110.99 9.93 41.24 186.49 6.13 31.16 17.49 11.46 20.52 108.39 18.56 18.89 103.83 10.60 16.53 49.81 27.11 28.41 20.98 8.67 33.52 38.95 17.52 31.87 10.70 21.57
84.65 58.67 87.65 49.04 46.80 21.03 21.38 65.41 47.54 13.58 56.42 7.61 30.90 22.78 172.98 44.21 50.67 5.51 20.67 40.86 63.14 286.02 232.42 111.51 54.72 115.64 10.08 40.90 186.17 6.35 31.02 17.46 11.52 20.64 107.69 18.23 19.08 106.98 10.81 17.15 50.02 27.61 28.25 21.19 8.54 33.41 39.19 17.79 31.97 10.96 21.99
85.13 59.27 88.10 50.15 45.93 21.52 21.02 66.41 48.66 13.35 55.04 7.89 30.14 22.71 174.48 45.30 50.16 5.55 20.20 40.56 64.91 279.16 243.43 113.84 55.68 119.88 10.12 41.65 192.91 6.28 31.53 18.00 11.93 20.40 107.27 18.28 19.52 104.00 10.77 18.22 49.60 27.40 28.10 21.77 8.76 34.39 40.53 17.48 31.60 11.13 21.84
84.11 57.47 85.45 49.41 45.58 20.87 21.11 65.93 47.61 13.24 53.44 7.83 29.67 22.72 170.45 44.46 48.45 5.51 21.19 39.01 63.51 266.40 244.32 114.68 55.95 117.56 9.96 40.31 195.97 6.21 33.61 17.92 11.80 20.61 104.13 18.22 19.90 103.88 10.23 17.58 49.69 27.14 27.73 21.66 8.61 33.93 40.41 17.51 31.98 10.93 21.48
86.65 58.95 87.31 50.47 46.54 21.47 21.80 65.39 48.89 13.78 55.75 7.78 31.51 23.28 175.09 44.13 50.65 5.76 21.40 41.01 65.32 284.18 247.54 119.41 58.92 120.36 10.34 40.96 195.69 6.34 36.39 18.01 12.50 21.15 101.83 19.10 20.21 106.50 10.30 17.94 51.07 27.77 28.24 22.45 8.72 34.94 42.07 17.68 32.99 11.42 22.20
86.44 58.55 87.53 51.44 46.91 22.33 22.09 67.38 49.96 13.65 56.15 8.05 31.68 22.67 172.83 44.43 50.44 5.63 20.73 41.49 65.33 260.42 252.68 121.49 57.22 112.49 10.35 41.77 199.74 6.44 36.49 18.22 12.60 21.49 102.36 19.10 20.31 104.11 10.63 18.21 51.70 27.91 29.07 23.21 8.73 35.41 42.71 18.41 32.43 11.46 22.68
88.15 57.92 88.32 52.56 48.26 23.19 22.11 68.42 50.27 14.42 57.12 8.21 33.47 22.97 175.07 46.08 51.72 5.77 21.17 42.30 63.01 267.91 257.85 128.24 57.08 116.34 10.16 43.40 200.44 6.71 37.60 18.95 12.59 21.90 102.74 19.11 20.96 99.60 11.13 19.29 53.18 28.85 29.28 23.60 8.76 36.08 44.08 19.06 33.18 11.94 23.05
88.26 56.79 87.21 52.43 48.24 23.21 22.00 68.94 51.16 14.44 57.18 8.18 33.74 23.40 172.72 44.90 53.54 5.91 20.96 41.66 62.74 256.35 265.31 127.07 56.73 116.60 10.57 44.39 194.55 6.91 39.36 19.03 13.03 21.60 102.62 19.74 21.17 101.20 11.63 20.04 54.33 28.87 29.28 24.20 8.74 35.09 43.68 18.81 33.62 11.42 23.04
88.17 56.96 85.60 53.21 47.21 22.94 23.08 70.52 50.63 14.28 56.62 7.99 32.90 23.14 177.54 44.60 53.91 6.01 20.42 41.41 61.67 252.72 256.06 127.75 55.53 117.99 10.81 44.53 195.74 7.02 39.54 19.35 13.48 21.76 103.69 18.82 20.56 104.05 12.02 19.45 54.47 28.61 29.36 24.42 8.88 35.37 43.72 17.98 33.39 11.24 22.59
89.18 56.55 87.13 53.04 47.95 22.63 22.56 70.55 49.52 14.18 58.82 8.03 31.88 22.39 179.90 46.37 53.62 5.98 21.11 42.64 60.93 275.96 252.03 133.39 55.59 117.46 10.79 45.39 196.42 7.00 39.84 19.66 13.38 21.91 103.48 19.13 20.67 106.87 11.55 19.68 53.77 28.66 29.72 24.88 8.99 36.44 44.13 18.47 33.51 11.63 22.77
89.37 56.79 90.40 53.52 48.55 23.42 21.97 70.58 51.23 13.73 59.58 8.22 31.36 22.66 181.97 47.17 54.63 5.93 20.07 43.08 62.38 283.67 251.07 130.17 55.20 114.61 10.68 45.81 199.87 6.87 39.28 19.84 13.38 22.05 103.99 19.57 20.87 103.43 11.78 19.26 53.05 28.41 29.51 25.29 9.03 35.65 43.82 18.67 32.83 11.86 23.00
88.70 57.29 88.77 52.01 48.61 22.48 22.29 69.66 49.57 13.75 58.82 8.26 31.25 22.60 181.75 46.22 53.74 6.08 19.95 43.14 60.45 295.68 255.07 125.30 53.80 109.50 10.43 44.45 194.40 6.62 38.95 20.10 13.56 21.17 101.15 19.02 21.12 98.80 11.31 20.03 52.06 28.05 29.55 25.52 8.94 34.65 43.35 18.54 32.80 11.54 23.64
89.76 58.31 87.82 52.12 49.15 23.43 23.05 70.33 50.23 13.64 59.31 8.26 31.22 23.16 190.08 48.03 56.24 6.05 21.42 42.32 62.45 298.70 254.24 125.34 52.32 109.32 10.63 46.27 197.60 6.57 39.63 19.65 13.46 21.11 103.10 18.76 21.39 100.62 11.21 20.26 53.76 28.15 29.83 25.65 9.31 34.13 43.89 18.52 33.51 11.69 24.42
91.07 59.33 87.84 53.60 50.52 24.10 23.60 69.85 50.87 13.72 60.97 8.52 32.36 23.26 185.63 48.90 56.23 6.15 21.63 43.58 63.69 307.98 255.71 127.82 54.07 109.73 10.91 46.47 196.23 6.72 41.08 19.97 13.62 21.15 104.07 18.86 21.50 105.29 11.26 20.67 52.18 28.24 30.17 26.04 9.38 34.88 43.92 18.38 34.11 12.39 25.34
89.87 60.18 84.03 52.14 50.56 23.42 22.91 67.54 50.12 13.69 59.50 8.48 32.02 22.73 183.85 47.98 55.18 6.38 21.28 43.29 63.65 308.41 255.56 125.17 52.17 105.80 10.98 45.95 195.48 6.73 38.70 19.71 13.11 20.60 103.44 18.85 21.05 103.02 11.32 21.04 51.83 27.82 29.76 25.75 9.43 35.67 43.25 18.38 33.35 12.25 25.24
90.70 61.75 85.61 51.43 49.91 23.20 23.55 68.92 50.16 13.94 60.62 8.67 31.49 22.61 188.88 49.48 55.50 6.44 19.98 43.84 63.01 318.35 258.27 127.64 52.61 108.61 10.74 46.11 197.93 6.48 38.07 19.37 13.19 21.19 105.17 19.65 21.37 103.54 11.42 20.35 51.66 28.18 29.72 25.46 9.54 35.34 43.09 18.77 33.88 12.42 26.12
91.40 62.09 87.02 52.74 50.29 24.59 24.61 69.15 49.43 14.12 60.23 8.92 30.59 22.35 193.17 49.77 56.15 6.53 20.22 44.68 64.25 313.97 261.66 130.76 51.64 105.09 10.56 45.82 198.60 6.79 37.69 19.88 13.31 21.43 107.07 20.13 21.54 101.89 11.89 19.96 51.14 28.78 30.22 25.61 9.84 38.19 42.92 19.27 33.83 12.84 26.04
92.17 62.63 88.82 53.23 51.49 24.27 24.33 70.01 50.31 14.20 60.74 8.96 31.58 22.90 192.24 51.29 56.34 6.54 20.88 42.86 64.83 318.79 259.33 131.65 52.46 103.54 10.63 46.10 199.59 7.00 38.37 19.83 13.90 21.48 105.55 20.37 22.10 103.28 12.68 20.54 53.07 28.72 30.28 25.51 9.71 38.34 43.77 20.02 34.06 12.53 25.68
92.59 64.28 88.32 52.69 52.92 24.03 23.64 70.87 51.37 13.98 63.15 8.75 31.63 21.99 192.55 51.78 56.00 6.59 21.77 44.05 64.96 322.64 264.09 134.74 50.54 102.10 10.25 46.40 198.10 7.29 40.10 19.87 13.33 21.41 103.41 20.75 22.15 99.33 13.12 22.58 55.11 28.66 30.63 25.40 9.79 38.22 44.24 20.68 34.43 12.63 26.25
91.91 62.43 84.47 53.35 50.64 24.31 23.45 69.64 49.88 13.67 61.77 8.83 31.38 21.86 194.25 52.85 55.97 6.60 21.19 43.72 64.06 314.01 262.22 132.81 50.03 101.50 10.33 45.01 193.93 7.10 41.19 19.45 13.35 21.19 100.79 20.37 22.42 98.95 13.43 23.56 57.17 28.40 30.32 25.79 9.88 36.74 44.15 20.90 34.82 12.55 25.91
91.50 63.01 84.84 54.59 51.45 23.80 24.05 69.32 47.71 13.22 62.37 8.72 32.20 21.47 192.14 53.72 54.56 6.73 20.36 44.80 63.76 310.48 268.54 131.07 48.81 101.57 10.29 43.55 193.86 7.38 39.35 19.55 13.19 21.39 100.42 20.77 22.16 92.87 13.33 25.16 55.16 28.72 29.97 25.35 9.76 36.21 44.23 21.73 34.04 12.51 26.41
90.80 63.97 83.99 54.10 50.22 23.70 23.75 68.31 47.34 13.10 62.61 8.58 31.38 20.96 192.58 51.30 54.31 6.79 19.44 43.59 63.62 311.95 259.65 129.22 48.73 98.53 10.36 43.86 200.25 7.21 40.06 19.65 13.41 21.73 97.79 20.92 21.93 89.06 12.81 25.43 54.77 28.71 29.70 25.48 9.90 35.65 44.01 21.61 33.63 12.42 26.03
90.95 64.16 84.85 54.77 48.63 23.47 23.30 69.35 46.89 13.12 64.59 8.58 31.22 20.84 191.09 50.14 55.20 6.77 19.22 45.32 63.27 326.01 261.98 130.97 48.98 94.06 10.16 43.80 196.57 7.24 41.07 20.00 13.59 21.52 96.72 20.53 21.38 87.76 12.68 24.85 55.73 28.31 29.32 25.28 9.86 35.97 44.33 20.53 33.79 12.49 26.39
93.20 63.80 88.05 57.77 48.63 23.87 23.94 69.94 46.72 13.59 65.28 8.62 31.00 21.44 192.62 50.91 55.89 7.10 20.52 43.31 64.44 357.92 268.39 133.51 50.86 93.40 9.77 45.30 198.23 7.17 42.35 20.53 13.75 22.28 100.73 20.82 21.43 90.60 12.36 25.49 57.15 28.59 30.06 25.59 10.48 36.06 44.92 20.22 34.31 12.82 27.10
91.78 63.94 87.07 59.21 48.62 23.98 24.66 69.63 45.58 13.31 64.12 8.51 30.47 21.64 189.66 49.75 56.09 7.00 20.11 42.20 64.19 329.45 266.22 133.29 50.10 91.63 9.58 44.90 192.00 7.29 40.97 20.88 13.27 22.29 99.81 20.59 21.50 86.24 11.49 25.33 55.37 28.17 30.38 25.58 10.76 36.04 44.87 20.08 33.85 12.50 27.20
92.46 64.14 90.89 58.46 50.21 23.46 25.61 69.26 46.76 13.50 63.95 8.52 31.13 21.54 189.26 50.25 56.63 6.84 20.41 42.66 64.70 344.58 263.48 131.47 50.45 88.76 9.59 45.14 191.56 7.39 41.64 21.29 13.51 22.30 100.95 20.70 21.90 85.98 10.79 25.34 56.09 28.47 30.35 25.06 10.89 36.16 45.20 19.48 34.25 12.67 27.06
91.47 64.36 89.58 58.63 50.43 22.95 24.87 69.20 47.30 12.98 64.74 8.32 30.88 21.49 187.15 50.01 56.14 6.67 20.24 41.42 64.05 339.80 262.51 128.65 49.66 87.28 9.45 44.05 189.49 7.55 40.76 21.52 13.64 21.31 98.53 19.86 21.31 86.57 10.64 25.76 54.43 27.83 29.58 24.94 10.99 35.64 45.59 19.23 34.17 12.66 26.55
91.52 63.71 87.38 57.44 50.38 23.33 24.93 70.14 46.74 12.75 65.12 8.32 30.17 21.49 186.45 50.75 54.97 6.78 20.14 38.87 65.44 345.04 262.12 128.65 49.44 84.56 9.33 44.49 192.28 7.68 42.46 22.06 13.85 20.77 98.36 18.47 21.41 87.61 10.85 25.06 56.94 28.17 29.74 24.79 11.11 34.56 45.93 18.95 34.37 12.64 25.20
91.52 61.90 91.89 58.55 49.82 23.03 25.14 69.50 46.96 12.57 64.99 8.12 29.25 21.72 185.69 49.31 54.98 6.86 20.52 37.43 63.83 343.76 256.26 125.45 51.96 85.07 9.29 44.10 193.70 7.94 41.94 22.07 13.91 21.26 101.65 18.64 21.71 91.02 10.62 25.37 55.55 27.98 30.04 25.14 11.13 34.47 46.46 18.73 33.63 12.53 24.49
91.66 61.50 97.46 58.89 50.73 22.09 25.34 70.24 47.13 12.48 64.10 8.10 28.95 21.03 187.68 49.95 53.18 6.96 20.05 38.42 64.56 335.55 255.82 124.43 52.19 90.03 9.43 45.01 190.15 7.96 44.23 22.13 14.22 21.27 103.46 19.02 21.39 92.62 10.75 24.94 56.26 28.02 30.24 25.02 11.20 34.08 46.93 18.22 34.09 12.42 24.97
91.06 59.77 96.66 58.81 51.49 21.92 24.79 69.92 46.33 12.21 63.03 7.98 29.92 21.16 185.62 48.68 52.55 6.84 19.89 38.20 63.00 339.27 259.94 124.32 52.65 89.39 9.45 44.31 184.72 7.89 43.19 22.16 14.05 20.81 101.09 19.30 21.43 89.80 10.82 24.81 54.01 27.89 30.15 25.59 10.89 34.20 46.50 18.00 33.42 12.30 24.99
91.97 61.68 97.09 58.48 52.72 21.99 25.53 70.07 46.56 12.45 63.36 8.24 29.68 21.05 185.74 48.58 52.75 6.81 21.26 39.19 65.06 358.56 259.32 124.87 51.61 85.49 9.44 45.66 187.71 7.85 41.84 21.37 13.73 20.75 102.38 19.89 21.46 90.38 10.83 24.99 55.88 28.17 30.44 25.59 11.09 34.42 46.81 18.60 33.37 12.41 25.24
91.25 63.80 96.42 58.38 51.26 21.94 24.42 69.87 48.10 12.74 63.24 8.21 29.50 21.31 184.66 48.09 53.24 6.75 20.76 40.71 67.55 334.63 260.42 123.37 50.14 87.88 9.52 46.08 192.27 7.72 41.42 20.93 13.41 20.98 103.76 19.65 21.52 87.30 10.91 25.11 56.01 27.97 30.60 25.66 11.30 34.97 46.58 18.86 32.86 12.76 25.68
91.26 63.90 97.46 58.18 51.14 21.99 24.40 70.88 48.65 12.77 64.07 8.34 29.26 21.44 183.41 49.98 54.74 6.80 21.23 41.52 66.89 330.28 263.10 124.48 48.13 82.91 9.77 45.37 196.55 7.53 41.53 21.06 12.66 21.10 104.94 18.78 21.28 85.56 11.30 24.87 57.29 27.66 30.85 26.25 11.49 34.14 46.76 18.94 32.61 12.69 25.21
91.41 63.19 96.55 57.51 49.46 21.55 23.93 71.88 48.79 12.97 63.41 8.61 28.35 21.30 185.75 50.25 54.48 6.79 21.37 41.35 66.74 341.97 262.92 120.60 48.64 86.57 9.58 43.87 188.54 7.47 43.12 20.68 13.12 21.06 104.71 19.21 21.43 85.31 11.17 25.06 58.01 27.42 30.60 26.34 11.37 34.02 46.33 19.24 32.77 12.70 25.59
91.24 64.00 93.50 58.05 49.02 21.65 24.38 71.74 48.87 13.55 62.75 8.61 28.18 21.15 186.70 49.94 54.77 6.58 20.81 40.83 66.76 347.15 261.20 120.56 49.23 82.97 9.87 45.18 187.32 7.40 41.83 20.62 12.68 21.14 104.55 18.95 21.06 82.14 10.95 26.21 58.20 27.25 30.65 25.91 11.60 34.42 45.93 18.62 32.49 12.71 25.26
91.18 63.00 91.08 56.89 50.03 22.05 24.01 73.08 50.06 13.52 62.64 8.54 28.59 21.38 187.56 49.42 54.90 6.54 21.04 39.26 66.94 346.01 256.86 118.78 48.78 81.43 9.90 45.27 183.99 7.52 42.95 20.67 12.16 21.27 105.18 18.56 20.85 78.79 10.98 26.21 59.82 27.62 30.44 26.74 11.70 33.74 46.45 18.47 33.35 12.91 24.81
91.91 62.82 90.26 56.34 51.56 22.07 23.70 74.47 50.14 13.67 61.38 8.60 28.89 21.66 186.60 50.09 53.70 6.47 21.46 40.46 65.77 363.49 253.39 120.82 49.68 80.42 10.15 47.03 181.27 7.64 43.99 20.90 12.06 21.59 104.81 18.91 20.93 81.10 11.12 25.82 57.97 27.69 30.17 26.78 11.91 34.76 47.13 19.00 33.49 12.56 25.16
92.31 62.75 88.19 54.53 51.81 21.12 23.79 74.86 50.42 13.72 62.57 8.53 29.64 21.00 187.92 47.90 54.02 6.70 23.11 40.78 65.68 369.53 248.45 121.68 49.77 82.28 10.23 46.09 182.37 7.58 43.94 21.01 11.98 21.55 106.59 19.29 21.36 82.07 11.47 26.52 56.78 28.01 29.83 27.00 11.78 34.85 47.40 19.50 33.38 12.93 26.24
89.45 60.24 85.24 53.14 51.45 19.89 23.55 72.97 49.15 13.46 61.75 8.35 28.12 20.14 182.56 44.78 54.93 6.61 21.76 39.47 62.27 347.46 242.71 120.16 47.26 78.01 10.23 44.56 179.13 7.29 39.76 20.84 11.56 21.11 104.38 18.35 21.24 78.52 11.14 26.22 56.15 27.48 28.95 26.31 11.67 33.34 46.11 19.03 33.03 12.29 25.48
89.75 60.24 86.74 53.25 50.96 19.50 23.36 73.95 50.42 13.08 65.01 8.61 28.26 20.16 187.39 45.78 55.97 6.58 21.43 39.25 62.33 361.92 242.86 117.15 45.85 76.45 10.22 44.69 179.98 7.24 37.34 20.55 11.93 21.27 102.71 17.80 21.01 75.33 11.08 25.69 56.78 27.30 28.68 25.96 11.49 34.00 46.52 19.24 33.35 12.66 25.21
89.57 59.62 86.47 54.05 50.55 19.32 22.26 75.76 51.98 13.31 64.84 8.66 27.95 20.15 188.51 45.93 57.20 6.36 21.16 38.85 63.43 357.53 241.68 116.95 45.22 76.08 10.31 44.03 184.19 7.25 37.83 20.43 12.05 21.38 100.25 16.70 20.92 75.83 10.78 25.32 56.85 27.44 29.15 26.08 11.50 33.90 47.31 19.69 33.00 12.64 25.29
88.67 60.82 88.26 53.32 50.11 19.41 21.47 75.33 51.65 13.24 64.95 8.75 27.76 20.13 187.48 45.67 56.02 6.18 21.20 39.64 63.38 333.55 240.78 114.74 45.01 73.27 10.33 43.68 187.76 7.46 37.70 20.26 11.73 21.51 101.83 16.53 20.85 69.22 10.87 25.71 59.55 27.19 29.23 26.03 11.20 33.60 47.77 20.40 32.75 13.20 25.15
88.51 61.53 85.22 53.65 49.93 19.66 21.25 76.25 50.31 13.38 65.57 8.90 26.91 20.37 188.78 46.11 57.01 5.94 21.37 40.27 63.11 332.05 235.75 115.95 45.23 71.79 10.69 43.34 184.64 7.27 38.31 20.19 11.85 21.48 103.23 15.74 20.60 73.10 10.87 26.18 59.09 26.69 29.49 25.94 10.96 32.81 48.09 19.91 32.82 12.50 25.27
88.17 62.89 86.18 53.29 50.01 19.09 21.25 77.11 50.46 13.31 65.50 8.96 27.02 19.90 189.94 46.86 56.36 5.98 20.16 40.82 62.48 310.03 244.46 116.17 44.83 70.73 10.79 43.20 177.69 7.34 38.08 20.61 12.09 21.61 102.18 15.98 20.35 70.05 11.17 26.41 60.23 27.13 29.53 26.81 10.86 33.37 48.41 20.12 32.31 12.50 25.65
88.03 60.64 83.96 53.15 51.58 18.36 20.83 75.92 50.90 13.28 66.82 8.70 27.73 19.92 188.74 45.11 56.55 5.88 20.30 39.99 61.37 311.76 242.29 117.74 46.27 71.20 10.91 43.15 179.00 7.41 36.79 20.87 11.66 21.30 101.57 16.50 20.45 68.40 11.37 25.79 60.69 27.42 29.36 27.57 10.80 32.12 48.58 19.51 32.60 12.73 25.71
86.49 59.79 83.17 52.13 51.85 18.50 20.64 75.86 48.64 12.88 67.94 8.79 26.81 19.39 185.76 45.17 56.32 5.83 18.84 39.75 61.42 301.39 241.64 119.36 45.79 69.51 10.29 42.85 174.52 7.22 34.44 20.62 11.17 21.18 100.75 16.44 20.57 66.41 11.34 24.65 57.64 27.16 28.69 26.80 10.54 32.21 47.79 18.94 32.29 12.37 24.64
86.12 59.85 81.70 52.94 51.72 18.47 19.30 79.06 48.35 12.79 67.11 8.75 26.48 18.62 186.18 45.10 55.26 5.83 18.63 39.40 61.68 300.83 238.22 119.57 45.75 66.99 10.17 42.71 179.15 7.08 33.23 20.19 10.94 21.71 101.57 16.87 20.37 65.17 11.58 25.04 57.83 27.57 28.80 26.80 11.01 32.18 47.90 18.59 32.02 12.32 24.09
88.04 61.64 87.81 53.96 52.64 18.10 18.93 79.07 48.71 13.14 69.70 8.84 27.11 19.29 185.11 45.84 56.96 6.01 19.74 40.35 62.83 308.48 251.73 123.56 46.14 66.55 10.52 42.94 186.09 7.20 35.57 20.78 11.17 22.06 104.46 17.52 20.49 61.61 11.99 25.80 59.65 27.85 29.22 27.88 10.99 32.65 49.53 19.44 32.85 12.81 25.15
89.57 62.00 88.61 54.28 53.20 19.04 19.23 81.58 49.79 13.73 70.68 9.15 27.93 19.55 188.17 48.91 58.86 6.31 21.45 40.30 64.27 309.38 253.88 122.89 46.44 67.37 10.45 44.20 181.70 7.21 36.35 20.78 11.37 22.91 105.68 16.65 20.53 61.62 12.28 26.39 59.97 27.97 29.90 28.45 11.46 34.76 50.35 20.02 32.75 13.10 25.54
90.89 62.02 88.04 54.27 54.11 19.14 20.20 80.63 50.33 13.91 71.01 9.06 28.88 19.83 184.88 47.14 58.93 6.37 22.88 41.39 62.86 311.53 260.11 124.55 48.57 73.57 10.83 44.50 180.22 7.50 37.89 21.17 11.88 22.37 106.83 17.23 21.02 64.01 13.17 27.24 62.16 28.03 29.86 28.83 11.51 34.10 50.64 20.38 33.04 13.56 26.73
89.49 62.67 87.97 52.87 53.14 18.48 19.83 79.76 49.85 14.10 70.30 8.77 28.18 19.60 184.37 45.65 57.56 6.43 23.15 41.97 60.56 295.39 248.05 122.21 47.09 74.81 10.77 43.84 175.46 7.57 38.82 21.20 11.76 21.72 104.10 17.47 21.05 62.18 13.13 26.17 61.16 28.23 29.73 29.15 11.00 33.76 50.07 20.40 33.28 13.34 28.03
89.21 60.81 89.22 52.49 52.98 17.89 19.53 79.75 51.06 14.14 70.97 8.65 27.75 19.41 184.97 45.93 56.32 6.44 23.10 41.93 60.68 308.62 242.91 121.68 47.28 77.46 10.90 43.96 174.67 7.40 39.17 21.43 11.83 20.84 98.52 17.64 20.62 62.52 13.07 27.19 58.12 27.75 29.21 29.00 10.68 33.36 50.07 19.83 32.44 13.35 27.14
91.45 60.90 90.79 52.82 52.02 18.57 20.51 80.36 51.99 14.04 71.37 8.88 29.15 19.63 190.35 47.67 56.66 6.51 23.45 43.20 63.07 336.10 241.08 122.57 49.64 75.75 10.80 44.84 180.74 7.12 39.93 22.26 12.05 21.22 101.87 18.70 20.91 67.50 13.76 28.73 57.16 27.96 29.80 28.82 10.95 33.96 51.59 19.93 32.56 13.80 28.08
91.17 62.12 91.85 51.46 52.37 19.05 20.94 79.82 53.74 14.18 74.10 8.83 28.98 19.74 195.23 47.49 54.85 6.51 22.43 43.76 63.39 324.43 254.14 120.24 46.91 73.30 10.62 44.67 182.88 6.84 39.21 22.39 11.83 21.58 101.43 18.17 20.85 62.81 14.03 27.62 58.37 28.39 29.76 28.76 11.09 33.81 51.53 20.00 32.64 14.27 27.20
90.30 62.18 86.58 51.41 52.07 18.88 19.63 78.72 52.23 14.21 73.03 8.57 28.67 20.19 192.37 46.05 53.35 6.41 21.55 43.73 62.89 342.48 252.28 118.02 45.36 70.93 10.26 43.32 182.17 6.54 38.74 22.21 11.48 21.20 96.50 18.43 20.46 63.15 13.80 26.82 58.70 28.05 29.81 28.76 10.88 32.56 51.26 20.43 33.05 13.84 26.78
91.39 61.34 89.64 50.77 54.21 19.17 19.69 77.40 53.32 13.89 72.29 8.51 28.44 20.46 194.11 47.70 55.13 6.45 21.48 43.35 64.71 352.81 253.79 116.02 46.51 68.84 10.43 44.11 188.89 6.74 40.74 22.63 11.69 21.54 96.10 19.16 20.54 67.17 14.50 27.18 57.91 28.12 29.75 28.97 10.89 33.22 51.75 20.78 34.08 13.99 25.86
92.29 61.95 90.03 51.94 55.67 18.97 19.98 77.78 52.72 14.17 72.63 8.45 28.26 20.81 193.78 49.45 55.30 6.49 21.45 43.89 66.57 360.58 260.57 117.72 48.09 69.41 10.48 43.61 190.67 6.90 40.45 22.64 11.99 21.69 95.01 19.05 20.50 68.97 14.87 27.30 56.55 28.41 29.87 29.77 10.99 32.58 51.62 21.48 34.33 14.23 25.93
91.88 60.98 89.40 51.53 55.21 19.25 19.74 76.32 54.81 14.06 73.89 8.35 27.64 21.06 189.59 49.92 53.46 6.29 21.83 43.07 66.93 361.19 257.50 116.29 47.95 72.02 10.48 43.62 188.86 6.85 39.60 22.64 12.11 21.69 91.51 19.34 19.88 70.64 14.57 26.73 55.34 28.31 29.78 28.99 11.10 32.92 51.48 21.68 35.24 14.07 25.76
93.80 62.41 87.92 53.77 55.49 20.35 20.74 78.32 55.47 14.39 74.03 8.56 28.55 21.90 195.90 51.51 54.79 6.27 22.23 42.96 67.99 373.18 258.63 118.13 48.31 74.40 10.55 45.55 197.41 7.08 40.11 22.90 12.00 22.22 94.95 19.82 20.28 72.22 14.50 26.53 56.32 28.66 30.31 28.92 11.62 33.78 53.44 21.82 35.88 14.17 25.52
94.28 65.12 90.13 54.04 55.42 21.31 20.56 78.88 55.97 14.50 77.25 8.56 28.79 21.72 196.87 52.26 53.90 6.20 21.94 42.80 70.44 363.78 258.83 117.22 46.40 75.76 10.72 45.62 200.94 7.02 40.41 23.08 12.26 22.06 97.84 20.20 20.20 69.14 14.57 26.80 59.25 28.30 30.17 29.45 11.98 33.78 54.99 22.30 36.29 13.91 26.17
94.79 66.71 87.70 54.15 55.09 21.91 20.62 79.12 56.22 15.08 76.95 8.64 30.44 21.60 196.09 51.56 53.47 6.17 21.42 44.44 70.52 373.99 253.44 116.78 46.47 73.12 10.82 45.85 202.91 7.00 38.83 23.55 12.44 22.60 96.49 20.24 19.68 68.02 15.33 27.82 57.57 28.34 30.91 29.60 12.08 34.51 55.44 23.21 36.60 13.72 26.35
96.07 67.83 88.46 54.76 56.58 23.37 21.02 80.19 55.31 15.59 78.60 8.66 31.00 21.09 198.44 52.80 54.86 6.24 21.60 44.81 69.97 383.76 256.33 118.70 44.75 73.84 11.03 47.20 206.76 7.32 39.85 23.61 13.24 22.20 99.83 20.28 20.05 64.44 15.76 28.83 56.81 28.68 31.05 29.71 12.15 35.03 56.60 23.67 36.96 13.99 26.88
94.20 67.49 83.56 54.41 56.41 22.91 19.87 78.29 54.05 15.11 77.27 8.39 31.07 20.17 192.14 51.63 54.14 6.28 20.82 44.54 68.52 378.08 249.35 118.59 44.42 70.22 10.83 46.47 200.11 7.08 39.92 23.41 13.44 21.39 98.08 20.64 19.53 63.73 15.55 30.19 53.18 28.19 30.01 29.12 11.86 34.54 55.44 24.12 36.74 13.69 26.11
92.84 65.68 82.46 52.81 54.98 23.06 19.36 77.15 52.38 15.35 73.89 8.25 30.63 20.43 196.17 51.81 53.41 6.26 19.91 44.70 68.71 369.35 240.64 117.61 42.86 68.88 10.65 45.15 197.16 7.07 40.24 23.66 13.26 21.47 100.51 20.03 19.30 60.23 14.70 28.95 53.07 28.15 29.43 29.06 11.52 35.27 54.09 24.73 36.45 13.36 25.32
92.27 66.73 81.86 51.97 56.36 23.68 19.24 75.83 51.00 15.17 73.36 8.21 29.71 19.80 191.93 51.12 53.18 6.40 19.20 44.69 67.52 371.66 239.48 116.49 43.83 67.39 10.52 45.49 199.21 7.12 40.64 23.79 12.87 21.26 98.44 20.68 19.43 56.92 14.86 26.87 53.28 27.88 28.98 28.76 11.15 34.51 53.52 24.62 36.56 13.42 26.03
93.57 66.45 80.99 53.51 56.02 23.43 18.56 76.35 51.29 15.17 76.38 8.24 30.47 19.93 192.62 51.38 51.27 6.28 19.32 44.07 67.68 392.42 245.41 117.57 46.37 65.91 11.00 45.77 205.89 6.96 44.97 24.15 12.97 21.20 98.44 21.07 19.72 56.83 15.08 27.28 54.15 27.90 28.94 29.26 11.38 34.29 53.77 24.99 36.91 13.72 25.95
93.87 66.16 81.21 55.02 56.42 23.36 18.82 78.52 53.60 14.91 74.66 8.20 30.45 20.56 191.80 53.24 51.33 6.32 19.38 45.19 68.45 385.21 239.43 123.27 48.69 66.42 11.00 46.02 201.00 7.17 45.19 23.96 13.41 21.09 99.98 21.28 19.96 56.95 15.32 27.92 54.18 28.24 29.00 29.38 11.39 34.59 54.31 24.64 36.14 13.47 25.90
92.59 64.08 83.21 54.61 55.74 22.68 18.55 80.17 54.13 14.91 73.43 8.21 30.05 20.85 189.72 52.56 51.33 6.30 19.41 44.43 69.67 359.32 228.52 123.32 48.09 63.79 11.04 45.61 202.48 6.99 44.20 23.68 13.43 21.43 100.96 20.02 19.97 56.61 15.31 27.51 55.19 28.30 28.88 29.28 11.24 34.66 54.13 24.32 35.01 13.38 26.10
93.79 62.96 83.89 55.34 55.46 22.63 18.88 81.91 55.46 15.11 75.78 8.27 30.70 21.20 189.68 54.20 52.96 6.37 19.16 43.65 71.58 356.48 237.60 120.39 48.29 63.61 11.52 45.89 202.90 7.04 44.03 24.24 13.93 22.11 101.57 20.24 20.13 59.73 15.28 27.07 56.38 28.91 29.68 30.24 11.41 35.09 55.03 23.79 35.50 13.59 27.26
93.96 62.03 86.77 54.43 54.63 22.41 18.86 81.90 56.75 14.95 78.48 8.38 31.86 20.55 191.25 54.56 54.80 6.57 19.69 42.67 71.16 354.72 231.44 119.37 48.98 63.42 11.70 47.35 203.04 7.12 42.43 24.00 13.89 22.19 100.31 19.69 20.48 57.56 14.96 26.92 57.11 28.66 30.32 29.92 11.77 35.39 56.28 22.78 35.37 13.77 26.88
94.23 60.84 83.91 54.05 55.19 21.48 19.45 81.01 55.61 14.83 75.93 8.29 32.47 20.64 190.89 54.56 55.28 6.69 19.52 43.22 70.05 375.39 235.55 116.66 49.20 64.83 12.12 47.49 202.19 7.02 40.46 23.62 13.57 22.60 101.09 20.39 20.73 57.90 14.64 28.04 57.00 28.91 29.91 29.78 11.70 34.57 56.34 22.23 34.82 13.71 26.48
93.78 61.15 85.17 53.65 54.97 21.41 19.75 78.90 55.52 14.64 75.42 8.41 31.93 20.25 190.70 53.11 55.03 6.53 19.91 43.22 70.34 379.53 239.95 113.53 48.28 64.67 12.18 46.86 197.96 6.90 39.47 23.36 12.92 21.94 99.89 19.01 20.61 57.29 15.06 27.43 55.72 28.83 29.50 29.81 11.73 35.27 57.60 22.42 34.35 13.68 26.38
92.93 63.17 86.13 55.34 54.60 21.04 19.67 78.58 52.70 15.23 78.32 8.51 31.16 20.53 191.09 52.41 53.22 6.45 18.80 44.06 72.59 350.11 241.13 110.67 47.66 62.19 11.87 47.79 204.96 6.64 38.87 23.16 12.96 22.23 102.97 18.57 20.62 55.73 14.87 27.83 57.59 28.22 29.77 29.82 11.77 35.74 57.69 22.48 33.95 13.50 25.42
90.73 62.16 84.57 54.21 54.46 20.92 18.90 77.05 51.67 15.06 78.46 8.46 29.87 20.40 187.90 51.79 52.76 6.34 17.86 42.40 69.61 322.43 237.11 107.64 46.44 61.14 11.44 47.51 203.77 6.47 36.07 22.56 12.50 21.80 99.41 18.70 20.75 55.94 15.14 27.29 56.95 27.68 29.20 29.14 11.86 34.50 56.33 22.35 33.35 13.44 24.68
90.68 62.48 85.66 53.54 54.94 20.25 18.36 77.74 50.99 15.68 79.03 8.47 30.28 20.57 192.48 51.49 51.53 6.35 17.63 42.10 66.42 329.38 228.78 107.82 45.04 59.43 11.27 48.06 208.78 6.60 34.73 21.90 12.63 21.98 100.39 19.20 20.63 55.69 14.71 27.89 56.02 27.51 29.27 28.75 11.86 36.78 57.01 22.60 33.84 13.47 24.40
89.89 64.33 86.53 55.36 55.35 20.87 17.86 76.53 49.78 15.75 79.81 8.67 29.15 20.88 190.95 50.53 51.50 6.11 17.74 41.18 67.82 299.94 230.13 107.75 43.28 59.09 11.31 48.47 214.64 6.48 33.87 21.78 12.53 22.04 103.03 17.99 21.00 55.72 15.32 28.04 53.27 27.75 29.48 28.77 12.01 37.34 58.16 23.18 34.02 13.40 24.63
89.48 65.21 86.47 54.84 55.66 21.07 17.84 74.51 49.26 15.41 80.63 8.97 28.44 20.90 190.68 51.97 52.45 5.98 16.92 39.86 65.91 290.60 225.27 108.62 42.97 60.77 11.23 47.34 217.47 6.55 34.60 21.61 12.37 22.20 105.02 17.89 20.58 55.00 15.39 27.74 53.63 27.68 29.81 28.50 12.01 37.18 58.78 22.76 33.70 13.38 23.83
89.29 65.12 88.64 55.44 54.09 20.29 18.48 72.66 50.13 14.57 79.50 8.89 28.19 21.36 192.56 52.10 51.89 5.93 17.51 39.85 65.07 293.61 221.74 108.97 43.95 62.54 11.15 47.48 215.19 6.33 35.49 21.45 12.49 21.82 105.34 17.71 20.43 52.29 15.18 28.07 52.77 26.98 30.04 28.40 12.07 38.21 59.02 23.15 32.39 13.50 23.15
89.41 62.27 87.62 54.67 54.38 19.13 17.81 72.86 50.68 14.53 78.62 8.61 28.09 21.45 188.55 51.30 51.32 6.14 18.27 42.47 65.57 302.26 219.95 112.51 45.61 64.95 11.44 46.48 209.19 6.31 37.91 21.67 12.55 21.60 104.67 18.44 20.76 54.03 15.31 28.42 51.98 26.94 29.76 28.14 11.64 37.94 58.32 23.09 33.90 13.78 23.15
90.09 62.49 88.11 57.19 55.21 19.57 18.34 75.30 52.78 15.10 80.23 8.55 27.86 21.34 188.79 51.88 51.97 6.14 17.73 43.06 65.75 292.02 218.10 114.61 45.82 67.53 11.31 47.07 217.50 6.44 38.05 21.81 12.93 22.22 106.94 18.65 21.03 52.55 15.63 29.13 54.24 26.90 30.17 28.30 11.61 38.84 58.32 22.41 34.27 13.61 23.38
89.36 61.67 89.74 56.61 54.46 19.77 18.00 73.20 52.79 14.80 80.96 8.62 27.55 21.55 186.81 53.48 51.33 6.09 17.51 42.02 65.14 294.38 216.72 109.71 44.07 66.31 10.94 46.57 208.97 6.53 36.64 21.96 12.74 22.55 105.94 18.80 20.52 50.62 15.93 28.84 51.70 27.13 30.05 27.69 11.65 38.21 59.19 22.77 33.47 13.35 22.03
87.81 62.59 86.60 55.53 53.61 19.17 17.59 71.65 51.30 14.36 78.78 8.54 27.41 21.24 189.12 52.38 49.98 5.85 16.08 43.02 67.86 280.82 211.98 110.16 43.68 62.97 11.03 46.39 207.16 6.46 35.02 21.82 12.97 22.36 103.40 18.32 20.49 51.02 15.43 27.57 51.67 27.32 29.91 26.83 11.43 38.24 58.64 22.08 33.61 13.14 22.18
86.96 63.41 84.02 54.64 54.58 18.46 16.60 70.90 50.19 14.36 79.14 8.21 27.33 21.30 184.89 52.11 49.78 5.91 16.06 42.52 67.54 274.14 218.45 106.32 42.87 66.45 11.18 45.87 205.60 6.31 36.17 22.03 12.89 21.75 102.93 18.50 20.53 52.58 15.02 25.86 52.93 26.69 29.37 26.87 11.13 37.52 57.32 21.61 33.06 12.57 21.73
86.68 61.80 82.04 54.05 54.39 18.33 16.12 69.03 50.91 14.55 76.89 8.03 26.38 21.74 181.82 52.25 49.78 5.81 16.08 42.93 66.20 271.22 214.05 105.56 43.37 69.07 11.19 45.40 199.13 6.38 36.61 22.04 12.78 21.69 101.98 18.62 20.24 56.69 15.46 26.08 54.57 26.70 28.94 26.90 11.20 38.69 57.33 21.56 33.21 12.46 21.53
87.12 60.00 80.58 53.02 53.91 18.17 16.20 69.56 51.24 14.60 76.41 7.84 26.45 21.74 180.51 50.88 49.46 6.00 16.28 44.72 65.01 277.16 219.92 107.53 43.67 72.15 11.60 45.01 201.05 6.51 37.48 21.78 13.35 22.15 102.53 19.00 20.16 60.23 15.63 25.67 54.17 27.31 28.75 26.73 11.28 37.89 57.29 21.98 33.39 12.51 20.72
85.86 56.98 81.17 52.49 53.67 17.87 16.15 68.47 50.96 14.26 73.14 7.74 24.87 21.49 179.44 50.15 48.86 5.92 16.19 44.03 63.06 266.36 223.20 105.45 42.95 73.69 11.30 45.16 194.55 6.35 36.24 21.72 13.01 21.07 101.32 18.26 20.11 59.73 15.18 26.49 54.44 27.02 28.40 26.99 11.22 37.43 56.69 21.72 32.91 12.72 20.63
84.65 55.30 78.13 52.43 53.60 17.93 16.16 66.46 50.56 13.53 74.30 7.58 24.60 21.34 178.67 48.58 47.26 5.72 15.56 44.32 61.06 262.37 218.19 103.10 41.51 71.69 10.90 45.65 188.37 6.27 36.02 21.41 12.78 21.16 102.66 17.50 19.79 59.89 15.53 26.13 52.39 26.85 28.41 27.24 10.94 36.12 56.05 21.31 32.46 12.61 21.01
83.25 55.35 74.54 52.59 53.11 17.29 16.02 65.50 49.52 13.45 73.08 7.56 23.93 21.98 177.72 47.32 46.42 5.78 15.68 42.62 59.58 257.09 214.69 104.62 41.04 70.97 10.97 45.44 192.65 6.30 33.85 20.81 12.71 20.81 99.12 17.43 20.05 57.79 14.75 25.76 51.45 26.54 28.49 26.43 10.59 34.51 54.63 20.69 32.09 12.28 20.50
82.73 54.28 72.11 50.97 53.71 17.22 15.73 63.78 50.23 12.93 70.40 7.53 23.48 21.80 173.15 46.46 45.71 5.69 15.37 42.83 59.81 264.12 212.09 102.41 43.24 72.77 11.28 45.38 191.86 6.45 32.95 20.99 12.10 20.57 96.70 17.98 19.38 58.92 15.43 24.84 49.92 25.62 28.33 27.22 10.34 34.60 53.62 20.48 31.76 11.72 20.23
83.22 54.26 72.90 50.62 53.46 16.82 15.21 62.93 51.09 13.01 70.74 7.33 23.18 22.86 175.51 46.37 46.62 5.71 15.39 42.95 58.79 267.85 217.41 103.15 43.88 72.96 11.44 45.37 194.18 6.54 32.09 21.37 12.22 20.76 94.01 18.27 19.68 59.60 15.75 24.80 50.39 25.67 28.46 27.32 10.46 34.30 54.27 20.70 32.08 11.70 20.70
83.31 54.04 71.76 50.01 54.33 16.45 15.56 63.04 49.33 13.43 71.75 7.20 23.50 22.38 174.69 47.37 45.44 5.68 15.77 43.09 56.28 273.19 217.85 103.65 45.42 72.22 11.42 46.32 197.31 6.66 33.75 20.90 12.41 20.41 93.10 18.86 19.02 63.12 15.58 25.43 49.25 24.96 28.45 26.76 10.48 33.56 53.90 20.04 31.65 11.41 21.40
83.15 54.16 74.17 49.95 54.97 16.72 15.31 64.95 50.66 13.43 71.60 7.05 24.32 22.46 172.57 47.91 44.49 5.76 16.68 42.36 54.99 267.89 219.69 103.95 44.63 73.16 11.57 46.68 196.66 6.50 34.15 21.16 12.60 20.60 92.18 18.77 19.09 60.37 15.35 24.54 49.49 24.58 28.46 26.31 10.34 34.17 53.83 20.10 30.68 11.30 21.17
83.99 55.74 76.88 50.29 57.09 16.77 15.68 64.88 50.06 13.46 72.46 6.85 24.80 22.58 175.36 50.13 45.80 5.91 16.53 41.45 56.34 271.48 222.24 104.24 45.28 70.13 11.63 46.91 195.56 6.62 35.84 20.93 12.69 20.79 91.94 19.05 19.21 62.67 15.32 25.20 47.99 24.68 29.06 26.03 10.72 35.25 54.38 20.39 30.27 11.56 20.78
84.19 55.04 76.76 49.53 57.22 16.36 15.70 63.44 48.71 13.31 71.39 6.75 24.43 22.89 173.65 50.75 46.04 5.94 16.56 41.03 57.44 276.75 222.28 105.70 45.59 70.72 11.56 47.53 192.79 6.83 38.06 20.74 12.79 20.81 94.27 19.65 19.23 64.49 15.83 25.92 46.68 25.06 28.98 26.34 10.58 34.21 54.52 20.70 30.52 11.38 20.44
84.09 55.68 73.59 50.41 58.89 16.48 15.50 63.56 50.11 12.90 70.98 6.66 24.80 22.38 173.51 49.69 45.65 6.07 17.44 41.12 57.35 280.87 221.34 107.04 45.54 69.51 11.52 45.99 190.77 7.02 37.55 20.34 12.35 20.23 92.14 20.28 19.16 65.07 15.59 26.69 47.04 24.57 28.84 26.51 10.76 34.66 54.25 20.47 30.42 11.27 20.53
82.72 56.29 75.23 50.45 59.34 16.07 14.99 63.95 50.34 12.75 69.60 6.70 23.59 22.73 170.59 51.07 47.45 6.01 17.78 39.95 56.67 261.07 213.77 109.86 43.78 65.78 11.50 44.59 191.70 7.06 35.28 20.06 12.35 19.69 90.95 18.11 18.96 65.72 16.18 25.31 45.39 24.79 28.99 25.77 10.74 33.98 53.37 21.08 30.18 11.40 20.12
83.53 57.47 78.31 51.73 60.41 15.66 15.52 64.22 49.80 12.93 67.50 6.70 24.08 22.81 171.45 51.37 48.82 5.90 18.15 40.39 57.44 272.20 220.89 108.85 45.96 67.91 11.46 44.65 190.84 6.84 33.82 20.04 12.87 20.23 92.30 18.23 19.02 68.30 16.52 24.65 44.75 24.85 29.03 25.25 10.72 35.10 52.80 21.63 30.05 11.16 20.28
83.17 57.07 79.30 50.46 58.69 14.97 15.59 63.69 50.33 12.51 68.90 6.48 23.99 22.90 167.21 50.62 46.67 5.88 17.66 39.21 57.30 280.11 224.88 103.64 46.67 66.61 11.14 43.74 192.74 6.61 32.17 19.85 12.67 19.96 91.40 19.24 18.92 71.23 16.09 25.86 43.44 24.44 28.44 25.33 10.79 35.12 52.61 21.10 29.74 11.23 21.04
82.69 56.03 78.41 50.31 59.13 14.81 15.97 64.15 50.34 12.69 65.58 6.36 24.06 22.81 169.56 52.95 45.35 5.89 17.29 39.92 57.16 258.72 227.00 105.87 46.87 69.80 11.51 44.34 194.45 6.60 29.56 19.74 12.48 19.74 91.42 18.42 19.03 70.04 16.41 26.34 42.51 24.52 28.36 24.94 10.66 36.07 52.59 22.20 29.95 11.73 21.35
83.11 55.95 78.08 50.16 60.00 15.08 16.09 63.34 49.90 12.81 66.26 6.31 24.52 22.95 166.41 52.12 45.77 6.02 17.82 41.88 55.81 270.55 227.98 107.90 46.72 70.12 11.71 44.35 187.85 6.76 29.37 19.12 12.03 19.52 92.54 18.45 19.12 71.60 16.50 26.81 42.24 24.14 28.66 24.74 10.74 35.90 52.37 23.02 30.08 11.68 21.69
83.26 56.54 81.84 48.88 59.31 15.19 16.34 63.32 49.45 12.44 66.84 6.31 24.70 22.71 165.80 51.86 45.08 6.06 18.13 41.01 56.62 270.30 222.64 108.22 45.73 67.95 11.96 43.53 190.68 6.60 29.09 19.19 12.38 19.95 94.26 18.79 19.00 75.05 16.55 26.84 43.63 24.23 28.83 24.64 10.60 37.23 52.24 23.38 30.01 11.53 21.98
83.28 55.38 84.58 48.82 58.34 15.69 16.40 63.59 49.83 12.90 65.59 6.59 25.10 23.36 162.64 53.71 45.80 6.15 17.27 40.28 56.59 269.97 212.54 109.68 47.03 69.17 11.84 43.76 188.23 6.40 29.10 19.05 12.05 19.71 94.73 18.70 19.18 76.66 16.54 27.02 43.05 24.49 28.91 24.01 10.84 38.10 51.81 23.42 29.65 11.33 21.67
84.51 55.97 90.52 49.80 58.52 15.38 16.94 64.71 52.57 13.11 66.07 6.73 25.58 23.55 162.72 54.10 46.21 6.23 17.96 42.58 57.86 277.82 214.76 105.77 48.11 71.91 12.11 43.87 187.47 6.49 28.57 19.27 11.82 20.08 96.37 18.98 19.38 76.67 16.84 28.25 44.26 24.52 29.14 24.29 10.85 38.42 51.87 23.86 29.90 11.32 22.76
85.23 56.43 91.11 50.65 60.02 16.20 17.08 63.92 52.60 13.27 66.03 6.78 26.10 23.53 163.56 54.20 45.38 6.04 17.78 42.68 57.26 295.55 212.65 109.93 49.18 72.13 12.18 44.28 182.63 6.48 29.34 19.62 11.99 19.83 95.23 19.66 19.84 76.22 16.92 28.09 43.08 24.82 28.82 24.99 10.94 37.39 51.65 23.92 29.38 11.43 22.72
86.75 56.20 91.37 51.11 58.26 17.06 16.53 62.80 54.05 13.12 64.15 6.94 26.85 23.80 164.39 53.98 47.68 6.05 18.21 44.11 57.82 327.23 210.61 111.21 49.75 72.22 12.82 45.98 187.57 6.37 29.86 19.76 12.28 20.45 96.88 20.01 19.76 78.66 17.04 27.24 44.67 25.19 28.72 25.35 11.13 38.25 51.98 23.99 30.04 11.53 23.27
85.84 55.58 88.86 49.91 57.85 16.60 15.77 61.33 52.77 12.90 64.62 6.85 25.98 23.44 162.00 50.67 47.17 5.95 18.11 43.25 59.04 335.21 211.09 108.39 48.12 72.10 12.82 44.65 186.58 6.20 30.77 19.45 12.20 20.26 97.11 19.11 19.39 74.66 17.33 26.55 42.95 24.67 27.94 25.40 11.00 40.35 51.02 24.18 29.69 11.88 23.13
86.24 54.33 90.19 49.48 57.97 16.32 16.09 62.39 52.58 12.95 65.33 6.97 26.13 23.02 161.76 51.25 46.30 5.94 18.28 43.89 59.62 334.87 218.67 109.07 47.72 71.27 13.02 43.74 192.96 6.41 29.20 19.94 12.45 20.21 98.99 19.41 19.54 75.58 16.87 26.51 42.70 24.76 28.11 25.64 10.76 41.79 50.75 25.03 30.13 12.20 22.89
85.42 53.33 86.94 48.52 57.73 15.91 16.40 61.11 50.94 12.57 65.55 6.87 26.32 22.29 159.95 50.07 43.96 5.79 18.56 42.75 58.25 341.57 213.84 105.27 47.81 73.33 12.90 42.75 187.90 6.62 30.23 19.47 12.11 20.04 97.38 19.18 19.25 74.37 16.81 26.25 42.33 24.50 27.93 25.17 10.79 40.50 49.52 24.81 29.81 12.34 22.95
84.91 52.60 84.48 48.39 58.48 15.42 16.57 60.92 50.83 13.02 64.90 6.69 26.77 22.93 159.59 50.50 44.68 5.81 18.54 44.28 58.54 327.51 219.46 103.09 47.72 75.33 12.80 42.50 184.87 6.59 28.15 19.42 12.22 20.11 95.94 18.93 19.51 74.58 17.06 26.85 40.98 24.54 27.70 25.37 10.45 39.14 48.83 23.73 29.72 12.60 23.49
86.03 53.06 86.12 49.38 57.83 15.49 16.79 60.65 50.47 13.12 67.24 6.63 26.57 23.29 163.09 51.84 45.69 5.87 18.70 44.44 60.31 339.26 217.20 103.91 49.02 77.53 12.75 42.43 185.27 6.38 28.11 19.43 12.46 20.41 96.17 18.62 19.54 76.25 16.88 27.91 44.45 24.97 28.63 25.32 10.72 37.89 48.67 24.54 29.20 12.67 23.43
85.58 53.75 83.87 49.22 55.95 15.77 16.98 59.19 50.77 13.04 65.98 6.52 26.30 22.97 162.91 51.20 46.03 6.03 17.87 44.64 60.58 331.78 222.28 100.73 48.67 75.12 12.63 42.37 185.46 6.40 27.40 18.85 12.78 20.59 98.01 18.67 19.37 75.49 16.96 27.83 44.92 24.73 28.59 24.92 10.99 37.85 49.79 24.68 28.87 12.50 23.51
85.61 53.55 82.29 49.16 55.54 15.50 17.27 58.95 48.80 12.41 63.96 6.32 26.45 22.54 162.92 49.86 46.06 6.21 18.41 45.25 59.97 351.81 222.55 98.54 48.47 76.03 12.65 42.33 185.50 6.32 25.47 18.87 12.88 19.98 99.34 19.24 19.88 76.00 16.96 28.46 44.60 24.75 28.48 24.93 10.95 36.24 48.90 24.27 29.41 12.43 22.88
84.93 52.72 80.46 49.26 54.74 14.87 16.00 58.33 47.63 12.38 63.89 6.28 26.21 22.47 161.81 48.29 45.02 6.14 19.49 45.76 58.58 357.40 224.49 97.22 48.80 77.56 12.34 42.09 186.79 6.07 25.89 18.41 12.71 19.95 97.87 18.44 19.62 78.60 16.50 28.63 43.11 24.65 28.01 24.46 10.93 35.94 48.47 23.64 28.53 12.44 23.26
86.43 54.27 84.25 49.51 55.90 15.57 16.58 59.43 49.04 12.89 65.86 6.50 26.91 22.60 167.98 49.40 46.67 6.34 18.51 44.57 59.48 343.27 226.46 98.88 49.82 78.72 12.73 43.91 191.17 5.94 26.50 19.47 13.09 20.47 101.06 19.02 20.08 79.89 16.46 28.71 45.23 25.26 28.97 24.73 11.35 38.58 49.31 23.60 29.34 12.84 23.34
87.79 53.88 85.69 49.67 57.66 15.74 17.24 59.30 49.21 12.82 64.95 6.43 27.35 23.32 168.80 50.38 46.25 6.24 17.78 46.14 58.95 360.76 222.57 100.49 50.92 79.06 12.83 43.79 186.79 6.09 29.22 19.80 13.14 20.49 102.82 19.16 20.35 82.72 16.68 30.25 46.38 25.31 29.69 25.40 11.42 39.96 50.09 23.78 30.02 13.00 23.44
89.17 54.37 87.16 50.81 58.55 15.49 17.54 59.13 49.79 12.61 66.07 6.43 28.51 22.92 166.70 50.42 46.09 6.29 17.81 47.07 60.11 382.90 219.42 103.19 53.97 82.67 12.51 45.05 187.23 6.23 29.48 19.76 13.18 20.84 103.03 18.91 20.62 89.03 17.13 30.51 47.33 25.64 29.61 25.66 11.69 38.73 49.72 24.35 29.90 13.00 23.71
88.40 53.44 85.96 50.09 58.79 15.03 17.39 59.06 50.46 12.43 67.09 6.28 28.87 23.42 167.77 50.38 45.70 6.41 17.94 46.76 62.71 366.46 218.04 102.74 53.95 83.67 12.08 45.10 185.27 6.11 29.17 19.57 13.37 20.71 103.76 18.65 20.47 84.73 17.57 31.16 47.01 25.72 29.31 24.96 11.44 38.17 49.29 24.31 29.50 13.16 23.28
89.96 54.21 90.02 50.84 59.88 15.32 17.61 59.25 51.36 12.57 68.15 6.30 29.12 24.29 171.67 51.58 46.00 6.49 18.08 45.80 62.45 400.27 219.43 100.14 53.19 84.07 12.28 43.44 183.52 6.16 29.23 20.09 13.24 20.93 108.17 18.62 20.42 86.12 17.05 31.26 46.71 26.28 29.61 25.22 11.57 39.39 49.93 24.49 29.54 13.18 23.34
89.96 55.02 90.53 50.14 58.75 15.55 17.79 59.74 51.84 12.82 68.64 6.30 29.19 24.69 169.22 51.56 46.24 6.58 18.90 46.68 64.43 385.81 221.27 97.59 52.86 84.61 12.43 43.48 186.31 5.94 28.78 20.31 13.61 21.39 109.86 17.75 20.74 84.75 17.37 30.94 46.50 26.32 29.40 25.40 11.44 40.29 50.69 24.83 29.50 13.33 24.16
91.60 56.94 91.83 51.47 60.00 16.48 17.99 60.38 52.88 12.88 67.30 6.46 30.29 24.59 171.93 52.41 47.65 6.68 19.11 47.75 67.31 408.41 219.28 97.77 52.75 89.15 12.38 45.39 189.86 5.89 29.22 20.38 13.24 21.82 113.62 17.74 20.65 88.43 16.56 31.34 47.85 26.72 29.76 25.41 11.45 40.52 51.40 25.83 29.61 13.57 24.45
91.88 56.86 87.94 51.13 61.66 16.18 17.63 60.99 53.23 12.90 67.58 6.39 31.32 25.17 173.54 52.29 48.36 6.81 19.30 49.92 66.63 396.23 224.85 100.08 51.74 89.74 12.55 45.63 196.52 5.93 30.36 20.79 13.14 21.73 112.77 17.59 20.57 87.85 16.74 28.73 50.75 27.62 29.79 25.44 11.70 41.72 51.44 26.45 29.73 13.53 25.69
92.18 57.47 87.87 52.30 62.87 16.58 17.77 62.18 52.89 12.94 69.60 6.28 31.08 25.47 169.98 49.79 49.41 6.82 19.38 50.34 67.36 381.20 227.98 100.74 52.08 95.58 12.55 46.08 195.61 6.32 32.28 20.61 12.90 22.14 112.12 18.31 20.59 88.34 16.73 29.69 51.70 27.66 29.98 25.16 11.90 41.40 51.74 26.53 30.59 13.56 25.89
93.35 57.53 87.70 52.63 64.76 16.38 17.72 64.08 52.94 13.01 73.03 6.37 31.82 25.65 170.41 53.25 48.36 7.17 19.92 52.60 66.16 384.60 245.09 102.24 51.85 90.27 13.17 45.27 198.56 6.39 33.07 20.76 13.44 22.27 112.89 17.96 21.41 89.62 16.59 29.86 49.67 28.10 29.99 25.97 12.37 41.13 52.73 26.33 30.54 13.92 26.25
94.45 57.83 94.01 54.01 65.78 16.40 18.15 64.31 54.92 13.30 75.17 6.57 31.98 25.88 177.03 53.03 49.64 7.27 20.66 51.89 67.87 368.74 244.42 103.33 52.25 92.96 13.14 46.90 202.67 6.44 31.58 20.57 13.76 22.46 116.55 18.39 21.72 95.88 17.09 30.77 51.57 27.94 30.62 26.27 12.68 43.18 53.87 26.04 29.57 14.07 26.49
94.68 58.30 97.65 53.04 65.19 16.10 17.93 64.14 54.00 13.49 72.00 6.60 32.35 25.25 175.45 52.45 49.80 7.25 18.94 49.92 67.27 392.41 243.19 101.77 51.71 92.16 13.47 46.30 209.76 6.27 32.20 20.54 13.63 22.26 116.01 17.83 21.69 97.90 17.59 31.11 51.58 27.97 30.62 26.13 12.45 43.57 53.88 26.20 29.22 14.01 26.97
96.24 59.56 102.65 54.09 65.27 16.60 18.65 65.87 55.77 13.51 73.49 6.70 32.06 25.88 179.62 52.96 50.88 7.26 18.80 48.94 67.53 390.12 247.73 104.71 52.66 96.17 13.43 47.70 211.12 6.13 32.09 20.58 14.58 22.52 119.25 18.32 22.03 100.02 17.85 30.85 53.96 28.65 30.96 27.05 12.64 44.80 55.06 25.99 30.00 14.24 28.00
95.84 58.62 98.65 54.86 63.25 17.19 18.77 66.64 56.51 13.61 75.56 6.58 31.70 25.28 181.46 52.22 50.99 7.23 18.07 49.16 67.40 396.37 250.06 106.48 51.74 95.74 13.87 46.97 207.92 6.25 30.51 20.34 14.20 22.37 119.93 18.69 21.90 96.02 17.81 30.85 50.50 28.32 30.92 26.43 12.87 44.05 54.73 25.30 29.50 14.11 27.88
93.23 59.79 97.83 54.81 62.84 16.57 18.85 64.75 55.36 13.30 73.04 6.42 31.47 24.50 179.03 50.26 50.49 7.08 18.29 48.89 68.24 357.23 244.02 106.15 49.40 92.32 13.59 46.29 202.35 6.00 28.13 19.98 14.64 22.02 118.20 17.83 22.19 89.51 17.99 29.13 49.59 28.54 30.27 25.99 12.76 43.66 54.11 24.68 29.86 13.65 27.74
92.43 60.23 97.51 55.18 63.02 15.84 18.08 64.90 52.67 13.22 71.55 6.31 30.99 24.26 176.13 51.06 50.18 7.34 19.09 47.40 65.07 365.20 242.13 101.87 49.68 89.79 13.33 46.24 201.79 5.93 27.60 19.72 14.80 22.40 115.72 17.50 21.82 84.98 17.84 27.97 50.21 28.69 29.76 25.24 12.78 43.46 53.18 24.86 29.58 13.14 27.76
92.23 60.77 93.95 54.97 63.06 15.84 17.64 65.17 51.64 13.46 72.22 6.07 30.51 23.94 179.39 51.12 51.63 7.43 19.28 48.07 65.15 361.10 239.41 100.87 51.36 91.55 13.16 46.05 197.96 5.95 29.39 19.80 14.53 22.15 113.54 17.72 21.90 85.50 17.13 26.52 49.95 28.59 29.67 24.97 12.76 45.42 51.89 24.88 29.24 13.21 28.27
93.61 61.49 96.90 55.40 63.08 16.25 18.28 64.94 52.45 13.28 72.94 6.08 31.38 24.92 181.08 52.43 50.37 7.50 20.00 47.34 67.09 384.39 240.24 98.87 52.81 94.08 13.52 47.38 206.04 5.73 29.62 19.97 14.79 21.89 115.41 18.25 22.19 85.75 17.19 26.34 50.10 28.69 30.02 24.93 13.20 45.85 51.36 24.44 29.63 12.98 28.18
94.34 62.32 102.56 57.25 64.46 16.95 18.67 65.42 52.12 13.32 72.94 6.28 32.37 24.82 185.53 53.84 51.83 7.95 20.06 46.73 68.46 370.10 243.89 99.97 53.56 94.85 13.16 47.52 209.36 5.72 29.64 20.19 15.16 22.46 122.16 18.10 22.44 83.52 16.57 28.20 49.61 29.04 30.31 25.05 13.52 45.69 52.18 24.73 29.63 12.84 28.07
94.55 62.18 97.79 56.92 64.01 17.01 18.95 65.57 52.47 13.42 74.04 6.26 32.61 24.81 183.59 53.06 51.98 7.55 19.79 45.55 67.98 396.89 239.56 97.28 53.83 92.01 13.04 47.46 207.08 5.65 29.49 20.21 15.27 21.95 120.76 18.52 22.16 87.58 16.68 27.73 49.70 28.76 30.02 25.18 13.10 44.20 52.64 24.13 29.06 12.84 27.96
94.82 63.51 98.11 57.67 61.70 17.57 18.88 66.02 52.57 13.00 75.82 6.52 31.95 24.31 188.72 56.26 52.28 7.10 21.31 45.47 67.93 398.67 232.45 93.54 54.03 91.56 13.17 48.59 214.35 5.21 29.00 20.14 15.31 22.17 121.51 18.97 22.24 83.74 16.06 26.97 52.86 28.95 30.13 24.95 13.37 44.95 54.31 23.65 28.90 12.53 28.04
94.83 64.36 95.08 58.37 61.61 17.60 18.60 66.79 50.65 12.75 76.52 6.52 31.14 25.44 188.25 56.52 52.86 7.13 21.78 43.46 68.10 405.89 239.66 90.57 55.06 89.96 12.77 48.19 210.14 5.39 29.31 20.16 14.58 22.36 123.41 19.32 22.49 84.32 15.86 25.60 51.04 28.87 30.37 25.10 13.31 44.79 54.09 24.36 28.27 12.12 27.26
93.85 64.31 90.11 58.68 63.17 17.03 18.05 66.55 51.29 12.57 75.66 6.50 31.32 24.90 190.96 55.90 52.51 7.24 21.70 43.68 69.43 392.51 242.24 88.23 54.62 89.61 12.93 49.11 214.34 5.43 27.11 20.18 15.17 21.77 119.29 18.88 22.27 79.50 15.75 23.65 50.35 29.09 30.39 24.75 12.95 44.95 53.97 24.65 28.15 12.31 27.34
93.01 63.67 92.00 56.58 60.52 16.04 17.89 65.48 51.23 12.34 75.57 6.61 31.23 24.95 191.37 54.86 52.41 7.20 21.33 43.03 69.61 379.63 245.70 89.32 54.18 88.08 12.48 48.98 218.14 5.30 27.89 20.04 14.99 21.15 120.14 19.12 22.15 78.65 15.99 23.51 48.92 29.13 30.26 24.46 12.94 44.96 54.04 24.95 27.32 12.25 27.34
93.39 64.19 94.46 58.15 60.52 15.28 18.42 67.10 52.92 12.17 72.85 6.48 31.27 25.86 196.34 56.76 52.63 7.40 21.84 42.38 70.30 369.97 248.12 91.33 55.71 88.27 12.44 50.00 218.67 5.41 26.64 20.14 14.94 21.22 121.97 19.55 22.61 76.47 15.66 23.39 51.34 29.05 30.96 24.78 12.98 44.95 54.90 24.35 27.96 12.17 26.63
93.81 63.26 97.43 57.93 60.97 15.33 18.73 69.55 53.34 12.16 74.38 6.36 31.36 26.16 195.87 56.93 52.68 7.49 22.15 44.30 70.49 353.63 245.36 91.35 53.77 89.24 12.58 51.12 220.40 5.42 27.05 20.44 15.26 21.87 123.76 20.03 23.16 77.61 16.31 24.37 52.33 28.96 31.03 24.94 12.99 45.87 56.31 24.55 28.93 12.04 26.34
94.37 63.67 94.87 58.21 60.85 15.11 19.62 69.62 54.80 12.52 76.63 6.35 31.95 26.10 195.19 59.25 51.71 7.26 21.35 42.93 71.76 341.50 251.45 90.61 54.60 91.10 12.62 51.00 222.13 5.47 25.90 20.85 15.52 21.72 124.41 20.38 23.43 80.11 16.35 24.68 56.36 28.99 31.41 25.48 13.40 47.16 56.00 24.66 28.46 11.96 25.72
93.62 63.50 92.88 59.60 59.85 14.90 20.25 68.64 53.47 12.36 77.12 6.36 32.78 26.12 191.00 58.20 50.93 7.42 21.60 43.24 70.45 336.46 247.05 89.66 54.38 91.73 12.79 50.95 215.10 5.42 25.35 20.59 15.19 21.53 121.91 20.46 22.96 77.84 16.17 24.53 58.10 28.37 31.52 25.32 13.11 46.45 55.66 23.57 27.39 12.29 25.06
94.24 64.08 91.92 60.46 60.11 15.39 19.97 69.66 54.66 12.30 78.48 6.38 32.81 25.64 195.61 58.36 50.49 7.55 21.48 45.20 71.43 325.62 254.56 93.19 54.70 90.88 12.95 51.55 214.30 5.47 24.79 21.21 14.93 21.84 125.36 20.20 23.28 77.64 16.76 25.83 60.18 28.63 31.51 25.51 13.27 47.49 55.55 23.59 27.63 12.68 25.67
91.48 64.75 88.40 59.39 58.64 14.87 19.09 68.94 53.60 11.58 75.06 6.24 32.03 25.03 187.58 54.83 49.58 7.51 21.61 43.78 68.84 316.20 254.78 91.50 51.64 88.05 12.32 48.74 214.41 5.44 22.92 20.44 14.50 20.93 123.71 19.16 23.13 73.86 16.74 26.51 55.95 28.34 30.87 24.97 12.95 45.09 53.95 23.11 27.28 12.32 25.10
93.43 65.76 89.07 60.02 59.08 15.48 19.89 71.05 54.32 11.63 74.66 6.41 32.97 25.82 196.00 55.29 49.57 7.57 22.15 43.29 70.21 335.39 257.17 91.93 53.17 90.04 12.42 49.74 223.46 5.50 22.56 20.65 15.02 21.56 125.17 19.44 23.10 78.87 17.21 26.89 55.22 29.02 31.33 25.33 13.21 46.52 54.59 23.55 27.34 12.37 25.07
94.00 67.70 89.10 60.40 59.17 15.97 19.46 71.88 56.06 11.67 75.66 6.55 32.79 26.49 198.74 54.04 50.11 7.50 22.59 43.35 72.51 334.54 259.02 90.31 53.43 87.00 12.42 51.30 232.60 5.55 22.67 20.55 14.79 22.08 127.70 19.02 23.06 79.09 17.60 26.66 56.55 29.09 31.41 25.45 13.49 47.36 55.05 23.86 27.01 12.58 24.91
93.63 67.91 88.75 60.39 59.69 15.96 19.47 72.37 54.85 12.03 75.11 6.29 32.00 26.10 197.45 54.98 46.67 7.38 21.61 43.88 72.03 333.76 264.16 89.52 50.33 89.82 12.25 50.34 238.78 5.58 21.96 20.32 14.92 22.41 131.37 18.40 22.96 77.96 18.18 26.50 58.18 29.41 31.15 25.24 13.38 46.83 55.37 23.10 26.65 12.76 25.03
93.76 67.39 88.76 61.56 61.80 16.09 19.92 74.27 54.31 11.78 76.79 6.43 32.10 26.30 202.24 56.75 45.53 7.31 19.85 44.43 71.12 313.35 262.12 89.12 50.63 89.30 12.27 50.15 245.41 5.58 22.73 20.46 15.15 22.52 134.45 18.36 22.78 81.51 18.60 25.95 61.23 29.22 31.28 25.30 13.22 46.07 56.48 23.15 27.03 12.72 24.72
93.90 67.20 87.69 59.89 61.61 16.38 19.97 74.11 53.87 11.59 74.82 6.25 31.82 26.99 201.96 59.32 45.45 7.23 19.92 45.21 70.82 316.22 264.80 89.81 50.81 91.82 11.84 50.41 242.18 5.51 23.55 20.31 15.09 23.14 134.22 17.92 22.68 80.62 19.35 26.95 60.34 29.45 31.24 25.04 13.31 46.43 56.93 23.13 27.18 12.49 24.51
94.53 66.88 89.41 60.03 62.70 16.70 20.22 74.04 53.65 11.52 72.79 6.33 32.14 26.88 203.02 59.50 46.61 7.08 19.96 44.38 70.37 331.32 263.72 89.28 50.10 94.37 11.76 48.99 238.06 5.67 24.60 20.18 15.05 23.13 132.16 17.99 22.37 83.24 19.87 25.08 60.68 30.04 31.02 25.81 13.50 48.15 56.64 23.50 27.76 12.52 24.36
96.36 67.59 89.83 60.11 62.95 17.23 20.47 75.74 53.25 11.93 74.96 6.48 32.48 28.25 208.70 57.83 47.35 7.09 20.36 43.96 71.93 353.62 262.94 86.96 51.96 98.24 12.13 50.79 238.75 5.69 24.60 20.23 15.20 23.75 138.43 18.50 22.46 87.94 19.48 24.30 63.66 30.17 31.40 25.89 13.70 47.15 56.87 24.36 27.54 12.44 24.68
96.95 68.82 91.44 60.60 64.55 17.77 20.46 75.54 53.92 11.70 75.84 6.62 33.83 29.00 210.37 58.51 50.82 7.14 19.74 44.08 74.16 343.49 268.40 87.62 50.15 97.32 12.69 51.14 243.28 5.81 24.43 20.32 15.88 24.19 140.28 18.84 23.03 84.56 20.10 24.28 61.59 30.33 31.20 26.10 13.75 46.43 57.47 25.17 27.56 12.92 25.10
97.95 70.67 93.76 62.36 65.31 18.17 20.92 77.57 54.56 11.91 76.83 6.74 34.18 30.18 218.49 60.90 51.30 7.13 19.70 42.94 77.71 329.79 272.82 88.48 51.24 100.56 12.42 50.84 250.72 5.95 25.62 21.16 16.74 24.40 139.35 18.93 23.26 82.76 20.35 24.43 59.12 31.09 31.87 26.27 14.16 48.04 57.97 24.44 27.25 13.41 25.37
99.36 70.42 94.42 63.33 66.15 18.37 21.26 78.41 54.76 11.88 75.77 6.92 36.37 30.94 220.63 60.85 50.85 7.50 20.02 43.78 77.19 338.72 273.53 87.66 55.04 101.26 12.89 50.66 256.02 6.15 25.60 21.51 17.34 24.75 136.02 19.97 23.44 85.35 19.60 24.61 60.35 31.33 32.31 26.26 14.44 48.31 58.96 24.72 28.03 13.78 25.53
100.02 70.33 94.99 62.59 66.44 19.11 20.71 77.40 55.10 11.80 79.13 6.78 36.30 30.10 218.48 61.60 50.05 7.25 20.72 43.93 76.75 365.93 264.09 86.94 54.70 105.63 12.58 49.83 254.28 6.00 25.12 21.11 17.42 25.38 134.80 19.81 23.59 88.05 19.15 24.24 62.16 31.21 32.09 26.13 14.60 49.15 58.85 25.62 28.08 13.76 25.20
101.22 71.84 91.72 63.67 67.72 19.85 21.69 78.82 54.74 11.99 80.13 6.91 36.10 30.11 217.99 62.52 52.09 7.39 20.04 44.35 79.49 382.49 263.97 86.51 55.17 104.03 12.59 49.22 254.96 5.95 24.90 20.90 17.57 25.16 135.04 19.73 23.58 93.27 19.71 25.22 62.60 31.12 32.18 25.73 14.50 50.26 60.11 26.14 26.73 13.98 25.85
104.03 75.07 91.97 65.06 68.11 21.28 22.67 80.63 55.66 12.38 83.14 7.32 37.55 31.71 220.27 62.23 51.69 7.62 21.05 46.50 79.63 417.43 270.17 88.81 56.31 104.60 13.25 50.39 253.12 6.10 25.34 21.02 17.65 25.60 137.30 20.00 23.91 95.82 20.06 25.53 60.12 31.94 32.75 26.20 14.89 51.24 61.53 26.44 27.38 14.81 27.43
104.44 75.64 91.42 65.98 68.80 21.73 22.22 80.54 54.38 12.36 81.31 7.48 37.51 32.56 224.58 62.72 51.56 7.63 22.05 46.43 80.31 410.33 264.08 91.63 57.08 111.61 13.13 50.71 256.96 6.20 26.97 21.47 17.08 26.36 138.88 21.27 23.83 97.59 19.93 25.51 60.40 32.35 32.60 26.32 14.79 50.28 61.60 26.88 27.57 14.62 27.85
103.59 74.14 92.11 65.00 68.05 22.29 22.51 78.40 54.90 12.21 77.72 7.31 36.94 32.58 221.28 59.48 51.16 7.66 21.93 47.19 81.06 411.62 267.30 88.11 56.61 113.26 12.63 50.81 253.76 6.21 26.71 21.17 16.93 25.96 135.63 21.96 23.55 94.23 20.01 25.69 59.83 32.13 32.22 26.85 14.49 49.67 60.20 26.39 28.01 14.46 27.99
104.17 75.03 92.12 66.34 68.80 21.18 22.33 79.84 54.85 12.40 77.28 7.17 36.78 33.58 221.81 61.29 51.21 7.75 22.55 47.93 81.04 418.25 259.79 89.30 56.42 116.27 12.94 49.90 255.33 6.20 27.93 21.64 16.71 25.46 132.27 21.45 24.20 93.53 19.87 25.52 59.43 32.40 32.58 27.20 14.86 50.31 61.07 26.49 29.43 14.61 28.72
103.90 74.74 92.52 65.93 68.36 21.35 22.10 78.74 52.97 12.02 78.27 6.95 36.92 32.71 221.44 62.80 52.28 7.57 22.40 48.64 81.77 405.81 267.53 87.60 57.10 115.10 13.07 50.45 253.03 6.13 27.71 21.73 16.45 25.57 129.55 21.75 24.01 92.35 20.66 26.27 58.97 32.59 32.96 27.48 14.81 50.52 61.22 25.61 29.63 14.81 29.02
103.45 74.97 89.50 66.12 69.82 21.81 22.69 79.26 53.41 12.44 78.85 6.95 37.28 32.11 219.05 62.75 53.82 7.54 22.21 49.25 82.67 381.16 266.94 87.43 59.18 112.59 12.97 51.19 250.86 6.11 26.27 21.45 16.66 26.34 124.98 22.23 24.29 91.53 20.31 25.62 60.20 32.33 33.34 27.44 14.64 50.22 60.03 26.21 30.20 14.90 28.72
104.04 76.82 90.11 65.37 69.82 21.93 22.67 81.38 52.19 12.42 78.76 6.92 37.53 32.43 219.70 64.52 53.56 7.46 22.05 49.83 86.49 375.95 270.36 89.36 59.56 107.14 13.00 51.24 255.67 6.21 26.98 22.37 16.72 26.77 124.47 22.02 24.59 92.81 20.90 26.62 62.13 32.65 33.58 27.59 14.56 51.22 60.23 26.65 30.06 14.84 28.38
104.80 78.67 90.74 65.97 69.69 22.32 22.38 81.22 52.60 12.77 78.67 6.86 37.80 32.57 220.39 63.35 54.75 7.49 22.61 50.50 85.98 399.18 268.87 91.57 60.07 106.80 12.70 50.99 256.43 6.37 26.83 22.75 16.13 26.80 126.38 22.01 24.63 93.26 21.05 26.00 59.82 32.39 34.31 27.77 14.69 50.83 59.89 27.12 29.98 15.15 28.08
103.87 77.06 89.68 63.93 70.26 21.72 22.04 81.38 52.29 12.49 77.14 6.87 38.48 31.26 217.85 62.57 53.78 7.49 22.46 49.81 86.73 387.36 270.54 92.97 58.72 107.32 12.80 49.37 254.28 6.39 26.39 22.98 16.55 25.96 126.23 21.49 24.62 93.95 21.12 26.65 60.28 32.61 33.75 27.79 14.34 50.09 58.57 27.41 30.58 15.16 27.95
102.42 77.68 88.12 63.09 69.99 21.13 22.30 79.88 52.28 12.45 77.72 6.80 36.76 30.97 214.36 59.96 53.23 7.51 21.03 48.46 85.09 374.34 259.94 91.27 58.04 105.23 12.86 48.56 251.39 6.25 25.87 22.81 16.54 26.14 122.60 21.44 24.01 92.43 21.26 27.06 61.23 32.29 34.00 27.07 14.33 50.26 57.47 27.33 30.33 14.85 26.91
102.14 77.49 90.68 64.11 69.46 20.85 22.42 80.65 51.78 12.27 78.31 6.67 36.13 31.35 215.88 59.75 54.20 7.65 21.11 45.40 84.02 359.65 263.17 89.35 57.05 105.89 13.12 48.28 250.83 6.14 25.34 22.94 16.49 26.43 123.29 20.80 24.29 93.17 21.24 27.01 62.40 32.56 33.74 26.63 14.39 49.71 57.75 27.57 30.73 14.77 27.31
103.50 78.82 92.58 63.19 71.75 20.67 23.22 81.71 51.19 12.27 79.83 6.72 38.33 31.59 212.09 60.19 52.68 7.76 22.41 47.70 83.47 369.11 261.82 92.07 58.34 111.02 13.50 48.18 246.65 6.28 25.40 22.70 16.65 26.43 123.07 21.41 24.71 96.99 21.22 25.56 63.24 32.59 34.48 26.36 14.24 50.27 58.59 29.68 30.72 15.51 28.16
104.96 78.21 93.99 61.73 71.82 21.16 23.54 82.96 53.46 12.30 80.64 6.79 38.59 31.61 213.61 61.43 53.87 8.21 22.66 47.98 83.47 373.84 263.03 94.18 56.19 115.10 13.75 49.35 251.12 6.51 26.82 22.99 17.51 26.84 123.75 22.33 24.90 100.68 21.25 27.01 65.30 33.48 34.96 26.02 14.50 51.63 59.57 29.54 31.62 15.67 27.84
106.90 76.81 95.24 62.72 71.64 21.86 23.87 85.33 52.55 12.48 83.40 6.83 40.16 32.53 214.55 62.68 53.55 8.74 24.21 50.22 83.08 402.81 266.67 94.72 55.61 110.97 13.81 49.27 252.79 6.54 28.12 23.52 18.20 27.19 124.55 22.83 25.16 102.18 22.04 28.40 62.33 33.86 35.38 26.44 14.51 52.02 60.74 30.02 32.19 15.67 28.07
106.49 77.39 95.15 62.18 72.02 22.18 23.87 85.33 50.71 12.13 81.28 6.85 39.59 32.28 209.32 62.47 52.59 8.72 23.41 49.49 84.24 402.78 265.43 92.84 55.22 108.19 13.88 50.29 249.18 6.50 27.88 23.42 18.15 26.77 126.28 22.78 25.21 101.16 22.13 27.98 63.55 33.87 35.24 26.62 14.63 52.02 61.36 30.19 32.19 15.71 28.35
107.11 79.26 97.53 62.92 71.33 22.10 23.60 85.56 51.57 11.89 82.28 6.73 39.77 32.58 212.79 63.58 52.68 8.69 24.06 50.87 85.90 402.49 271.84 94.46 54.54 110.33 14.17 49.30 246.38 6.43 28.39 23.27 18.17 27.15 123.89 23.95 25.02 101.84 21.89 28.83 63.94 33.72 35.29 26.76 14.64 54.13 61.92 29.88 32.96 16.27 27.53
105.20 78.06 94.16 63.25 70.45 21.09 24.67 86.59 50.35 11.52 82.50 6.51 38.64 31.57 206.33 62.75 51.14 8.39 23.88 49.71 82.04 392.37 265.23 92.79 53.30 102.64 13.80 49.09 242.76 6.43 26.78 22.98 18.02 27.69 119.60 23.78 24.63 99.75 21.36 28.87 63.20 33.17 35.24 26.30 14.30 52.29 60.30 29.36 32.34 16.24 27.50
105.69 78.68 97.45 63.20 72.43 20.21 24.73 84.09 51.32 11.75 82.57 6.49 39.13 31.14 207.60 61.85 50.81 8.46 24.63 51.60 81.32 396.34 264.98 92.22 53.55 98.76 14.21 49.74 248.31 6.41 25.95 22.85 18.37 27.61 121.46 23.54 24.95 98.42 22.53 29.21 64.48 33.15 35.76 26.73 14.33 50.96 60.33 29.72 33.26 16.89 27.84
105.51 80.47 99.78 62.48 73.39 20.06 25.03 86.83 49.96 11.71 79.04 6.42 39.73 30.64 203.98 62.18 52.53 8.81 23.01 53.53 84.58 391.06 258.93 91.55 52.53 95.42 14.21 49.91 254.53 6.60 25.52 23.24 18.74 27.77 119.51 22.22 25.68 96.68 22.39 29.31 63.99 33.50 35.83 26.56 14.35 51.88 60.61 29.01 34.59 17.16 27.77
105.45 79.78 101.41 62.42 70.59 19.54 25.64 86.58 49.45 11.70 79.00 6.48 40.29 30.46 198.07 62.57 52.29 8.74 22.89 52.90 86.79 399.97 253.95 88.50 51.78 97.80 14.25 50.39 261.93 6.55 24.31 22.89 18.10 27.94 121.05 21.15 26.04 99.91 22.68 30.04 65.41 33.41 35.80 26.27 14.49 50.46 59.78 29.16 34.21 16.61 27.00
106.14 80.51 102.18 62.40 71.35 19.03 24.34 84.97 48.23 11.58 79.55 6.46 40.72 29.98 200.05 63.35 52.68 8.91 22.72 54.54 84.41 407.09 261.36 87.19 52.61 103.92 14.44 49.88 273.95 6.73 24.15 22.70 18.22 27.90 120.81 21.84 26.23 102.80 22.89 29.28 68.12 33.86 35.54 26.62 14.61 50.43 58.98 29.49 34.04 16.90 27.38
105.37 79.70 99.93 62.06 70.88 18.97 25.72 85.40 48.42 11.48 77.93 6.32 40.48 30.19 199.01 62.89 52.14 9.05 22.07 53.13 83.48 394.68 267.63 87.97 51.80 98.84 14.23 51.05 273.17 6.55 23.03 22.91 17.69 27.91 122.00 20.92 25.97 98.27 22.89 29.84 69.58 33.17 35.95 26.50 14.44 49.80 57.97 29.09 33.86 16.78 28.07
105.99 78.02 100.55 63.01 70.57 19.22 24.99 88.94 48.26 11.52 79.56 6.35 41.47 30.33 197.85 60.32 52.46 8.97 22.58 52.80 85.34 404.73 271.68 85.96 51.14 96.24 14.13 51.66 272.57 6.60 22.81 23.70 17.67 27.87 121.19 21.05 25.88 100.41 22.99 31.56 71.03 33.63 36.76 26.51 14.03 49.19 58.20 28.98 34.06 17.18 28.63
106.07 77.69 98.13 64.13 72.39 19.34 25.48 91.87 50.50 11.91 76.76 6.29 40.77 30.88 199.15 62.47 53.03 8.69 22.76 53.25 85.39 401.97 270.21 86.21 49.99 90.74 14.02 52.78 279.00 6.67 22.59 23.98 17.43 28.01 123.90 20.87 25.65 101.64 23.39 31.49 68.07 33.44 37.23 26.86 14.43 48.43 58.34 28.58 33.06 16.72 29.73
106.73 79.48 100.25 64.78 72.84 19.85 26.40 92.50 51.62 12.09 77.96 6.43 39.74 30.62 203.65 61.84 53.83 9.01 22.55 54.54 86.27 395.14 278.70 86.47 48.86 92.57 13.84 53.54 280.19 6.64 23.71 24.52 17.61 28.11 124.06 20.53 25.77 100.06 23.30 30.35 68.58 33.86 37.96 27.36 14.55 49.67 58.66 27.87 32.99 17.45 29.32
107.25 80.44 100.56 63.73 73.00 19.50 26.20 93.45 51.83 12.24 77.84 6.48 40.81 30.26 201.54 64.15 54.84 8.90 22.17 55.83 88.58 413.41 281.89 86.99 48.15 90.27 13.80 54.19 279.14 6.98 23.42 24.85 17.07 27.60 125.30 20.11 25.79 99.44 23.75 31.31 65.70 34.26 38.65 27.71 14.40 48.08 58.73 27.28 32.80 17.14 30.51
106.31 79.53 103.79 64.63 73.01 19.61 26.01 94.58 51.70 11.95 78.60 6.43 40.63 28.43 200.23 63.85 54.53 9.23 21.08 57.08 88.27 390.25 278.38 87.50 47.66 92.49 13.95 53.55 274.02 7.05 23.83 24.68 17.61 27.76 126.32 20.43 26.39 95.76 23.87 30.67 63.84 34.50 37.98 27.55 14.16 47.44 58.36 27.52 33.04 16.91 30.53
106.88 81.37 106.04 64.60 73.45 19.89 26.63 95.69 52.10 12.57 81.48 6.56 41.77 27.79 203.63 65.00 54.54 9.30 21.26 57.09 86.32 368.45 284.57 87.40 46.60 94.23 14.04 53.36 277.66 7.14 24.06 24.98 18.10 27.80 128.51 20.14 27.00 98.42 24.17 30.84 64.43 34.96 38.60 27.50 14.08 47.87 58.76 27.91 33.83 17.01 31.50
104.43 79.94 106.76 62.29 71.54 18.99 26.39 92.51 50.48 12.66 79.10 6.50 41.98 26.97 198.07 64.36 53.04 9.28 21.05 55.62 84.89 345.85 285.54 85.95 44.57 88.85 14.37 52.47 263.49 6.88 23.74 24.88 17.87 27.08 128.94 19.12 26.63 95.56 22.73 30.45 63.11 34.59 38.16 27.07 13.81 47.50 58.27 27.76 33.20 16.05 31.05
103.80 77.64 109.75 61.55 70.65 19.98 25.49 90.68 51.92 12.27 80.19 6.36 41.57 27.16 199.57 63.80 53.73 9.37 21.14 54.37 84.74 334.60 288.70 83.62 42.66 89.62 14.68 52.31 266.39 7.00 23.75 24.56 17.86 26.90 128.91 19.03 26.76 94.01 23.15 30.35 61.38 34.09 37.77 27.35 13.68 47.88 57.37 27.10 32.98 16.21 31.30
104.73 77.90 108.36 61.93 70.45 19.75 26.55 90.28 51.60 12.36 81.18 6.41 41.57 27.12 203.37 62.65 55.21 9.34 21.72 55.62 82.02 339.17 290.15 84.38 44.54 93.07 14.50 52.39 273.09 6.84 23.80 24.60 18.18 27.05 129.28 19.36 27.05 95.41 23.84 31.10 61.94 34.47 37.91 27.59 13.65 48.18 57.96 26.55 32.90 17.04 31.25
105.30 78.66 112.06 62.34 71.01 19.59 26.70 89.94 51.99 12.73 83.90 6.51 39.99 27.47 205.96 63.87 55.09 9.13 22.50 55.62 85.37 339.63 282.92 85.60 44.59 95.52 14.57 52.04 272.69 6.86 23.59 24.32 18.18 27.68 133.43 18.59 27.37 99.70 23.82 29.60 63.57 34.38 38.84 27.35 13.69 47.50 59.99 26.19 32.88 16.62 31.27
104.38 77.85 111.90 62.33 70.17 18.87 27.90 91.26 52.41 12.25 87.46 6.52 38.27 27.05 205.61 63.55 56.58 8.92 21.90 52.94 83.95 334.44 277.42 83.17 43.23 96.14 14.45 53.41 277.83 6.73 23.07 23.97 17.10 27.69 136.27 18.45 26.40 91.94 22.76 28.34 64.32 34.04 39.44 26.73 13.66 45.85 58.95 26.21 31.86 16.45 31.90
104.83 79.33 111.87 62.87 72.25 19.37 26.37 92.63 53.05 12.47 87.24 6.54 38.51 26.98 209.28 64.50 57.19 8.95 20.91 54.89 85.08 323.18 282.84 82.93 43.57 91.41 14.54 52.17 281.35 6.78 23.71 24.69 17.77 28.94 141.02 17.83 26.48 91.99 22.86 28.61 67.36 34.29 39.93 27.27 13.68 46.26 59.36 25.89 31.79 16.68 31.57
104.76 77.88 109.89 63.03 72.97 19.39 27.49 91.88 52.47 12.14 90.25 6.59 38.66 27.41 209.04 65.97 58.43 8.74 20.93 54.30 83.74 311.99 282.44 81.42 42.93 94.63 14.56 51.82 276.83 6.77 22.69 24.20 18.14 28.87 138.21 17.48 26.40 89.29 23.93 29.01 67.21 34.07 40.52 27.13 13.66 46.25 59.49 26.35 32.70 16.76 31.59
103.28 76.95 112.53 60.95 72.61 18.44 28.07 90.21 52.10 11.98 89.57 6.45 38.60 27.29 209.65 66.23 56.50 8.47 19.79 52.77 83.48 310.37 276.41 81.34 42.59 88.87 14.26 49.93 283.27 6.77 22.71 22.87 17.79 28.86 137.43 16.49 25.95 90.83 22.81 28.69 65.06 33.56 39.59 26.01 13.16 46.38 58.64 25.65 31.90 17.33 31.72
102.90 76.43 111.14 61.07 72.34 18.23 27.15 91.10 53.20 12.05 89.01 6.26 38.40 27.51 208.65 64.40 58.55 8.12 18.98 53.75 83.65 317.74 269.99 78.97 42.90 88.26 13.98 51.19 278.26 6.50 23.09 23.45 17.88 28.22 137.06 15.82 25.36 92.42 22.97 27.88 65.19 33.18 39.31 26.03 12.86 46.83 58.76 25.19 31.30 17.27 31.40
102.58 77.41 111.17 62.63 72.83 19.00 27.26 90.58 54.04 12.08 84.94 6.25 38.44 27.64 210.37 64.68 56.91 8.29 18.14 54.21 86.21 323.98 267.48 78.25 41.84 86.78 13.69 51.47 279.84 6.47 23.65 22.96 17.27 27.99 138.83 15.79 25.88 88.28 21.59 27.07 62.22 32.98 39.43 25.82 13.10 47.81 60.04 25.46 31.51 16.98 32.00
101.84 77.20 112.23 62.61 70.41 19.16 26.00 89.43 55.08 11.92 82.90 6.29 36.82 27.78 210.24 64.52 55.58 8.12 16.75 54.42 87.63 324.14 266.06 77.90 40.49 88.63 13.45 52.21 282.39 6.39 23.79 22.69 17.30 27.57 137.44 15.99 25.52 86.25 22.08 26.20 63.08 33.30 38.96 25.40 13.09 47.13 60.03 25.64 32.17 17.24 32.27
102.71 78.49 112.26 61.64 71.18 18.72 26.35 89.74 55.05 11.74 83.21 6.34 37.93 27.79 209.81 65.50 54.87 8.15 16.26 55.19 86.11 341.22 260.81 78.77 40.26 87.80 13.25 52.10 275.65 6.37 24.51 22.58 17.17 28.35 141.16 16.19 25.48 90.19 21.81 29.44 61.51 33.44 39.06 25.31 13.08 47.42 61.27 25.88 32.09 17.61 34.15
103.75 81.06 114.21 62.48 70.99 19.23 26.97 90.08 55.53 11.74 84.17 6.68 37.53 28.87 211.52 66.74 54.27 8.34 15.98 55.89 86.43 342.75 264.76 78.37 41.33 87.68 13.32 53.38 282.11 6.28 25.55 22.77 17.34 28.97 140.41 15.72 25.55 93.94 22.18 28.81 62.14 33.98 39.26 25.67 13.01 48.66 62.60 25.41 31.25 17.42 34.97
102.32 79.83 112.14 62.02 73.20 18.20 26.59 90.23 55.31 11.92 84.64 6.66 37.95 27.84 208.62 64.41 53.44 8.20 15.70 57.33 85.04 330.54 263.95 76.99 40.36 80.52 12.70 52.08 282.00 6.30 24.67 22.49 17.24 28.62 140.97 15.71 25.35 88.77 22.02 28.78 59.65 33.67 38.96 25.33 13.20 48.67 61.73 24.65 31.34 17.67 36.45
102.86 79.54 112.14 63.18 71.73 18.36 26.81 88.90 56.38 12.13 86.27 6.54 38.21 27.89 213.43 63.19 51.42 8.14 15.36 56.88 89.40 340.89 272.99 77.82 41.35 79.57 12.93 50.72 271.95 6.47 24.99 22.60 16.96 28.90 141.32 15.96 24.88 86.73 22.27 28.41 62.94 33.80 39.17 25.48 13.11 47.79 61.24 23.55 31.63 18.32 37.64
102.22 80.81 112.98 63.86 70.25 18.10 26.01 88.51 56.34 12.30 83.86 6.51 37.44 27.16 215.88 61.35 51.74 8.06 14.74 57.96 85.34 342.45 267.54 77.50 39.14 80.73 13.17 51.94 267.10 6.58 24.57 22.47 16.45 28.19 142.09 15.25 24.58 84.02 23.36 28.89 63.44 33.71 39.44 25.48 13.19 47.37 60.30 23.71 32.63 18.40 37.62
101.84 78.44 111.89 63.95 71.18 17.44 25.67 89.38 57.39 11.97 81.56 6.62 38.32 26.81 215.90 61.90 51.50 8.25 15.11 59.55 86.24 326.64 268.35 77.16 39.67 81.50 12.95 51.94 262.02 6.61 24.50 22.45 15.83 28.26 140.40 15.61 24.44 81.90 24.12 30.14 61.29 33.91 39.76 25.99 13.35 47.30 60.22 24.57 32.47 18.76 37.42
101.90 76.81 112.59 63.55 69.69 17.35 25.87 87.35 57.54 11.80 81.51 6.53 38.38 26.23 215.00 63.94 51.07 8.41 14.90 58.96 85.38 333.74 267.52 77.85 39.19 84.67 12.62 52.56 258.65 6.61 23.95 23.05 15.61 28.66 142.54 16.21 24.32 78.07 23.49 30.39 63.74 33.82 39.63 25.60 13.22 47.90 59.29 24.01 32.65 19.12 38.29
101.90 75.97 112.10 63.98 70.53 17.00 25.48 86.51 59.83 11.86 81.42 6.54 38.28 26.09 207.42 62.60 52.70 8.27 15.45 58.14 85.15 334.40 269.03 79.21 38.94 85.44 12.75 51.84 256.34 6.90 25.74 23.26 15.21 28.40 142.93 15.91 25.04 78.41 24.22 29.30 63.57 34.15 39.16 25.59 13.56 46.92 59.21 24.68 33.78 19.10 36.72
103.84 77.59 111.41 64.50 73.13 17.37 26.01 86.54 60.68 11.69 82.53 6.60 38.25 26.65 211.07 63.31 52.05 8.34 15.79 57.60 86.53 364.96 270.82 78.18 41.30 86.58 13.17 51.67 258.49 7.11 25.97 23.94 15.34 28.16 144.17 15.78 24.86 80.68 24.95 30.83 63.58 34.49 39.22 26.10 13.46 46.53 61.18 25.34 34.52 19.01 37.37
104.42 78.19 112.26 64.63 73.21 16.68 25.05 85.37 61.26 11.54 86.84 6.68 39.28 26.81 214.22 63.20 51.46 8.50 15.80 56.93 85.23 364.62 281.45 78.38 39.10 88.72 13.43 51.63 266.63 7.10 26.11 24.12 15.32 28.74 140.86 15.17 25.13 78.72 25.71 32.87 62.79 34.52 38.77 26.86 13.30 47.45 60.34 26.90 34.64 19.76 38.76
102.17 75.04 109.52 63.63 72.15 17.03 24.58 82.86 58.73 11.36 89.50 6.55 38.73 26.53 205.47 61.69 50.92 8.34 16.89 57.91 81.79 339.63 270.23 77.52 39.29 83.51 12.97 51.38 263.20 7.05 24.84 24.17 14.93 28.51 140.95 14.47 24.74 77.25 24.51 33.67 60.35 34.20 38.25 26.86 13.12 45.82 60.43 25.69 32.67 19.34 37.94
101.57 73.39 108.49 64.10 72.02 16.28 24.80 84.48 56.69 11.38 86.17 6.41 38.32 26.79 201.41 61.53 48.85 8.08 17.46 56.60 81.25 343.38 272.79 77.72 39.98 82.67 12.99 51.73 260.25 7.11 24.86 23.54 15.14 28.09 143.65 14.92 24.39 76.64 24.61 33.12 58.49 34.25 37.78 26.30 13.36 44.76 61.13 25.08 33.29 19.08 37.17
102.37 74.67 108.35 66.66 72.86 17.33 24.77 83.63 57.00 11.59 85.20 6.37 38.69 25.99 206.72 62.35 49.10 8.32 17.41 57.77 82.24 348.92 274.48 76.99 39.68 85.09 13.12 51.33 263.23 7.29 25.12 23.28 15.18 29.01 143.06 14.95 24.71 76.43 26.15 32.18 58.76 34.10 38.40 26.65 13.55 45.06 61.32 25.08 34.15 18.75 36.78
102.49 77.10 110.80 66.34 72.97 17.12 25.49 84.76 56.34 11.33 83.65 6.30 38.21 24.95 205.39 62.29 50.70 8.62 17.07 58.50 82.91 341.28 273.22 76.98 40.54 88.55 12.96 50.64 263.13 7.57 24.66 23.20 15.32 29.26 144.07 15.27 24.82 75.67 26.67 31.53 60.85 34.64 38.41 26.64 13.63 46.15 61.67 25.17 33.82 17.59 36.44
102.95 80.28 112.61 68.46 72.03 16.88 25.42 86.38 56.88 11.47 85.55 6.38 39.66 25.08 204.33 63.34 50.86 8.92 17.99 57.99 82.53 335.92 268.06 76.16 41.63 88.12 13.05 50.56 264.04 7.47 24.23 22.96 15.24 29.64 145.42 16.11 24.55 77.11 24.87 31.07 64.80 35.08 38.92 26.88 13.49 47.31 62.71 25.22 34.35 17.14 35.88
103.95 80.18 114.64 68.01 71.89 17.69 26.78 87.89 55.85 11.32 83.38 6.39 38.98 25.31 206.54 62.83 50.91 9.29 18.27 60.33 83.92 341.84 276.47 78.30 42.71 88.30 13.38 50.04 265.21 7.61 25.30 23.09 14.89 29.19 144.09 16.34 24.54 81.61 25.84 31.36 62.39 35.10 39.18 28.06 13.47 47.39 62.36 25.44 34.38 17.68 35.84
103.92 81.06 114.15 68.80 72.89 17.81 26.49 89.24 55.74 11.38 85.75 6.50 40.31 24.97 211.99 63.03 51.85 9.58 18.84 62.35 84.13 312.29 280.03 81.07 41.06 84.02 13.42 50.79 270.87 7.75 25.60 23.63 15.33 29.87 145.79 15.88 24.94 81.15 25.94 31.91 62.23 35.38 39.61 28.36 13.18 46.64 63.12 24.87 34.19 18.22 35.46
102.37 80.83 108.44 67.28 72.88 17.21 25.91 85.60 53.71 11.33 82.73 6.12 39.74 25.86 199.99 61.36 49.44 9.53 18.30 61.02 82.60 318.43 285.74 79.26 41.12 83.13 13.58 50.24 264.60 7.51 24.27 23.01 14.79 28.69 140.09 15.55 24.98 80.65 25.71 33.22 59.11 35.19 38.97 27.50 13.08 45.63 62.64 25.27 33.74 18.42 36.80
101.83 82.53 105.25 65.61 73.06 17.02 24.36 84.59 51.82 11.10 84.02 6.12 39.60 25.65 200.13 60.66 50.06 9.29 17.89 61.64 82.64 312.83 289.19 78.60 40.91 84.95 13.31 49.66 266.02 7.38 25.96 22.34 14.42 28.08 136.61 16.36 25.09 80.36 25.40 33.04 60.16 35.60 38.67 27.23 12.90 45.13 61.83 26.47 33.58 19.54 37.14
100.64 81.10 107.30 65.35 71.68 16.66 23.68 82.38 51.67 11.06 81.94 6.23 38.82 24.79 195.44 59.71 49.16 9.42 17.07 60.69 83.14 301.89 293.21 76.33 40.46 85.38 13.34 48.60 262.95 7.43 25.31 22.55 13.91 28.04 137.95 16.45 24.78 75.75 25.32 32.51 59.70 35.99 38.90 26.86 13.15 45.43 61.03 26.51 33.15 19.34 36.49
100.27 79.92 109.23 66.77 71.77 16.46 22.86 83.09 52.03 11.20 81.35 6.34 38.39 25.18 194.84 59.66 48.61 9.64 16.76 60.51 85.85 282.76 298.93 78.48 40.02 87.36 12.88 49.19 264.27 7.31 25.74 22.71 13.82 28.07 136.13 16.45 25.05 76.99 25.32 33.57 59.56 36.21 38.96 26.51 13.31 45.50 61.57 25.96 32.78 19.02 36.50
101.35 79.27 110.67 68.44 70.81 16.57 23.19 83.23 52.73 11.49 82.69 6.15 38.27 25.37 198.49 60.95 48.01 9.56 16.76 61.21 85.87 300.18 301.37 80.00 39.51 88.88 12.69 49.03 266.01 7.16 27.37 22.30 13.79 28.63 139.07 15.78 25.20 79.26 25.69 32.60 59.60 36.05 38.87 26.25 13.57 47.75 62.74 26.78 32.54 18.94 37.43
101.25 77.60 111.22 67.82 69.82 16.45 23.65 85.26 52.61 11.47 82.33 6.20 38.02 25.15 199.99 62.16 48.22 9.54 16.42 60.13 85.15 306.94 292.07 78.08 38.72 89.77 12.01 48.94 267.10 7.30 27.85 21.98 13.37 28.47 141.26 15.30 24.85 81.87 25.64 32.51 57.92 36.04 38.04 26.26 13.88 48.85 62.63 27.00 32.28 18.77 37.11
100.92 76.73 115.93 66.64 69.75 16.52 23.26 83.66 52.64 11.54 82.53 6.49 38.10 24.35 204.37 60.82 48.60 9.28 16.60 60.18 85.03 299.44 293.08 76.83 39.02 91.35 12.33 50.44 268.42 7.32 26.54 22.07 13.37 28.70 141.49 15.08 25.55 77.91 25.51 30.65 58.50 35.99 37.89 26.34 14.00 47.91 63.69 25.97 32.88 18.21 36.69
99.35 75.26 113.64 65.56 68.32 16.72 21.70 83.46 51.78 11.48 82.40 6.49 37.10 24.63 205.08 60.34 47.69 9.17 16.13 58.89 84.26 295.09 280.82 76.03 38.23 89.90 11.87 49.88 268.67 7.20 25.40 21.90 13.19 29.00 142.67 14.50 25.26 77.55 25.12 30.17 55.88 36.01 37.15 26.06 13.98 47.28 62.69 25.85 31.72 17.67 35.24
97.68 73.97 112.63 65.38 65.75 16.27 20.62 82.98 51.16 11.04 79.98 6.35 35.80 24.91 201.03 59.16 46.61 8.89 15.79 56.82 80.51 301.71 272.34 76.74 38.17 88.95 11.69 48.96 266.20 7.04 24.08 21.67 13.26 28.55 139.98 14.77 25.05 72.58 24.91 28.82 55.86 35.54 36.61 25.86 13.93 44.47 60.88 25.70 31.82 17.67 33.86
97.47 73.86 118.07 64.77 65.52 15.79 19.70 83.44 50.55 11.05 79.67 6.27 37.18 25.27 202.51 59.04 46.06 8.95 16.05 59.29 79.89 295.32 266.79 76.87 38.66 90.96 11.63 47.55 264.87 6.90 23.70 21.51 13.54 28.21 139.56 14.60 25.62 70.93 25.99 28.84 55.97 35.96 36.80 25.88 13.79 44.42 59.69 26.14 31.95 17.61 33.69
98.75 74.80 124.55 65.99 67.01 15.43 19.94 85.55 50.20 11.67 80.11 6.62 36.70 25.97 205.39 61.66 47.69 8.99 16.23 57.74 80.27 304.42 270.66 75.23 38.88 88.02 11.65 47.23 268.36 6.96 23.81 21.57 14.02 28.25 144.55 14.22 26.33 71.03 26.32 28.47 58.61 36.04 37.42 26.24 14.01 43.15 59.68 27.39 31.82 17.40 34.06
98.77 74.95 122.38 66.27 67.23 15.11 20.00 83.79 50.85 11.61 79.12 6.40 36.35 26.07 199.25 60.85 50.41 8.89 15.66 54.46 79.73 322.09 281.32 76.04 37.14 87.57 11.49 47.05 269.14 7.07 23.44 21.40 14.19 28.67 144.50 14.06 26.35 70.95 26.45 27.65 57.23 35.41 37.27 25.77 14.09 43.19 59.44 26.94 31.91 17.33 34.34
96.94 74.59 119.34 66.00 68.20 15.38 19.74 82.65 49.16 11.58 77.80 6.21 36.85 25.97 199.13 61.37 49.99 8.54 15.61 53.73 77.63 301.63 278.93 72.89 35.64 85.66 11.29 45.77 272.18 7.23 23.57 21.19 13.82 27.43 138.66 13.61 25.65 71.72 24.72 27.16 55.44 35.12 37.30 25.64 13.83 42.42 58.48 25.87 32.39 17.13 34.09
98.33 75.98 120.03 68.01 68.26 15.07 19.20 84.67 50.87 12.15 80.20 6.22 37.74 26.20 204.79 61.55 50.04 8.54 15.37 53.28 78.24 313.39 282.00 72.30 35.25 88.44 11.45 46.30 275.19 7.37 24.26 21.50 13.58 28.31 136.84 13.28 26.23 70.76 24.90 27.82 56.99 35.24 37.81 26.11 14.06 42.90 59.44 26.28 32.90 17.70 35.10
98.20 76.48 120.01 67.87 68.44 15.24 20.05 85.14 51.37 12.11 81.39 6.23 37.18 25.74 198.57 62.54 49.34 8.56 15.25 53.20 79.11 300.87 288.08 73.72 34.78 88.42 11.50 46.63 269.66 7.53 23.93 21.96 14.09 28.67 139.43 12.91 26.43 68.65 25.06 27.33 55.49 35.40 37.96 26.55 13.59 42.13 60.04 26.84 32.64 17.76 35.04
100.32 76.22 120.15 69.30 68.66 15.26 20.41 86.42 53.82 12.16 83.81 6.47 37.05 25.64 200.09 62.77 49.66 8.60 15.65 54.74 78.64 319.79 299.29 74.34 36.29 92.73 11.52 46.30 273.03 7.86 26.06 22.70 14.66 28.91 139.18 13.96 26.59 72.91 25.99 26.32 58.05 36.28 38.47 26.97 13.52 43.79 61.43 26.85 32.47 18.10 35.04
99.94 74.68 122.85 69.64 68.96 15.48 20.07 86.84 53.27 12.16 83.58 6.67 35.77 25.71 205.36 62.63 51.06 8.36 14.78 56.06 79.55 318.50 297.77 76.13 36.06 93.12 11.21 46.66 273.93 7.62 24.09 22.72 13.96 27.92 139.28 13.72 25.83 73.56 25.58 25.56 58.11 36.27 37.65 27.09 13.67 43.83 60.55 26.66 32.71 18.26 35.44
97.76 75.26 122.73 68.66 66.84 14.94 20.19 86.14 50.34 11.94 78.00 6.57 35.64 25.28 200.94 61.36 49.17 8.35 14.88 55.94 77.16 299.91 301.40 77.04 33.79 89.75 11.03 45.88 267.64 7.48 21.93 22.78 13.93 27.67 139.32 13.12 25.47 69.15 25.46 24.07 57.14 35.65 37.18 26.87 13.63 43.88 59.27 25.68 32.28 17.62 35.21
97.60 75.01 123.20 68.14 67.26 15.08 19.91 85.23 50.36 11.84 77.92 6.70 35.46 25.68 198.32 61.15 49.93 8.16 15.58 54.02 77.54 305.08 310.98 76.69 34.23 90.62 10.90 44.85 268.23 7.29 20.70 22.30 13.45 27.52 139.90 13.37 25.41 69.77 24.97 23.55 55.94 35.06 37.35 26.75 13.73 43.25 59.42 25.32 32.02 17.17 35.09
97.78 77.08 117.04 67.50 65.33 15.27 20.45 85.08 50.83 12.08 78.95 6.83 35.16 26.37 198.12 61.54 50.06 8.02 15.95 52.28 80.80 304.51 310.61 77.64 34.43 86.90 10.84 45.76 271.84 7.16 20.61 22.57 13.47 27.61 139.04 13.62 25.40 71.81 25.39 23.73 54.84 35.21 37.91 26.76 13.88 43.44 60.18 25.97 31.13 16.76 33.77
100.48 77.85 121.08 68.33 68.36 16.36 20.18 85.77 52.74 12.14 79.55 6.93 35.49 27.24 201.42 63.14 51.09 8.13 16.53 54.03 84.55 341.96 318.22 79.65 35.37 89.16 11.06 47.53 281.02 7.22 20.84 23.21 13.80 28.43 141.96 14.51 25.46 75.79 26.08 23.41 55.12 35.79 38.49 27.44 13.88 43.69 61.09 25.70 31.29 16.74 33.90
101.13 80.44 121.67 69.16 68.30 16.54 20.80 85.54 52.28 11.88 82.33 7.23 34.70 27.05 206.67 65.61 51.78 8.12 15.65 54.04 85.20 334.37 315.97 81.43 35.33 86.89 10.77 48.50 288.68 7.15 21.02 24.04 13.98 28.12 143.37 14.39 25.85 74.45 26.96 24.42 55.10 35.85 38.99 27.95 14.01 43.99 61.81 26.92 31.42 16.66 33.76
98.54 79.18 118.92 70.25 68.13 16.06 20.45 84.07 51.69 11.70 82.08 7.30 33.47 26.23 201.09 63.81 50.54 8.08 15.59 52.55 84.29 312.79 298.21 81.03 34.71 82.35 10.33 48.20 291.34 6.93 20.71 22.88 13.61 27.33 138.68 14.16 25.36 69.42 25.98 25.05 54.60 34.65 39.01 27.35 13.63 44.67 60.66 26.37 31.09 15.55 33.41
99.35 78.97 120.22 69.76 69.35 16.11 20.94 83.15 51.87 12.01 82.79 7.39 33.40 25.56 202.78 63.91 48.91 8.16 15.54 54.28 82.12 318.65 303.50 80.78 35.46 83.01 10.46 47.10 288.68 6.79 21.12 22.97 14.08 27.18 140.89 14.47 26.08 70.48 26.50 26.39 53.88 35.13 39.26 28.22 13.60 44.35 61.40 26.67 31.51 15.97 34.23
100.16 79.02 122.81 70.08 69.72 16.69 20.98 81.45 52.26 12.23 84.65 7.36 33.94 25.62 200.52 65.85 49.63 8.21 15.92 52.76 84.30 333.56 308.10 79.04 35.42 82.26 10.18 47.54 294.91 6.92 21.13 22.60 13.69 27.22 139.50 14.42 26.71 65.91 26.38 27.56 55.75 35.72 39.47 28.63 13.53 43.89 61.97 27.12 32.07 16.15 33.62
99.65 77.60 119.32 68.99 68.93 16.69 20.33 79.65 53.24 12.17 83.01 7.25 34.54 25.08 200.25 65.42 49.39 8.22 16.26 53.22 82.77 342.17 310.22 77.99 36.19 83.99 10.13 45.96 287.48 6.93 21.94 22.99 13.69 26.11 136.47 14.84 26.99 66.25 25.08 27.77 53.48 35.43 39.01 29.10 13.21 42.76 61.00 27.75 31.94 16.06 33.27
99.09 78.24 116.13 68.18 68.69 16.34 20.29 77.90 53.63 11.92 85.44 7.22 34.69 25.73 195.90 65.17 49.11 7.99 16.15 52.24 83.66 342.16 311.03 76.29 36.58 82.11 9.84 45.22 279.59 6.82 21.79 22.58 13.28 25.47 138.20 14.23 26.43 64.94 24.99 28.20 55.29 34.46 38.88 28.40 13.07 42.21 60.79 29.41 31.53 15.69 33.15
100.01 75.83 116.03 68.40 69.78 16.35 20.78 76.70 53.63 11.81 85.45 7.24 35.23 25.68 199.61 65.40 50.01 8.13 16.67 52.44 86.27 352.27 310.37 77.30 36.61 81.90 9.92 45.46 279.55 6.84 21.40 22.97 13.64 26.10 140.72 14.27 26.55 66.00 24.60 28.33 55.97 35.23 38.96 28.68 13.04 43.07 61.61 29.38 32.75 16.28 32.24
100.95 76.94 119.78 67.79 71.27 17.24 20.56 77.63 55.03 11.43 85.58 7.28 36.21 26.44 197.88 61.72 48.85 8.19 17.22 53.39 86.29 366.05 312.16 76.47 37.24 86.37 9.96 45.34 288.53 7.20 21.89 23.18 13.70 25.76 139.33 14.98 26.45 67.83 24.65 28.48 56.85 35.45 39.21 28.90 12.91 42.45 62.55 29.14 32.75 16.47 32.46
99.43 77.88 117.67 67.62 69.20 17.43 21.14 78.20 54.56 11.95 86.04 7.22 36.95 25.89 194.22 62.55 47.74 7.88 16.09 54.51 85.82 340.57 302.19 75.07 37.09 81.80 9.66 46.75 292.21 6.75 21.80 22.52 14.01 25.56 137.96 15.10 26.08 62.19 23.83 28.51 56.57 35.32 39.23 28.14 13.10 42.01 62.94 28.56 32.14 16.14 32.09
99.30 77.77 115.08 67.90 69.24 16.52 22.01 77.59 52.65 12.28 82.56 6.84 37.82 25.47 191.53 62.67 48.66 8.05 15.95 55.48 83.97 359.12 299.42 75.76 36.64 81.87 9.52 44.84 293.31 6.63 21.78 22.07 14.24 25.82 134.20 14.63 25.73 64.82 23.30 30.16 53.74 35.68 38.96 27.77 13.06 39.91 62.57 28.52 32.92 15.72 32.62
100.39 76.50 113.85 68.33 68.08 16.86 21.43 79.01 53.75 11.92 82.55 6.79 38.84 25.64 191.30 64.29 50.29 8.09 15.94 57.41 84.03 373.90 299.00 77.56 36.83 80.54 9.68 45.44 301.10 6.40 21.95 22.48 14.78 26.83 134.11 14.54 26.15 61.97 24.28 32.48 55.79 35.67 38.79 27.40 13.12 40.91 63.08 27.52 33.79 15.84 34.66
102.56 77.18 118.43 68.30 68.89 16.21 20.61 80.91 55.11 12.09 83.71 6.79 40.34 26.27 195.62 65.34 49.18 8.11 16.62 56.45 83.99 419.25 303.42 78.69 38.17 82.31 10.00 44.81 304.35 6.49 22.09 22.99 15.14 26.56 135.27 14.74 26.34 63.77 26.15 33.00 55.17 36.40 38.95 27.60 12.88 41.18 64.45 27.23 33.62 15.98 35.94
105.62 79.45 122.61 70.52 72.05 17.03 20.52 81.80 57.17 12.32 85.72 6.91 40.70 27.76 203.01 65.63 49.59 8.32 18.08 58.86 85.74 437.09 308.47 84.55 39.46 84.89 10.36 46.50 311.73 6.87 23.01 23.42 15.69 27.19 137.39 14.99 27.01 69.46 26.71 34.06 55.81 37.27 39.43 28.28 13.33 42.67 65.44 29.52 35.03 16.50 36.80
105.24 78.81 126.34 70.86 72.27 16.66 20.97 82.05 56.36 12.14 84.30 6.83 40.37 27.05 201.62 64.61 50.03 8.25 18.82 58.67 82.71 430.98 313.74 82.04 38.93 83.59 10.06 46.26 307.55 6.79 23.54 23.02 14.93 27.18 139.85 15.66 27.16 70.14 26.58 32.36 55.00 36.66 39.16 28.31 13.19 43.30 66.87 30.33 34.56 16.70 37.29
104.71 77.24 125.09 70.77 71.49 16.19 21.08 79.61 57.83 12.06 83.95 6.85 39.51 27.07 204.03 65.03 51.81 8.37 19.33 59.13 83.97 421.20 313.86 79.77 40.19 85.78 10.16 45.96 314.51 6.69 24.09 22.87 15.06 27.84 139.68 16.58 27.05 66.50 25.77 31.84 54.77 36.65 39.09 28.55 12.92 42.65 65.57 29.04 34.31 15.97 36.66
104.75 78.57 130.09 72.12 74.02 16.28 21.48 79.96 56.60 11.69 85.31 6.91 39.06 27.54 203.80 64.26 51.23 8.36 18.58 57.35 85.14 409.89 309.35 82.43 40.56 81.68 10.22 46.13 317.18 6.75 24.22 22.85 15.02 28.04 139.99 16.96 26.68 67.14 25.99 31.59 56.72 36.45 39.48 28.50 13.22 44.51 64.89 29.81 34.45 15.66 35.59
105.45 78.51 133.50 72.35 73.16 15.66 21.35 80.43 55.31 11.52 86.40 6.92 39.33 27.71 204.47 63.76 51.33 8.35 19.23 55.92 84.79 428.09 317.66 81.44 41.95 81.68 10.32 46.42 303.84 6.81 23.81 22.70 15.00 27.75 140.53 17.48 27.07 71.40 25.61 31.82 58.23 36.24 40.20 28.29 12.99 44.85 65.15 29.96 34.77 15.28 35.14
106.48 77.89 132.98 69.86 72.41 16.03 20.72 80.02 54.50 11.43 86.21 6.88 39.47 28.59 202.84 63.62 51.42 8.14 20.81 54.77 83.54 447.00 314.91 82.17 43.64 80.16 10.70 46.88 299.53 7.07 24.97 23.08 14.98 28.59 142.87 17.29 27.63 75.95 26.07 31.08 64.04 35.67 39.61 28.37 13.07 45.51 64.32 29.96 35.44 15.47 35.98
105.79 76.82 132.12 69.31 72.60 15.40 20.89 80.44 53.26 11.00 85.76 6.91 40.28 27.74 199.16 62.77 53.15 8.40 19.59 54.82 81.94 442.25 324.45 82.41 42.59 82.17 10.75 46.84 298.35 7.10 24.93 22.26 15.28 27.68 136.20 17.04 27.83 72.19 24.79 31.58 62.76 35.58 39.44 28.80 12.83 45.26 63.34 30.72 36.29 15.79 35.40
108.24 79.85 132.99 69.95 71.25 16.12 21.18 81.03 52.99 11.37 90.07 7.23 40.39 28.21 202.15 62.95 51.44 8.67 19.66 55.75 82.37 469.13 329.36 85.04 43.47 86.48 11.27 48.40 297.67 6.98 26.84 23.06 15.25 28.74 139.84 17.39 27.50 77.51 24.69 32.81 64.02 35.71 40.88 29.28 13.20 45.97 64.34 31.55 36.17 15.65 35.87
107.93 81.56 135.23 70.75 70.71 15.85 21.03 81.21 52.25 11.43 86.40 7.15 40.07 28.37 203.05 62.54 52.06 8.83 19.27 56.03 81.86 463.19 330.49 85.19 42.44 88.13 11.63 49.33 293.94 6.93 27.51 22.87 14.78 28.07 141.19 16.69 27.65 76.76 24.30 33.77 62.51 36.04 40.97 29.47 13.01 45.39 64.95 31.66 35.93 16.38 36.90
108.12 79.40 135.87 72.12 68.63 15.92 20.89 81.44 51.38 11.31 86.87 7.18 39.51 29.24 201.56 64.18 53.76 8.83 19.07 56.78 83.55 471.69 317.18 85.73 42.68 87.60 11.58 49.21 290.45 6.73 27.65 23.26 14.59 27.93 139.90 16.63 27.67 77.25 24.21 35.03 63.44 36.26 40.49 28.93 12.98 46.15 65.38 31.94 36.22 16.72 36.59
107.33 79.98 138.72 70.69 68.23 15.86 20.30 81.60 51.25 11.35 88.79 7.19 40.27 30.04 199.90 63.78 54.43 8.90 18.59 58.72 82.79 453.53 315.29 83.82 42.32 84.33 11.58 50.00 281.56 7.05 27.44 23.05 14.24 27.17 138.54 15.88 27.15 75.58 24.00 35.18 62.69 36.47 39.85 28.81 13.12 46.45 65.04 31.94 35.38 16.90 37.30
106.64 80.55 139.95 73.03 68.18 16.30 20.31 83.46 49.46 10.95 86.87 7.05 40.41 29.60 196.36 61.26 53.30 8.64 18.31 58.05 81.06 458.18 311.92 81.54 41.63 82.45 11.53 48.86 278.21 7.06 26.82 22.94 13.70 26.95 137.81 15.41 27.25 74.95 23.99 34.17 65.61 35.37 39.34 28.63 13.01 47.28 65.00 31.24 34.99 16.87 36.73
108.01 80.98 140.53 72.92 69.96 16.11 19.86 81.63 49.91 11.09 87.83 7.11 40.77 30.68 198.40 61.37 52.42 9.06 18.80 61.42 80.80 476.67 322.82 82.68 41.00 80.54 12.14 50.12 285.52 7.08 25.91 23.09 13.62 26.71 138.61 15.22 27.58 75.41 25.07 35.37 67.03 36.42 39.07 28.61 13.11 49.01 65.51 31.02 35.82 17.43 37.17
107.97 77.95 138.52 73.36 71.22 15.71 20.58 82.88 49.64 11.15 85.03 7.25 40.94 30.56 194.47 61.47 52.81 9.01 18.54 60.11 81.82 489.91 321.95 81.69 41.11 77.38 11.67 50.24 280.68 7.05 24.87 23.22 13.11 27.35 142.41 15.12 28.12 73.14 25.28 36.74 68.57 36.07 39.35 28.11 13.20 46.57 64.49 30.93 35.79 16.71 37.52
108.77 76.67 139.96 71.79 71.00 15.84 20.70 82.28 47.98 11.02 86.07 7.18 39.49 30.49 197.40 60.22 51.31 9.08 18.56 59.96 84.53 533.01 319.99 81.96 42.03 79.18 11.51 50.37 281.32 7.10 25.88 23.22 13.14 27.05 142.46 15.54 27.54 74.71 25.14 35.83 69.55 35.80 39.01 28.11 12.84 45.00 64.10 30.47 34.85 16.87 36.98
110.75 76.97 137.80 70.58 71.06 15.41 21.02 82.74 48.06 10.87 87.60 7.09 40.06 29.87 201.15 59.82 50.38 9.06 19.01 62.57 81.43 597.82 323.93 85.09 42.62 79.98 11.28 49.40 278.83 7.25 26.69 23.77 12.94 27.74 137.90 16.36 27.73 75.80 25.19 35.90 70.67 35.70 38.24 27.83 12.69 45.01 63.11 31.70 35.60 17.43 36.77
112.85 79.11 136.70 69.60 73.56 16.21 21.26 83.80 48.97 10.89 92.12 7.15 39.28 29.66 201.61 59.91 53.23 8.91 19.34 61.55 83.07 645.87 325.11 84.82 43.67 80.38 11.29 50.64 285.88 7.13 25.80 24.26 13.30 27.64 137.08 16.71 27.93 76.65 25.70 36.15 69.33 36.18 38.14 28.24 12.62 44.40 62.60 32.05 36.42 17.90 37.31
112.69 80.83 131.79 71.27 74.85 16.16 20.73 85.81 50.01 11.00 91.11 7.31 38.27 29.24 200.77 59.41 53.50 8.78 19.90 61.57 84.18 629.77 328.13 83.60 44.52 80.51 11.15 50.51 288.04 7.04 25.25 24.84 13.28 27.42 137.40 16.38 28.33 80.09 26.34 36.19 69.03 36.39 37.92 28.17 12.84 44.40 63.77 32.13 36.86 18.04 36.42
115.08 81.62 135.44 71.33 75.43 16.18 20.39 87.53 51.30 11.29 92.40 7.42 39.51 30.15 203.52 61.81 53.66 8.97 20.48 63.18 83.78 675.58 330.63 83.99 45.95 84.25 11.45 50.82 292.09 7.25 27.02 24.34 13.08 27.58 138.09 16.48 28.45 82.92 25.29 35.07 68.57 37.11 38.61 28.26 13.08 46.10 64.55 34.34 36.86 18.27 35.86
117.48 83.16 131.96 72.29 77.21 15.94 20.77 86.95 51.28 11.01 93.75 7.48 41.58 30.78 206.64 60.32 52.99 9.13 21.57 68.92 84.63 729.55 340.97 83.17 46.58 84.47 11.60 52.33 294.76 7.47 27.62 24.34 13.49 27.84 137.46 16.61 28.57 84.71 25.83 34.82 68.01 37.42 38.62 29.04 13.31 44.45 65.24 35.16 35.60 18.41 36.93
118.94 85.35 131.25 70.78 78.06 15.70 21.87 86.60 53.00 11.10 96.29 7.57 41.25 30.62 210.37 58.79 52.15 8.97 20.51 67.76 87.09 772.23 345.94 80.85 46.71 84.38 11.87 52.80 302.10 7.42 28.87 23.87 13.98 28.02 136.84 16.86 28.93 83.75 26.19 32.00 68.90 37.59 38.76 28.45 13.48 45.99 65.50 34.76 35.66 18.51 37.61
119.66 83.57 128.63 70.74 78.58 15.47 22.74 85.76 51.45 10.74 97.02 7.56 38.96 30.69 212.07 58.06 50.94 8.89 20.99 67.44 84.59 805.86 357.12 81.90 46.94 86.59 11.74 52.49 298.04 7.85 29.11 24.02 14.16 27.73 134.81 17.79 28.83 81.10 26.34 31.17 67.81 37.66 37.76 28.33 13.85 45.38 65.88 35.03 36.15 17.79 38.08
119.08 82.69 134.22 70.85 77.98 15.34 23.56 86.67 52.10 10.58 96.45 7.49 37.39 30.44 212.61 59.38 51.07 8.68 21.96 67.31 84.98 780.56 350.07 80.79 49.01 87.40 11.96 52.24 307.58 7.80 29.04 23.52 13.90 27.93 134.09 17.66 27.98 87.20 25.25 31.84 68.05 37.52 37.88 27.94 13.77 44.97 66.48 33.79 36.21 17.75 37.63
118.30 81.74 130.15 71.66 77.70 15.29 23.06 86.81 52.07 10.70 97.95 7.54 38.65 29.54 210.02 60.92 51.29 8.70 21.84 67.24 83.48 740.73 362.72 79.92 49.15 90.36 11.71 52.21 313.45 7.88 30.15 23.76 13.97 28.03 134.66 17.84 27.59 87.14 24.48 33.30 66.68 37.02 38.31 27.82 13.61 45.41 66.92 33.72 36.64 17.41 37.91
119.50 81.57 133.61 71.44 77.17 15.21 23.46 85.39 53.70 10.47 99.01 7.44 38.92 30.16 209.58 61.20 51.80 8.63 22.57 65.03 82.73 756.90 359.40 79.71 51.83 92.55 12.02 52.57 310.54 7.85 32.12 23.45 14.38 28.05 132.24 18.74 27.46 89.98 25.18 34.69 66.22 36.50 38.38 27.84 13.90 45.65 68.20 33.96 36.87 17.51 39.16
120.41 78.94 134.18 71.34 77.93 15.30 22.40 83.24 53.75 10.47 101.71 7.31 39.66 29.46 206.33 60.63 53.68 8.71 22.03 67.00 80.56 782.46 361.94 81.08 51.20 91.36 11.90 51.79 308.83 8.07 33.63 24.07 14.48 27.92 132.75 17.90 27.80 89.63 25.63 37.23 68.04 37.02 38.30 28.66 13.90 45.86 67.85 33.19 36.82 17.72 39.49
120.93 77.04 135.65 70.20 79.34 15.17 21.90 82.89 54.62 10.67 101.13 7.09 40.26 29.04 205.22 59.37 53.44 8.73 22.29 66.50 80.86 799.62 377.09 79.69 51.14 92.99 11.96 52.21 299.73 8.41 33.23 24.99 14.71 27.35 131.93 18.15 27.55 88.07 26.91 36.67 65.84 36.92 38.00 29.11 13.61 46.57 67.91 33.13 37.51 17.63 39.53
120.92 77.59 133.28 70.37 78.65 14.74 22.01 83.08 55.18 10.44 98.94 7.12 40.96 29.29 206.44 59.21 51.62 8.50 22.01 68.69 79.89 809.85 392.62 80.50 50.41 89.57 12.05 51.97 296.91 8.21 31.62 25.32 14.25 26.96 130.05 18.18 27.42 88.76 26.83 36.07 66.48 36.50 37.67 29.76 13.66 45.20 67.62 33.33 37.84 17.40 39.68
118.51 77.73 130.24 68.05 77.87 14.64 22.17 81.36 53.43 10.29 97.10 7.08 40.98 28.76 206.74 58.19 51.73 8.40 21.29 67.32 78.78 772.88 388.83 80.91 47.63 88.18 11.92 51.91 295.55 8.20 30.22 25.29 14.12 26.09 126.69 17.20 27.37 82.65 26.94 34.76 64.95 35.95 38.05 28.80 13.48 44.99 67.89 32.70 37.18 17.29 39.12
117.16 75.69 128.89 67.92 76.28 14.19 22.80 83.12 55.13 10.24 97.09 6.92 41.34 29.46 206.11 56.34 51.17 8.13 20.81 65.21 79.54 750.40 378.86 79.38 46.32 85.05 11.74 53.43 301.56 8.15 28.65 25.16 13.68 26.67 129.84 16.88 26.77 79.37 26.12 33.94 63.82 36.26 37.65 28.78 13.69 45.09 67.30 31.42 35.71 17.43 39.91
121.37 78.25 135.55 70.72 79.81 15.03 22.95 86.36 56.68 10.69 100.86 7.12 42.40 30.92 210.57 60.09 53.77 8.65 21.47 65.81 82.41 775.07 384.74 81.03 49.35 89.60 11.96 53.62 319.99 8.21 30.52 26.24 14.34 27.70 134.50 18.51 27.70 81.63 27.71 35.81 67.13 37.03 38.83 29.21 14.08 45.42 69.44 33.88 35.79 17.76 40.39
120.53 77.90 134.16 71.16 77.49 14.91 22.92 87.20 56.27 10.72 98.27 7.08 41.54 30.80 209.22 60.60 55.17 8.61 19.80 64.10 83.80 771.06 390.53 79.14 48.02 84.06 11.75 53.52 316.38 8.11 28.72 26.05 13.94 27.44 134.80 18.24 27.49 79.69 27.54 35.07 70.84 36.72 39.39 28.70 13.93 45.59 70.38 33.48 35.19 17.54 39.31
118.87 80.34 134.10 71.42 75.68 14.48 24.10 86.15 56.16 10.90 100.37 7.16 41.49 30.38 213.42 60.82 54.81 8.47 18.99 62.30 84.58 708.09 388.61 79.30 48.97 85.06 11.53 54.05 317.95 7.90 29.19 25.30 13.49 27.57 134.02 17.96 27.11 74.96 28.61 34.93 72.30 36.67 39.39 28.82 14.04 46.79 70.82 32.01 34.90 16.79 38.87
118.14 80.68 133.12 71.70 74.51 15.07 25.50 88.27 56.21 10.59 104.39 7.03 41.34 29.52 214.58 61.69 54.49 8.88 19.06 63.89 85.01 693.49 389.02 78.00 47.83 84.60 11.59 53.33 313.19 7.84 28.67 24.67 13.48 26.97 134.71 17.39 27.61 71.47 27.32 34.61 71.90 36.95 38.76 27.65 13.71 46.51 72.07 31.14 34.00 16.19 38.14
117.84 80.56 133.86 72.83 73.87 14.94 26.90 89.50 55.09 10.90 102.16 7.00 41.96 30.05 215.93 61.92 55.43 8.87 18.64 65.81 83.10 693.08 385.99 79.64 46.33 82.10 11.36 53.67 318.74 7.55 28.50 23.65 13.18 26.82 134.36 17.32 27.83 67.33 27.33 35.83 72.31 36.31 38.21 27.35 13.43 46.98 71.42 30.47 34.34 16.21 38.70
118.26 79.92 133.72 74.49 75.48 15.27 27.16 89.80 54.76 10.92 101.04 7.01 41.37 30.46 219.19 61.92 57.11 8.97 18.21 65.57 83.60 707.02 377.17 78.18 45.69 80.76 11.74 53.85 319.64 7.63 29.12 23.41 13.17 27.23 138.33 17.05 27.43 65.06 26.46 35.19 73.04 36.56 38.49 27.77 13.27 44.94 72.15 30.72 33.55 16.54 39.94
119.05 80.78 136.17 73.52 76.25 15.11 27.21 89.63 56.69 10.71 97.43 7.01 41.91 30.23 219.72 62.55 55.52 9.30 18.46 65.68 84.98 737.58 380.08 78.54 45.81 77.14 12.23 53.39 317.34 7.72 28.27 23.33 13.35 27.66 138.34 17.24 27.82 65.52 25.73 34.61 71.78 36.78 39.06 27.74 13.19 43.45 72.54 31.49 34.39 16.84 40.17
122.22 80.31 139.56 74.52 75.33 15.49 28.79 90.99 58.15 10.73 99.51 7.21 42.01 31.26 224.75 62.40 55.37 9.29 18.79 66.10 87.75 810.82 385.65 79.93 47.07 82.21 12.39 53.61 325.87 7.89 28.64 23.28 13.64 27.91 138.95 17.55 27.52 63.29 25.35 37.44 74.05 36.96 38.88 27.40 13.58 43.37 73.89 30.46 34.13 16.93 39.89
119.66 81.89 138.37 72.79 74.58 15.79 28.31 90.68 56.48 10.27 101.08 7.05 42.54 30.17 226.57 63.88 54.39 9.39 17.77 66.26 85.16 766.10 382.44 82.19 45.30 77.33 12.02 52.78 313.57 7.75 26.54 22.90 13.29 27.09 135.82 17.23 27.23 60.56 23.91 38.08 72.41 36.85 38.45 27.09 13.42 42.23 72.63 29.99 34.30 16.45 39.74
120.59 86.43 142.76 73.04 73.98 15.91 28.38 89.84 57.78 10.42 99.87 7.02 42.50 30.10 229.22 64.15 54.93 9.25 18.46 65.52 83.80 769.04 396.67 80.34 45.63 79.78 12.27 53.89 310.49 7.59 26.77 23.59 13.48 27.16 140.01 17.34 27.11 63.09 23.28 39.45 73.49 36.62 39.01 26.99 13.45 43.70 73.83 29.51 33.92 17.06 38.94
121.54 87.97 142.26 73.32 73.73 15.93 28.54 91.32 58.35 10.45 100.11 7.08 42.70 30.81 229.95 65.22 56.75 9.07 19.20 65.52 86.53 782.67 389.18 81.15 46.88 82.41 12.53 54.38 312.09 7.71 27.11 23.32 13.58 26.72 144.44 17.66 27.05 60.89 22.26 39.64 75.35 36.52 39.78 27.04 13.24 45.48 73.47 30.32 34.33 17.26 39.04
121.35 89.21 139.10 72.64 72.67 15.73 27.84 92.11 60.40 10.67 101.64 7.09 42.67 30.81 225.56 63.12 56.02 8.95 18.73 64.60 88.59 784.18 389.99 79.53 46.48 79.02 12.62 53.68 318.21 7.68 27.05 23.56 13.79 26.21 147.25 17.85 27.36 60.35 22.70 39.30 75.03 36.03 39.89 26.85 13.55 45.41 73.55 30.15 33.46 17.46 39.69
121.60 88.39 138.62 72.09 72.35 15.34 27.13 91.93 60.71 10.37 100.35 7.10 43.41 30.16 230.27 63.36 56.52 9.06 18.44 69.14 87.69 776.76 388.86 82.29 46.57 80.76 12.77 53.04 316.61 7.69 27.82 23.59 13.84 27.00 146.21 18.85 28.16 58.35 22.09 41.41 77.16 36.82 39.65 27.23 13.47 45.29 73.47 30.42 34.12 18.52 39.50
120.98 90.50 138.77 71.92 71.98 15.39 28.38 91.88 59.04 10.43 102.97 7.07 41.99 30.31 229.91 61.52 55.83 9.23 18.99 68.84 91.26 764.42 381.37 83.36 45.99 78.48 12.61 53.47 316.39 7.81 27.65 23.19 13.35 26.85 146.28 18.59 27.58 59.54 22.51 40.56 74.94 36.54 39.36 27.18 13.88 46.78 73.83 29.07 33.75 18.25 37.06
120.18 90.83 138.54 71.80 74.65 15.45 28.91 93.48 58.97 10.40 101.79 7.22 41.88 31.50 231.68 62.77 58.38 9.02 18.99 65.28 95.43 726.62 377.51 83.38 46.28 76.82 12.16 53.58 324.66 7.50 26.87 22.33 13.25 27.64 150.50 18.35 27.21 58.06 21.75 39.16 77.82 36.04 39.56 26.62 13.80 47.18 75.32 29.05 34.62 17.74 35.83
122.22 92.33 140.70 72.04 75.93 16.46 28.69 96.09 57.78 10.50 104.36 7.40 43.18 31.45 234.02 61.12 57.91 9.22 20.13 69.76 95.37 760.58 370.55 85.37 46.62 77.31 12.33 54.35 317.24 7.82 28.45 22.76 13.79 28.80 153.30 18.96 27.82 59.29 22.81 40.74 75.13 37.22 38.97 26.86 13.79 46.95 75.23 30.52 35.34 17.93 35.88
124.09 93.10 145.93 73.21 78.47 16.58 28.20 96.43 57.86 10.49 104.89 7.63 43.25 31.44 234.40 63.30 57.91 9.21 21.13 71.53 93.29 783.42 379.30 88.04 45.65 77.37 12.99 54.92 329.75 7.85 29.53 22.91 13.95 27.82 152.31 20.08 28.47 63.16 24.12 41.71 74.40 37.77 39.00 27.51 13.91 46.36 76.14 32.10 34.77 18.50 37.13
124.77 91.63 149.20 74.33 79.87 16.77 28.49 96.55 56.99 10.71 104.98 7.56 46.46 30.47 229.63 64.28 57.88 9.31 20.49 72.16 94.96 768.78 378.22 89.59 46.76 77.85 12.75 55.68 334.73 8.13 30.10 23.80 14.62 27.89 150.66 19.59 28.39 63.85 25.41 42.21 76.67 38.24 39.84 28.17 13.78 46.93 77.32 32.15 35.35 18.81 37.30
123.65 87.75 147.70 74.01 81.30 16.87 28.30 96.99 56.16 10.60 104.71 7.33 46.18 29.25 224.65 62.84 57.91 9.37 20.73 71.88 94.24 750.86 372.79 91.06 46.76 76.84 12.92 53.97 327.48 8.00 30.81 23.49 14.92 28.54 149.38 20.23 28.43 68.16 25.49 42.14 70.22 38.38 39.23 27.86 13.81 46.09 77.98 31.22 36.08 19.24 36.89
126.31 87.56 149.57 75.37 81.79 16.50 29.12 97.67 55.76 10.74 106.46 7.14 47.30 29.62 224.77 64.09 57.96 9.78 21.31 73.55 96.38 785.98 382.80 92.46 48.75 75.95 13.72 52.40 322.14 8.19 31.69 23.76 15.72 28.89 146.63 20.62 29.30 69.65 25.98 45.12 71.59 39.33 39.28 28.79 13.94 46.42 79.62 31.77 36.91 19.89 38.85
125.86 84.48 148.51 76.93 81.71 16.42 30.22 97.57 55.65 10.63 107.88 7.16 47.09 28.62 226.77 63.17 57.55 9.77 21.13 73.79 96.71 760.44 379.67 90.02 50.11 79.07 13.84 53.33 331.44 8.18 34.15 23.87 16.20 29.51 146.21 19.94 28.80 66.70 25.25 46.24 73.71 38.79 39.36 28.88 14.23 44.91 79.64 30.58 36.76 19.71 38.38
127.30 84.95 146.82 77.24 81.17 16.14 30.96 97.50 55.68 10.99 107.82 7.12 48.14 28.21 224.97 62.37 57.29 10.05 20.23 74.04 94.74 800.52 381.39 92.75 52.48 83.04 14.18 52.56 321.74 8.30 34.97 24.24 16.38 29.04 145.29 20.57 28.46 70.10 26.25 46.02 71.78 39.36 39.07 29.42 14.32 45.68 79.38 30.12 37.10 19.36 38.27
127.76 84.37 147.25 76.35 82.18 16.63 29.49 98.16 56.03 10.73 108.23 7.17 48.10 27.27 221.53 59.96 55.37 9.81 19.88 76.35 92.57 820.21 376.34 93.17 53.63 85.76 14.33 51.85 311.76 8.19 37.05 24.59 16.10 29.17 144.24 20.58 29.52 75.05 27.11 45.27 73.82 39.41 38.44 29.52 14.72 44.97 79.60 29.63 37.89 19.87 37.78
129.59 86.48 145.32 79.41 83.32 17.05 30.34 100.50 58.55 10.83 110.28 7.25 50.21 27.20 227.42 61.95 54.28 9.93 19.95 80.45 92.92 807.56 391.08 96.26 54.63 86.32 14.19 53.10 322.56 8.66 37.84 24.75 16.53 29.03 146.32 20.23 30.31 78.10 27.38 46.16 75.67 40.14 39.28 30.23 15.11 45.27 80.86 30.87 38.64 20.62 37.66
128.65 85.57 144.07 79.25 83.32 17.17 29.23 99.55 57.39 10.82 107.74 7.31 50.36 26.82 222.07 63.56 52.26 9.52 20.01 78.45 91.73 808.55 393.03 96.04 54.64 86.22 14.24 52.93 319.88 9.06 38.86 24.52 16.26 28.54 146.45 19.99 29.97 79.72 28.15 45.38 75.72 39.99 38.58 29.89 14.97 45.41 79.40 30.02 38.82 19.90 35.97
129.04 84.06 143.90 78.46 83.50 16.88 29.66 101.62 55.66 10.68 107.69 7.21 50.11 26.81 223.11 62.17 51.75 9.42 19.85 78.97 91.34 819.07 384.74 93.78 54.79 84.96 13.69 52.68 324.99 9.29 40.01 24.57 16.04 29.99 146.60 20.08 29.58 80.11 27.55 47.92 77.90 40.44 38.80 29.55 15.12 46.48 78.67 30.48 39.23 19.86 36.13
128.39 84.27 142.05 78.64 84.10 17.07 28.45 101.15 54.71 10.53 105.12 7.30 50.07 25.49 221.68 61.82 52.93 9.50 18.86 79.71 92.07 814.43 383.73 93.42 52.72 81.75 13.32 52.74 332.02 9.43 40.54 24.15 16.13 30.45 145.01 19.81 29.07 80.78 27.60 46.92 78.47 40.43 39.32 29.91 15.00 46.60 80.05 30.28 39.42 19.51 35.86
126.53 85.36 140.81 76.75 82.78 16.78 29.45 101.10 52.86 10.34 101.92 7.29 49.07 25.22 223.97 62.96 50.97 9.11 18.48 75.26 91.35 776.14 376.90 94.52 54.37 81.30 12.76 52.56 322.33 9.36 40.21 23.81 15.84 30.14 144.29 19.69 28.66 83.40 29.17 45.61 78.32 40.69 39.47 29.50 14.84 45.12 78.88 29.69 39.76 19.08 35.19
125.51 84.29 139.01 76.23 80.60 16.24 27.40 103.10 53.02 10.13 99.51 7.13 49.95 25.86 225.54 61.81 52.00 9.03 18.04 75.01 90.40 784.94 377.56 94.65 55.77 80.60 13.00 50.94 312.73 9.38 40.25 23.44 15.44 29.85 140.91 19.26 28.37 83.53 28.44 45.86 77.00 40.29 39.22 28.43 14.47 42.69 77.43 28.98 39.99 18.66 35.22
125.92 83.10 142.45 77.00 81.49 16.54 27.06 103.88 52.97 10.46 103.24 7.12 50.53 25.44 228.26 63.61 51.28 9.10 18.61 77.68 92.51 763.51 370.14 94.16 55.14 81.39 13.04 51.71 316.72 9.47 41.71 23.38 15.33 31.09 139.90 19.19 28.81 85.55 29.33 49.40 76.96 39.93 39.22 28.84 14.23 44.94 77.63 28.55 39.90 18.73 35.78
125.33 81.59 138.93 76.66 80.94 15.76 26.14 103.15 51.88 10.45 101.01 6.95 50.02 25.80 223.40 62.64 51.30 9.09 18.67 76.16 90.63 791.81 366.99 91.81 54.71 82.31 12.80 51.08 318.63 9.46 40.96 23.40 15.43 31.36 137.90 18.77 28.54 82.02 29.83 49.21 75.14 39.79 38.39 28.72 13.71 43.83 77.01 28.52 38.82 18.15 35.55
124.62 82.15 139.73 75.74 81.06 15.43 26.70 103.73 52.39 10.27 101.75 7.27 50.06 26.26 220.34 62.24 53.35 9.08 18.75 76.14 90.38 760.14 367.00 90.91 53.61 80.83 13.08 52.01 319.94 9.52 38.89 23.80 15.52 31.58 139.15 18.52 28.55 79.48 29.42 48.77 74.77 39.61 38.10 28.81 13.67 44.99 76.93 28.69 39.48 17.94 35.75
126.22 85.20 139.72 76.61 82.10 15.26 27.02 103.43 53.22 10.35 102.29 7.30 50.93 27.27 221.24 62.93 53.35 9.30 20.13 80.38 91.36 754.13 388.82 92.97 54.59 82.52 13.29 51.60 316.12 9.72 40.44 24.76 15.74 31.29 139.20 19.44 28.94 82.45 30.96 49.09 78.88 40.43 38.09 29.12 13.71 45.99 76.18 28.23 40.88 18.20 36.83
127.32 89.03 143.68 78.30 82.43 15.07 27.73 104.50 53.51 10.40 100.40 7.47 52.64 27.04 223.00 66.57 54.97 9.43 20.97 80.60 93.73 742.73 391.81 96.40 53.94 82.06 13.66 53.05 322.68 9.99 40.25 24.95 16.18 31.38 142.75 19.71 28.36 83.55 31.27 48.27 79.78 40.66 38.83 29.27 14.25 47.08 76.85 28.14 41.35 18.28 38.56
127.81 88.56 145.74 78.20 83.99 15.02 26.70 105.07 54.66 10.32 101.38 7.30 54.02 26.69 216.97 65.06 54.28 9.48 20.57 80.81 95.48 782.42 377.72 96.23 54.71 80.96 13.44 53.81 325.95 10.37 40.59 24.96 15.61 31.63 144.70 19.20 28.58 81.12 31.56 49.68 73.66 41.07 38.71 29.65 14.41 47.47 77.43 26.71 41.15 18.17 37.62
125.47 87.28 145.20 76.73 81.65 14.56 26.58 102.72 53.03 10.38 97.86 6.89 51.18 26.73 214.45 62.95 52.80 9.28 21.39 78.24 94.20 775.53 368.44 92.98 54.98 82.44 13.06 52.54 319.83 10.20 42.80 24.47 15.35 30.44 141.11 19.43 28.32 86.64 29.79 46.86 69.41 40.86 38.11 29.40 14.23 44.94 75.78 26.76 40.33 16.92 36.18
125.48 86.06 141.00 73.41 82.37 14.34 26.53 101.78 54.57 10.25 98.47 6.56 51.07 26.35 214.73 62.30 53.79 9.04 21.32 76.53 94.27 795.00 355.05 92.67 54.26 83.50 13.19 53.36 309.00 9.86 43.50 24.46 15.48 30.31 141.50 19.53 28.23 83.92 29.96 49.77 69.29 40.38 38.54 29.38 13.98 45.29 74.54 27.79 39.56 17.02 35.97
124.46 85.93 134.56 72.00 83.68 15.25 27.09 99.67 51.81 10.31 97.90 6.42 50.29 25.12 212.49 62.20 53.77 8.81 20.39 74.46 94.18 790.37 347.84 91.40 56.16 84.57 13.02 52.43 310.76 9.93 43.79 24.25 15.31 29.58 141.42 19.96 28.03 80.65 30.48 48.94 69.18 39.44 38.81 28.66 13.62 43.70 73.71 27.03 39.28 17.14 36.58
123.73 86.00 135.98 74.08 84.07 14.80 26.01 97.96 51.84 10.42 97.55 6.47 49.41 25.39 217.01 62.97 53.82 8.81 20.16 76.14 93.37 763.46 356.54 89.15 57.30 85.71 12.69 52.02 311.76 9.78 45.03 24.68 15.55 28.87 139.79 19.65 28.14 79.16 30.25 51.64 67.33 39.42 38.86 28.74 13.83 43.32 71.92 27.06 39.14 17.16 36.63
123.28 83.64 134.83 71.53 83.74 14.24 26.27 96.20 51.21 10.25 95.72 6.42 49.93 25.03 218.53 64.35 53.23 8.72 19.66 75.82 90.39 766.69 363.06 87.78 57.25 84.65 12.24 53.02 304.25 9.87 44.92 24.01 15.06 28.59 140.74 19.52 27.80 79.21 30.05 50.71 69.48 38.91 38.73 28.57 13.61 43.27 72.42 27.78 38.95 17.22 35.90
124.36 87.08 139.30 73.17 84.92 14.33 25.93 96.92 53.38 10.40 97.31 6.72 50.19 26.80 223.25 63.59 54.51 8.64 20.36 77.58 92.08 747.08 362.36 87.08 58.22 82.09 12.39 54.10 309.68 10.03 46.08 24.36 14.97 29.08 143.33 19.97 27.43 78.17 29.23 51.62 71.76 39.62 39.63 29.28 14.06 45.91 73.30 29.06 39.60 17.74 36.99
125.07 85.00 135.29 71.13 84.94 14.33 25.14 96.14 52.25 10.07 97.58 6.69 50.66 27.66 221.98 63.92 54.87 8.63 21.16 77.61 89.60 770.74 359.77 87.24 60.59 83.88 12.24 53.32 298.89 10.01 47.81 24.20 15.01 29.07 141.21 20.99 27.74 79.15 31.00 52.65 72.10 40.09 39.62 29.43 13.92 46.00 73.40 29.06 39.39 17.67 36.63
126.21 82.74 135.83 71.19 82.39 14.17 24.41 96.05 52.33 9.97 94.82 6.67 50.74 27.92 222.58 62.47 54.30 8.75 21.16 78.41 90.11 820.68 366.87 85.10 61.48 86.28 12.27 54.38 298.36 10.01 49.58 24.86 15.25 29.20 139.12 21.01 27.25 80.03 30.13 54.20 71.95 39.45 39.35 29.23 13.92 46.92 73.20 28.40 38.98 17.64 36.97
124.85 80.87 132.40 71.30 83.85 13.90 24.65 94.24 52.60 9.74 92.64 6.72 51.18 28.48 220.64 61.89 53.22 8.87 21.78 74.37 88.58 796.56 374.82 84.00 61.62 84.23 12.38 54.80 295.11 10.20 50.09 24.74 14.79 28.56 137.55 20.72 27.12 78.85 31.17 51.24 69.27 38.64 39.11 28.69 13.69 47.24 72.56 28.26 39.07 17.27 37.51
129.24 80.26 133.41 70.99 87.23 14.04 25.47 96.05 51.53 9.89 94.85 6.78 53.27 28.40 227.91 63.03 54.79 8.86 21.71 75.62 90.21 891.19 394.23 88.44 61.99 87.11 12.50 55.89 293.37 10.47 47.88 25.13 14.94 29.00 139.94 20.74 27.42 80.53 30.97 52.26 71.88 38.62 39.38 29.97 14.23 48.31 73.03 29.30 39.41 17.23 38.59
128.83 78.59 133.60 69.46 87.08 14.27 25.44 93.77 51.24 9.35 93.77 6.55 53.92 26.99 218.34 62.46 53.62 8.72 21.91 73.28 87.95 931.36 387.69 86.47 59.81 86.38 12.52 54.68 292.73 10.52 45.69 24.87 14.43 28.57 138.61 21.28 27.29 82.07 31.44 51.12 68.90 37.90 38.95 29.53 14.14 47.04 71.19 29.79 39.56 17.52 38.39
129.40 80.79 141.24 69.30 87.36 14.51 24.73 93.22 51.79 9.62 94.84 6.60 54.56 26.76 220.07 63.99 52.91 8.82 20.78 73.82 87.47 930.03 397.37 87.86 59.15 85.82 12.37 54.23 291.34 10.82 47.16 24.97 14.52 28.41 138.69 22.12 27.28 77.17 33.25 54.67 68.79 37.42 38.53 29.47 14.38 47.09 70.93 29.21 39.32 17.96 38.87
130.88 80.35 144.27 70.34 88.26 14.68 25.37 93.59 51.82 9.80 93.84 6.70 54.82 26.83 217.70 65.24 52.48 8.97 22.24 72.55 86.72 938.33 397.34 88.66 61.05 87.81 12.71 53.59 294.26 10.64 52.24 25.01 14.57 30.15 140.13 23.16 27.64 79.22 34.13 56.10 66.49 37.71 38.56 30.67 14.32 48.94 72.70 29.38 39.50 17.59 38.66
130.20 82.83 147.66 71.35 88.38 14.74 25.96 94.76 53.58 9.94 96.45 6.74 53.91 27.24 219.79 63.47 53.31 8.77 22.04 72.08 87.36 894.51 404.66 86.13 60.30 91.36 12.35 54.13 293.85 10.77 49.32 25.48 14.39 30.33 134.93 22.87 27.97 74.40 33.46 55.58 66.30 38.80 39.87 31.03 14.73 48.28 75.29 28.86 40.44 17.14 38.70
128.97 80.80 144.31 70.81 88.57 14.85 26.11 95.47 52.81 9.95 96.56 6.89 54.32 27.97 219.66 64.16 55.75 8.74 22.59 70.21 89.27 869.04 404.02 88.47 58.23 87.08 11.89 53.36 290.32 10.96 48.72 25.65 14.08 30.00 133.75 22.81 28.00 74.77 34.11 51.31 64.19 38.95 39.88 31.01 14.56 48.55 74.41 27.79 39.97 16.93 37.84
128.64 82.42 140.82 70.75 87.50 15.09 26.12 94.30 52.51 9.97 95.95 6.89 54.28 28.04 222.98 62.72 55.09 8.75 22.31 72.42 88.57 876.93 403.33 85.16 59.18 83.73 11.88 52.80 286.06 10.56 48.75 25.73 13.85 29.80 136.08 22.60 27.84 72.50 32.97 51.58 64.89 39.24 39.84 30.68 14.47 48.40 73.91 26.94 39.60 17.03 38.92
126.76 82.22 145.54 69.96 88.10 14.62 26.68 92.80 53.74 10.19 94.36 6.97 53.97 27.29 229.58 63.40 56.51 8.98 22.24 73.43 87.76 823.48 397.34 86.05 57.60 83.29 11.70 52.17 279.95 10.34 47.80 25.52 13.69 28.85 135.95 22.34 27.52 70.59 31.10 52.16 62.57 39.31 40.19 31.01 14.21 47.45 73.63 26.98 39.14 17.34 39.16
128.02 80.88 151.16 70.50 90.72 14.37 27.93 90.29 53.99 10.21 93.59 7.16 55.81 27.36 227.88 61.61 57.18 9.03 22.87 73.54 86.78 842.37 397.07 85.71 57.27 84.09 11.71 51.82 271.91 10.74 47.47 25.90 13.63 28.86 135.80 23.92 28.32 73.33 32.09 51.71 66.32 39.79 39.86 31.33 14.37 47.82 71.48 27.50 39.87 17.49 39.59
126.63 83.29 151.55 69.14 92.74 14.66 28.37 88.09 53.35 10.14 89.54 6.94 55.41 27.04 226.84 61.26 57.08 8.78 22.47 73.79 86.81 813.04 402.86 82.96 55.39 81.35 11.71 52.08 278.74 10.87 47.92 25.89 13.91 29.04 135.76 22.25 28.32 65.69 32.01 49.86 64.32 39.77 39.92 31.17 14.63 49.71 72.26 26.93 40.33 17.58 38.97
124.65 83.21 151.10 69.00 95.40 14.11 27.47 87.96 51.29 10.17 88.09 6.88 55.01 26.58 229.43 59.36 57.23 8.77 22.06 73.93 85.15 779.35 396.92 80.09 53.76 78.57 11.32 50.97 269.88 10.70 47.58 25.77 13.51 28.47 135.30 22.47 28.43 66.14 30.72 51.70 63.59 39.62 40.06 30.41 14.56 47.47 71.12 26.80 40.39 17.62 39.77
123.45 81.70 146.64 67.87 94.99 14.20 26.80 89.24 49.77 9.98 88.18 7.04 53.89 25.83 233.38 56.67 55.90 8.78 22.36 72.87 85.51 763.86 391.59 79.40 52.32 76.98 11.21 49.50 271.50 10.69 47.61 25.88 12.94 27.73 136.65 22.77 28.24 68.22 31.09 52.23 65.59 38.96 39.33 30.80 14.34 45.70 69.75 26.02 40.45 18.15 38.82
124.71 81.85 146.69 68.75 97.76 14.20 27.97 88.97 51.15 10.02 91.84 7.19 53.70 25.65 235.11 58.24 56.42 8.98 21.90 71.31 85.79 775.08 390.92 80.00 50.95 78.69 10.98 49.58 272.95 10.48 50.27 25.36 12.76 28.76 138.65 23.22 28.63 69.13 30.95 53.43 67.00 39.45 39.63 31.89 14.39 46.77 70.05 25.84 40.51 17.96 38.63
127.19 82.89 146.79 68.38 101.13 13.87 28.61 88.84 52.05 9.86 91.19 7.04 53.68 26.43 232.68 58.57 56.83 9.08 21.52 70.12 84.89 854.59 397.25 79.81 52.62 83.83 11.07 49.56 277.41 10.39 51.28 25.69 13.02 28.44 138.97 22.93 28.33 72.60 31.67 50.53 64.23 39.98 39.43 32.56 14.01 46.35 70.47 26.89 39.64 18.00 38.54
125.54 84.24 148.79 66.06 99.79 14.11 27.91 89.64 51.65 9.32 89.87 6.92 52.63 26.24 227.39 56.88 55.90 9.07 21.27 72.52 85.55 831.69 390.17 81.98 50.96 83.03 10.82 49.92 270.39 10.42 51.65 25.82 12.96 28.38 136.04 22.50 28.29 71.14 32.69 48.81 62.38 40.11 38.70 32.29 13.90 44.54 69.45 26.73 39.52 17.84 38.85
125.20 83.54 148.44 65.84 102.27 14.50 27.48 89.99 52.01 9.35 92.62 6.95 54.43 25.82 228.04 58.68 56.62 9.26 21.57 68.82 84.58 795.51 375.52 80.78 50.51 83.47 11.43 50.52 273.18 10.59 50.61 26.85 12.93 28.79 136.31 22.97 28.87 74.15 31.77 50.05 64.71 40.15 39.02 32.47 13.66 44.80 69.16 27.38 38.83 17.73 38.79
126.06 84.73 146.65 65.78 101.28 15.15 28.85 88.79 52.57 9.47 90.64 6.93 53.87 25.28 229.89 57.59 56.71 9.36 21.64 68.74 85.38 800.79 384.91 79.72 50.79 84.69 11.67 51.52 273.38 10.99 53.34 27.45 13.19 28.52 135.52 23.40 28.74 74.87 30.88 49.11 65.58 40.60 39.60 33.96 13.65 45.00 69.59 28.22 38.01 17.96 38.77
126.85 84.98 146.95 64.34 99.78 15.27 29.32 87.41 53.34 9.38 90.60 6.96 51.79 26.18 234.82 55.72 55.12 9.44 21.77 69.64 86.04 828.08 377.30 79.13 53.46 85.78 11.48 52.21 268.24 11.22 55.04 26.88 13.30 28.68 132.03 23.49 29.39 74.68 31.38 47.77 66.29 41.01 40.34 33.46 13.89 45.85 70.13 28.78 37.12 18.65 37.75
127.33 89.10 142.32 63.46 97.11 14.53 28.12 88.66 53.11 9.25 91.00 6.78 51.99 27.05 236.22 55.35 55.50 9.76 20.90 69.43 86.15 854.18 377.81 78.77 52.84 86.50 11.96 52.08 265.49 11.09 56.90 26.95 13.35 28.22 129.78 23.69 29.48 74.18 31.38 48.17 70.14 41.12 40.31 33.12 13.88 46.32 69.05 28.30 36.39 18.21 38.05
130.06 91.16 145.60 62.75 100.96 15.18 27.04 91.88 53.91 9.11 92.62 6.64 51.57 26.62 236.14 57.60 57.03 9.90 20.86 68.02 84.13 920.99 378.69 78.00 55.08 90.54 11.96 51.59 268.97 11.37 57.59 27.30 13.61 27.85 128.33 24.40 29.52 79.76 32.17 48.65 69.19 41.92 39.77 34.04 13.75 45.92 69.04 28.82 36.57 18.74 38.19
128.79 89.62 147.32 62.23 98.04 15.83 28.10 91.59 54.66 9.40 93.76 6.78 52.07 26.97 236.67 56.52 56.40 9.75 20.65 67.25 87.57 857.12 382.89 78.44 55.20 93.73 11.64 51.45 273.31 11.29 57.95 27.78 13.85 28.04 127.24 23.95 29.12 78.86 32.72 48.95 69.41 41.60 39.87 33.07 13.89 47.28 69.97 27.96 36.16 18.64 37.97
128.87 87.12 147.62 62.15 98.32 16.01 28.74 92.90 55.59 9.38 93.46 6.65 52.50 27.39 235.81 57.68 57.45 10.01 19.89 71.25 88.01 833.87 393.91 80.17 52.19 94.36 11.72 51.90 275.54 11.68 57.10 28.42 13.75 28.14 128.78 23.17 30.24 75.50 33.18 49.54 69.45 42.08 40.28 33.33 13.64 48.01 70.73 29.22 35.86 18.53 37.80
127.39 87.68 144.57 60.76 98.18 16.26 29.22 92.42 55.08 9.38 91.32 6.59 50.51 27.59 235.33 57.33 56.67 9.88 20.13 72.80 88.97 818.61 387.29 79.67 49.85 93.19 11.49 50.15 270.60 11.45 56.98 27.62 13.50 27.83 128.67 23.22 30.00 73.03 32.42 50.75 68.44 42.10 39.75 32.98 13.47 50.40 70.43 28.23 35.40 18.09 37.15
125.98 85.71 140.55 60.26 97.94 15.86 28.57 88.84 54.49 9.14 91.29 6.52 49.73 27.81 233.82 54.82 57.68 9.70 19.46 71.59 86.05 840.38 382.57 78.25 49.10 91.41 11.31 48.09 264.86 10.83 54.63 27.73 13.18 27.65 124.19 22.24 29.40 70.94 30.21 47.11 68.42 41.71 39.03 32.53 13.41 48.73 69.39 27.88 35.01 18.22 37.10
125.80 86.02 147.35 59.44 97.52 15.42 28.13 89.29 53.67 9.08 92.02 6.52 48.33 28.00 237.93 55.36 57.95 9.64 19.12 72.81 89.31 834.61 375.61 76.83 49.52 93.69 11.16 47.88 266.93 10.82 53.10 27.53 13.34 28.76 124.77 21.44 29.01 71.28 29.77 47.09 66.62 41.17 38.78 33.00 13.55 49.63 69.82 27.75 34.00 17.98 37.43
126.48 86.63 145.82 60.14 94.32 14.72 28.47 87.89 56.01 9.11 94.59 6.55 48.58 28.26 239.29 54.11 58.78 9.59 19.20 75.91 87.87 866.74 367.12 76.20 47.41 95.75 10.91 46.94 264.42 10.61 54.97 27.50 13.61 29.41 119.60 21.67 29.24 72.59 29.79 47.30 65.93 41.13 38.84 34.00 13.14 47.88 70.04 27.05 33.85 18.61 36.57
128.13 85.49 148.87 62.03 94.79 15.49 28.83 86.54 56.95 9.08 96.69 6.61 49.14 29.44 241.97 54.31 59.67 9.80 18.84 77.95 94.27 907.05 365.41 75.61 48.73 97.81 10.82 47.95 270.35 10.52 53.74 26.93 13.44 29.26 121.73 20.84 28.91 72.86 29.57 48.21 67.11 41.56 39.29 33.88 13.53 48.26 69.09 26.87 34.17 17.79 36.19
132.64 87.19 150.59 64.04 95.94 15.92 30.27 90.09 57.51 9.28 97.35 6.67 50.18 29.70 242.99 56.12 60.50 10.04 19.02 78.54 97.12 990.40 375.81 77.19 50.72 102.47 11.01 48.77 278.60 10.88 54.86 27.51 13.45 29.45 120.64 21.77 30.03 75.92 30.68 48.22 70.05 42.46 39.66 34.97 13.54 50.13 69.28 28.52 34.52 18.05 37.78
134.17 88.90 154.21 63.69 97.33 16.10 30.02 90.80 58.73 9.38 96.22 6.83 52.39 29.08 247.90 56.49 61.68 10.22 19.85 76.10 97.92 1009.69 383.69 79.69 50.56 102.88 11.24 48.74 279.64 10.95 55.71 27.40 14.07 29.07 120.37 21.91 30.24 78.56 31.75 49.83 69.94 42.73 39.52 35.12 13.51 49.10 69.83 29.31 35.02 18.67 38.08
133.06 86.55 156.35 63.30 95.21 15.94 29.76 92.38 59.05 9.38 95.43 6.79 52.18 28.72 249.10 56.82 60.79 9.93 20.27 77.68 100.34 987.18 380.34 76.80 51.27 99.36 11.03 48.40 280.57 10.60 53.78 26.96 14.09 28.08 120.29 21.50 30.16 80.81 31.45 48.91 68.27 42.48 39.51 34.62 13.65 50.71 70.44 30.17 35.16 18.54 37.38
130.47 85.50 152.57 62.58 96.43 16.01 29.89 90.93 58.48 9.12 97.01 6.81 51.72 28.01 250.20 56.68 61.24 9.68 19.63 75.75 97.14 909.96 381.85 76.65 48.23 92.59 10.89 47.34 277.40 10.89 55.00 27.47 13.75 28.03 119.41 20.87 30.10 82.72 31.09 48.95 68.36 42.19 39.78 34.43 13.65 50.81 69.87 30.54 34.76 18.41 36.31
128.85 84.62 154.80 62.58 95.00 16.31 29.51 91.90 58.11 8.91 94.12 6.89 49.71 28.03 250.15 54.18 62.17 9.44 20.29 74.03 95.56 876.49 385.81 76.48 47.01 88.38 10.62 47.42 278.25 10.98 56.55 27.08 13.79 27.95 119.71 20.29 29.68 80.89 30.93 48.27 66.95 41.58 39.88 34.07 13.80 51.08 71.72 29.62 35.20 17.97 35.19
128.67 84.89 151.48 63.56 93.88 15.97 28.75 91.77 57.67 8.89 92.00 6.99 50.18 28.07 248.69 55.29 61.28 9.19 19.65 74.05 91.64 877.27 385.13 78.13 48.19 88.02 10.70 47.12 282.14 11.39 55.94 27.27 13.92 27.39 121.68 20.32 29.59 81.35 30.57 49.83 68.20 41.02 39.62 34.23 13.88 50.62 72.19 28.92 35.17 18.03 35.65
131.26 85.82 153.96 64.96 95.01 16.47 30.75 90.79 58.86 8.64 94.56 6.90 50.52 27.73 254.11 55.26 61.33 9.04 19.38 76.34 89.55 901.63 394.30 78.88 48.97 88.66 10.66 48.31 282.75 11.43 59.25 27.84 13.90 27.66 122.31 20.94 30.19 85.08 31.62 50.40 71.87 42.16 40.20 35.55 13.99 51.42 73.89 29.55 35.73 18.66 36.12
131.28 85.69 147.50 66.23 94.55 16.39 31.43 91.74 59.32 8.71 92.79 7.03 50.29 28.57 248.38 54.39 60.99 8.97 20.07 74.88 89.60 902.73 388.76 81.67 48.75 90.31 11.00 48.39 278.31 11.35 58.92 28.03 13.45 27.69 122.08 21.64 29.76 84.92 32.64 53.34 73.26 42.13 39.67 35.23 13.83 51.81 73.01 29.40 35.89 18.76 36.39
131.07 86.40 139.70 66.81 95.85 15.87 30.48 90.93 59.08 8.65 95.13 7.08 49.94 28.45 243.81 53.67 60.54 8.95 19.06 71.51 87.40 905.82 385.93 81.75 47.89 88.02 10.73 48.14 271.36 11.59 59.38 27.77 13.64 28.31 122.36 22.36 29.47 87.44 33.45 55.34 73.93 42.07 39.13 35.23 13.73 52.56 73.50 30.04 36.09 18.75 35.89
128.78 84.95 135.40 65.83 94.15 15.86 30.00 89.92 56.89 8.44 93.67 7.03 50.25 27.93 238.41 52.74 58.33 8.92 19.00 71.46 86.61 871.80 386.56 80.15 46.02 85.44 10.98 48.35 271.82 11.39 60.78 27.94 13.23 27.72 120.56 23.00 28.60 82.30 32.44 57.09 70.65 41.64 38.66 34.61 13.60 49.86 73.23 30.56 35.61 18.74 35.57
126.46 85.18 131.18 64.48 94.19 15.75 29.81 87.16 55.82 8.30 94.48 7.20 50.38 27.05 232.78 51.14 59.10 8.78 18.95 70.53 87.68 814.25 388.39 83.05 46.26 84.45 11.25 47.06 269.06 11.10 59.68 27.71 13.13 27.36 115.65 23.43 28.15 83.90 32.22 56.39 69.21 41.85 38.26 33.79 13.74 47.73 72.07 31.75 35.19 18.65 34.35
125.67 83.86 125.67 62.49 93.16 16.22 29.50 86.44 55.76 8.26 95.04 7.06 50.42 26.91 231.98 49.94 59.73 8.59 18.18 69.08 89.03 809.77 393.15 81.23 45.23 84.73 11.10 45.96 264.87 10.87 61.88 27.64 13.43 27.51 111.70 21.90 27.47 82.21 31.86 55.11 71.41 41.81 37.73 33.29 13.77 46.95 71.67 31.84 36.11 18.71 33.42
123.72 81.55 121.19 62.28 91.47 16.64 29.64 85.73 54.54 8.08 94.03 6.97 48.61 26.86 224.96 49.32 58.70 8.50 18.77 68.23 86.50 797.60 387.57 78.41 45.44 79.90 10.77 45.19 261.01 10.52 61.12 27.50 13.14 27.00 111.41 20.64 27.70 83.09 30.95 53.04 69.98 41.44 37.42 32.86 13.62 47.43 69.24 32.09 35.39 18.21 32.99
123.52 78.15 117.63 62.65 87.97 15.73 29.84 83.78 53.60 8.05 91.49 7.04 47.79 26.48 225.57 48.41 56.51 8.31 18.60 67.44 86.33 827.66 386.26 78.57 46.09 79.98 10.85 45.17 255.91 10.06 66.41 27.43 13.61 26.16 112.86 21.26 28.20 86.99 31.41 51.17 67.54 40.75 37.56 33.00 13.36 45.50 68.06 30.86 34.88 17.96 32.31
122.60 79.15 114.49 61.23 87.34 15.59 28.92 84.80 51.06 7.72 89.32 7.05 48.27 27.26 221.13 45.50 56.36 8.17 19.38 68.32 84.64 815.04 388.44 78.52 47.47 79.18 10.69 45.17 249.92 10.34 69.20 26.35 13.90 26.24 110.34 22.20 28.09 88.08 32.62 48.38 65.05 40.68 37.41 33.16 13.11 45.67 67.76 30.61 34.12 18.14 32.17
120.78 79.66 118.21 62.39 87.18 16.00 29.36 84.58 49.78 7.64 85.10 7.05 46.62 27.17 221.47 46.08 55.31 7.82 19.47 66.67 85.90 791.31 380.16 79.18 48.18 74.68 10.70 45.11 250.14 9.98 66.09 26.16 13.54 25.23 112.29 22.55 27.67 86.84 31.48 46.00 66.73 40.43 37.03 32.33 12.85 45.80 66.66 29.64 33.17 17.35 33.04
121.79 78.41 117.76 61.47 85.94 15.69 28.90 85.13 50.08 7.70 84.46 6.96 43.85 26.77 222.17 46.49 55.90 7.75 19.22 64.29 86.88 856.81 386.90 79.47 46.94 76.36 10.84 44.41 248.10 9.66 64.41 26.05 13.46 25.00 110.02 23.20 27.39 87.76 30.83 45.74 66.12 40.11 36.43 32.93 12.58 46.30 65.25 29.91 33.60 17.10 32.33
119.52 77.32 115.56 61.45 82.73 15.86 28.03 85.88 48.75 7.63 82.19 6.98 43.14 26.59 217.45 45.07 55.65 7.69 18.24 63.38 86.91 815.79 397.00 77.56 45.65 74.13 10.75 45.05 246.68 9.53 60.92 25.82 12.79 24.69 107.75 22.33 27.75 82.41 29.87 45.01 68.78 39.67 36.39 33.02 12.48 47.56 64.44 29.33 33.84 16.92 31.70
119.22 78.33 118.46 62.25 82.14 14.91 28.41 87.30 48.17 7.50 82.49 6.95 42.16 27.07 215.28 44.77 55.46 7.51 17.92 63.66 87.63 813.15 388.49 81.05 45.50 72.70 10.74 44.96 254.36 9.50 61.29 25.91 12.75 25.08 106.54 21.41 28.32 82.13 29.73 45.10 68.25 39.33 36.08 33.11 12.23 45.44 64.34 30.04 33.63 17.00 31.66
119.46 79.86 116.15 61.46 82.93 14.66 28.62 85.36 47.64 7.57 83.77 6.91 42.65 27.42 218.93 45.38 56.82 7.73 18.64 63.42 86.55 797.76 390.58 82.43 45.42 73.88 10.64 45.84 260.43 9.67 62.83 25.72 13.10 25.14 108.85 21.42 28.12 79.84 29.43 45.78 70.11 39.98 36.02 32.94 12.27 45.63 64.80 30.28 34.41 17.03 32.53
117.53 79.68 114.43 60.43 83.54 14.59 28.94 86.39 46.86 7.73 81.75 6.97 42.16 27.09 216.83 45.32 57.10 7.63 18.60 63.38 86.89 741.17 398.60 80.62 44.84 73.86 10.69 46.48 261.26 9.66 63.19 26.44 13.16 24.92 106.84 19.43 28.06 76.73 29.67 46.40 70.66 38.98 35.18 32.50 12.11 45.28 64.87 29.08 33.56 16.60 31.52
116.84 80.33 116.33 61.03 84.12 14.49 28.78 85.42 46.21 7.52 80.04 6.77 41.91 27.78 220.59 44.49 56.57 7.65 18.24 61.94 87.26 730.46 378.29 79.58 45.86 75.90 10.74 45.60 257.45 9.60 64.47 26.06 13.36 25.20 104.73 19.44 27.71 72.97 29.21 48.70 73.01 38.29 35.24 32.09 11.90 45.31 64.04 29.72 33.51 16.23 32.63
116.99 80.99 114.91 61.00 83.36 15.13 27.68 85.57 47.14 7.49 78.91 6.85 42.92 28.27 217.48 43.31 58.42 7.87 18.29 60.82 85.68 727.65 388.17 78.20 46.83 76.97 11.03 45.18 253.07 9.77 63.93 25.98 13.02 25.25 107.15 19.53 27.69 75.14 29.08 47.03 74.19 38.29 35.22 31.62 12.03 46.25 63.75 30.55 34.09 16.65 32.16
118.81 81.08 113.77 59.71 85.49 15.41 28.00 87.85 49.53 7.37 78.78 6.81 44.36 28.23 226.03 42.55 59.02 8.01 19.25 63.56 87.06 747.10 381.41 78.55 48.72 77.40 11.29 44.39 254.27 10.01 66.07 25.90 13.14 25.44 107.12 20.25 28.23 78.88 30.43 50.39 73.80 38.68 34.69 33.03 11.94 45.60 64.11 30.76 34.24 16.90 32.33
120.03 83.06 116.58 58.99 88.23 15.88 27.73 87.34 49.68 7.63 80.27 6.80 43.79 27.80 223.87 43.26 58.05 8.27 19.26 59.80 90.14 780.41 381.25 77.01 49.39 77.99 11.48 43.69 257.52 9.83 67.11 26.13 13.44 25.61 111.72 20.27 28.90 79.15 31.25 52.19 70.62 38.83 34.82 32.99 12.05 45.10 64.10 30.69 33.82 16.84 32.07
117.58 81.26 113.08 57.56 86.76 15.96 27.68 87.78 50.19 7.35 76.89 6.70 42.53 27.60 222.03 42.40 57.89 7.98 18.25 60.02 88.99 754.55 369.09 74.60 47.10 76.91 11.22 42.06 258.90 9.87 67.06 25.51 13.16 25.15 110.19 19.02 28.46 75.39 32.39 50.02 68.19 38.51 34.26 33.02 11.75 44.07 62.80 30.51 34.43 16.61 30.35
116.24 80.25 109.10 57.43 84.99 16.30 27.34 88.83 49.47 7.27 75.79 6.49 42.23 26.93 220.03 41.57 57.87 7.93 17.81 59.51 89.09 773.36 348.99 72.90 45.87 72.83 11.04 41.72 259.93 9.58 62.86 25.30 13.18 24.99 108.98 18.80 28.48 74.39 31.91 46.00 64.44 37.87 34.03 31.83 11.87 44.29 62.38 30.56 32.74 16.55 29.45
115.45 81.66 109.67 57.38 86.22 15.50 26.71 88.15 49.19 7.33 78.44 6.56 41.78 25.75 225.05 41.25 57.37 8.06 17.62 59.54 90.89 747.67 339.90 73.99 46.19 71.24 10.99 42.18 269.37 9.59 60.23 25.52 13.02 25.16 108.93 18.88 28.72 71.17 31.46 47.17 64.46 38.18 33.90 31.89 12.02 44.54 61.03 30.60 32.58 17.25 29.34
115.21 81.46 109.40 56.99 88.04 15.05 26.32 87.53 47.87 7.23 77.11 6.54 42.07 25.71 220.71 41.26 57.15 8.28 17.06 61.34 88.65 746.48 333.22 76.39 45.63 72.96 11.52 42.64 273.90 9.79 59.94 25.82 12.74 24.96 109.98 18.92 28.73 75.68 31.59 46.55 63.26 38.06 33.81 31.60 11.74 44.54 59.91 31.47 32.16 17.21 29.47
114.89 81.52 111.46 56.96 90.70 14.99 26.10 87.79 47.96 7.13 79.85 6.65 40.87 26.10 225.87 41.08 55.92 8.59 17.67 58.69 88.34 722.78 326.11 76.72 45.01 71.64 11.61 42.82 268.38 9.96 61.58 25.92 12.74 26.00 106.86 19.04 28.57 74.83 32.26 48.61 61.96 38.06 34.13 31.93 11.52 44.06 59.56 31.64 32.04 17.42 29.88
115.04 80.28 114.13 55.35 89.99 15.60 26.69 88.74 47.82 7.14 77.97 6.67 41.32 26.04 225.47 39.34 55.19 8.92 17.36 59.65 86.93 721.02 333.19 77.04 45.35 72.30 11.77 42.93 262.39 10.16 61.78 25.92 12.82 26.20 106.44 19.20 28.02 74.04 33.38 46.53 64.08 38.20 34.06 31.35 11.78 44.36 60.39 30.40 31.95 17.32 30.56
116.30 80.83 116.86 56.86 88.72 15.63 26.30 88.06 46.89 7.00 79.86 6.64 42.05 26.30 222.13 39.20 54.47 8.83 18.73 59.11 84.88 765.13 337.24 78.08 45.36 74.27 11.82 43.25 263.23 10.11 62.60 26.61 12.56 25.92 103.25 19.93 28.59 77.10 32.79 46.07 64.28 38.28 34.39 31.63 11.49 44.12 60.27 29.55 31.94 16.88 31.06
113.24 79.85 120.20 56.08 89.14 15.58 25.02 86.21 46.46 7.01 77.39 6.50 40.85 26.04 217.70 38.60 54.18 8.60 17.82 57.06 84.89 701.66 327.50 74.81 44.24 73.67 11.52 44.24 263.22 9.94 61.65 26.85 12.07 25.38 101.87 19.04 28.05 76.51 33.54 44.63 62.58 37.86 33.94 31.32 11.21 44.02 59.11 29.38 31.57 17.10 30.96
114.22 79.26 121.89 56.74 89.78 15.29 23.88 88.03 46.38 7.25 77.28 6.57 40.19 26.58 223.00 40.06 56.27 8.79 17.76 60.80 87.10 698.52 324.86 76.05 43.74 74.82 11.58 44.16 258.64 10.20 62.15 26.42 12.41 25.92 103.08 18.76 28.24 81.21 33.42 47.29 63.99 37.93 34.26 31.75 11.06 44.89 60.76 30.57 31.85 17.84 31.91
113.52 80.06 120.26 55.79 88.95 15.73 23.66 87.60 45.28 7.14 76.02 6.65 39.06 27.12 224.51 39.49 55.80 8.39 17.92 59.98 87.29 680.73 326.40 77.60 42.98 75.41 11.58 45.58 256.35 10.19 64.52 26.17 12.48 26.48 104.52 18.43 28.23 78.99 33.67 48.22 62.62 37.79 33.94 31.83 11.19 44.75 61.12 30.68 30.71 17.62 30.76
110.99 77.52 118.19 54.92 85.52 15.29 24.13 87.02 45.03 6.85 75.27 6.71 37.09 28.34 224.05 39.04 54.15 8.22 18.26 59.53 87.51 654.32 310.54 75.84 42.35 71.08 11.12 43.96 250.07 9.95 63.00 25.58 12.46 26.55 102.06 17.23 26.89 75.01 33.18 46.48 60.57 37.42 33.86 31.37 11.11 45.22 59.98 30.28 30.34 16.90 29.85
113.11 78.76 123.05 56.68 85.47 15.22 24.18 86.74 45.50 6.88 72.15 6.76 38.61 27.58 228.65 38.41 54.63 8.27 19.09 58.79 84.60 707.25 309.16 76.70 43.25 77.46 11.20 43.30 248.94 10.15 66.12 26.40 12.59 26.76 100.55 17.87 27.43 79.22 32.91 49.01 58.45 37.99 33.97 32.26 10.96 45.68 59.41 29.77 31.00 16.79 30.42
114.42 79.01 123.51 57.50 86.91 15.44 24.87 86.58 45.70 7.05 73.95 6.90 38.62 28.37 231.69 39.18 56.62 8.39 19.99 60.07 89.86 682.66 311.74 79.03 44.83 80.19 11.43 43.71 253.28 10.18 67.08 26.98 12.75 26.76 100.90 18.60 28.23 83.58 35.24 49.16 59.65 37.93 34.03 32.83 11.13 46.34 60.30 30.78 31.65 17.29 31.63
112.68 78.76 114.83 57.56 86.83 14.71 23.96 83.14 44.52 6.99 73.36 6.58 38.93 27.22 221.63 38.75 58.35 8.33 20.04 60.71 85.30 670.75 306.79 78.53 44.03 77.63 11.33 42.72 241.55 10.43 67.62 27.16 12.55 26.42 100.43 18.85 28.00 82.41 34.61 48.70 57.29 37.44 33.77 32.40 11.08 45.77 59.70 30.59 31.64 16.87 32.20
114.71 80.34 112.95 58.75 86.61 15.10 24.96 84.76 46.30 7.44 74.45 6.69 39.48 28.22 223.78 40.22 58.97 8.28 21.84 61.64 86.82 682.87 310.25 77.64 44.17 80.68 11.62 43.54 245.17 10.95 68.34 26.73 12.85 27.12 103.19 17.92 28.22 83.78 37.67 51.51 57.66 38.02 34.07 32.90 11.22 47.42 60.22 30.29 32.09 16.88 33.09
113.49 80.49 114.60 59.80 86.99 15.79 25.04 84.17 45.43 7.48 75.88 6.57 38.53 29.22 223.21 41.35 59.64 8.19 20.31 61.67 86.28 625.43 309.09 77.12 43.09 83.00 11.44 43.93 244.24 10.90 68.88 26.95 13.05 26.88 105.64 18.13 28.04 82.92 36.23 52.59 56.81 38.52 34.57 33.27 11.05 48.29 60.69 31.25 32.26 16.93 33.68
113.80 78.95 115.32 60.44 85.86 15.62 24.93 82.30 45.50 7.34 75.88 6.62 37.60 28.82 225.47 41.61 59.55 8.06 21.21 59.42 86.98 658.22 302.67 75.94 43.19 82.42 11.48 45.50 237.57 10.93 68.35 27.08 13.13 27.46 104.63 18.26 28.26 88.33 34.85 50.79 54.70 37.76 34.57 32.47 10.95 48.13 59.81 32.50 31.96 16.84 32.98
114.38 76.63 119.42 59.45 83.80 15.67 25.90 81.83 45.65 7.38 74.24 6.67 36.64 29.02 229.54 40.74 58.76 7.81 21.03 59.31 87.50 677.29 296.88 77.21 43.37 81.67 11.33 45.55 248.06 11.02 69.65 27.30 13.18 27.38 103.03 18.23 28.51 87.05 34.56 50.05 56.71 37.87 34.73 32.93 10.99 47.27 60.42 32.66 31.81 16.95 33.63
114.92 75.67 120.95 59.29 84.33 14.84 25.42 82.09 45.45 7.14 76.58 6.86 37.39 28.27 232.75 40.69 57.97 8.13 20.25 60.99 86.84 689.55 297.19 77.75 43.97 79.06 11.43 45.25 250.41 10.73 68.72 27.52 13.43 27.63 104.08 17.90 29.21 83.03 34.12 48.77 58.05 38.84 34.70 34.05 11.31 45.45 59.76 34.41 32.72 16.81 34.62
113.31 75.78 120.48 58.71 84.19 14.11 25.56 82.05 45.64 7.00 75.26 6.78 36.37 27.76 233.96 41.10 56.46 8.13 21.41 59.52 84.22 652.07 296.25 78.81 43.41 73.78 11.60 45.06 249.64 10.64 67.27 26.82 13.24 26.96 100.89 17.88 28.60 88.21 32.60 49.54 58.70 38.38 34.91 33.99 11.45 45.77 59.18 34.27 32.45 17.02 34.81
113.82 76.45 120.44 59.15 85.52 13.76 26.60 82.17 45.58 6.95 75.61 6.70 36.40 27.88 233.55 41.53 56.02 8.03 20.88 59.07 82.40 666.03 293.95 80.60 44.08 74.90 11.75 45.31 242.72 10.74 66.80 26.98 13.37 26.39 101.01 17.76 29.26 92.14 32.87 49.05 57.28 38.57 35.02 34.17 11.44 45.31 59.48 34.76 31.99 17.06 33.12
114.81 76.72 120.44 58.00 88.33 14.13 26.82 81.30 45.82 6.97 74.79 6.63 37.27 27.70 230.62 41.33 54.89 7.97 21.31 62.31 83.33 677.43 297.61 78.12 45.38 77.20 11.73 45.99 234.38 11.05 68.11 27.30 13.72 26.38 98.93 18.94 29.37 92.84 34.66 50.40 56.47 39.18 35.11 34.00 11.11 45.18 59.64 36.18 31.97 17.53 33.54
116.67 78.96 126.04 57.28 91.12 14.29 26.91 83.09 46.03 7.10 73.42 6.55 37.69 27.77 234.08 40.33 56.14 8.06 22.08 63.61 83.92 698.36 298.57 79.53 46.72 77.61 12.30 45.56 235.15 11.48 69.55 28.03 14.09 26.71 99.04 18.85 30.40 98.30 36.04 49.69 57.35 39.63 35.76 33.51 11.18 46.10 59.15 36.65 32.29 17.95 34.53
119.04 79.97 124.90 57.67 92.10 14.27 28.01 82.97 46.69 6.91 75.94 6.54 37.92 29.17 239.82 40.79 55.52 8.02 22.00 65.38 83.67 751.95 296.77 80.19 48.48 81.13 12.19 46.39 239.66 11.68 71.19 27.98 14.34 26.33 100.88 19.50 29.80 102.83 36.84 51.63 57.62 38.93 35.66 33.90 11.16 45.62 58.88 36.31 31.60 17.56 35.33
120.54 80.27 123.88 58.43 90.47 14.76 28.09 82.59 49.04 7.19 76.52 6.40 38.21 29.47 240.64 39.70 55.20 7.89 21.69 68.05 85.57 782.83 302.80 80.86 47.77 80.56 12.19 47.02 238.14 11.70 72.76 28.32 14.40 27.14 101.00 20.10 29.26 102.10 37.78 50.25 61.60 38.83 35.80 34.45 11.17 47.30 58.53 36.92 31.27 18.10 35.36
122.39 81.64 129.40 61.13 94.34 14.56 29.91 83.67 50.54 7.32 77.89 6.59 39.92 30.58 247.92 40.46 56.68 7.92 21.79 67.56 89.21 742.38 313.19 81.42 46.94 84.81 12.39 49.60 243.26 12.46 72.29 29.33 15.07 27.56 105.81 21.24 30.25 102.31 40.35 52.56 62.28 40.15 36.50 35.50 11.68 50.57 59.86 35.42 32.10 19.25 36.19
123.06 81.54 133.50 62.59 95.51 14.39 30.60 84.19 52.39 7.54 79.66 6.64 41.19 29.99 245.74 43.01 58.90 7.94 21.87 65.60 90.22 726.71 317.81 83.30 46.96 85.11 12.42 47.21 254.51 12.66 70.63 29.10 15.16 27.52 106.15 21.94 31.06 105.87 41.71 50.74 62.03 40.78 36.25 35.31 11.85 53.20 61.04 36.09 32.21 19.20 36.15
121.99 82.47 133.73 62.38 94.62 14.30 29.51 84.44 52.71 7.62 78.95 6.61 40.82 30.29 243.83 43.14 61.14 7.84 22.74 64.66 90.89 707.22 327.29 77.99 47.29 81.23 12.19 47.30 254.83 12.14 67.07 29.74 14.75 27.32 107.13 21.20 30.77 101.82 41.82 48.44 62.82 40.59 35.97 35.38 11.80 54.69 60.46 36.38 31.73 18.54 35.99
120.89 82.18 129.84 61.49 93.15 13.54 28.52 82.77 53.98 7.75 78.13 6.43 40.13 30.30 243.75 43.29 58.76 7.63 22.47 62.00 88.36 708.66 317.46 78.59 46.37 87.49 12.06 46.45 255.33 12.21 64.82 29.13 15.02 26.63 103.58 22.09 30.63 101.72 41.22 46.32 65.52 40.23 35.71 35.42 11.69 55.32 59.06 36.72 31.12 18.18 35.41
120.72 79.29 124.64 60.62 92.38 13.77 27.99 82.33 54.15 7.47 80.76 6.50 39.58 30.67 238.47 42.09 59.59 7.65 21.10 63.16 87.16 716.40 323.77 77.48 46.19 85.98 11.87 47.30 255.37 12.47 64.66 28.60 15.37 26.80 104.22 21.64 30.38 100.40 41.67 46.20 65.95 39.75 35.51 34.76 11.70 55.85 58.98 37.27 31.07 18.49 34.09
121.39 76.49 127.33 60.86 93.56 13.22 27.77 85.16 52.55 7.57 80.12 6.60 38.56 30.79 243.24 42.75 59.99 7.65 21.96 61.19 87.16 726.98 324.60 78.26 46.08 91.01 12.02 46.61 251.59 12.65 65.83 29.17 15.43 26.53 103.40 21.38 30.41 102.08 42.49 46.29 65.49 40.00 35.46 35.18 11.82 55.81 58.83 36.23 31.54 18.17 35.12
121.75 77.62 123.66 62.62 93.48 12.79 29.28 84.92 53.04 7.44 80.82 6.49 37.89 30.59 244.35 43.41 59.63 7.68 22.02 60.17 83.78 720.10 317.46 75.85 46.26 92.26 12.34 46.12 247.37 13.13 64.80 28.97 15.47 26.40 103.29 22.20 30.19 104.79 43.66 48.03 67.55 40.27 35.69 35.57 11.85 56.00 58.30 36.80 31.97 18.69 36.53
119.21 76.83 119.22 60.98 92.70 12.17 28.16 83.04 52.95 7.29 80.02 6.58 37.67 31.26 238.18 43.25 59.11 7.44 23.04 59.14 82.53 663.80 305.38 75.57 45.53 90.37 11.87 45.94 248.93 13.06 65.63 29.38 15.56 25.65 102.61 22.22 29.85 104.71 43.43 46.70 68.00 40.48 35.36 34.90 11.87 56.32 57.48 35.95 31.37 18.53 37.69
119.38 76.75 119.80 62.57 90.72 12.34 28.09 83.71 54.10 7.29 79.65 6.58 36.54 31.74 233.69 43.64 58.70 7.43 22.79 58.18 84.53 652.84 311.14 73.90 45.87 90.52 11.70 45.16 256.93 13.18 70.68 29.19 15.94 26.22 106.84 21.93 30.03 101.86 44.19 47.44 68.46 40.27 35.24 35.38 11.86 57.07 57.16 36.51 31.61 18.70 37.71
118.22 76.00 115.14 63.41 88.24 11.65 28.81 84.01 53.52 7.44 80.05 6.58 35.88 32.13 230.63 43.28 57.73 7.24 22.85 57.11 79.59 649.65 301.71 72.04 47.24 93.23 11.70 46.32 254.80 13.20 72.00 28.45 16.03 26.40 103.53 20.95 30.26 97.49 44.10 48.57 66.12 40.09 35.41 34.75 11.57 55.51 55.47 35.69 30.92 18.51 36.07
119.98 75.14 114.33 62.23 88.31 12.00 29.29 82.62 53.20 7.13 79.89 6.43 36.06 31.14 229.65 42.86 58.59 7.22 23.69 57.79 77.09 682.22 316.84 72.46 49.31 101.87 12.14 45.29 249.57 13.50 74.29 28.67 15.83 26.13 102.06 22.77 30.64 99.14 45.33 48.58 65.07 40.07 35.66 35.17 11.79 53.94 56.08 36.82 30.94 18.66 36.80
117.51 71.94 115.65 61.38 85.79 11.77 29.07 81.94 52.16 6.99 80.05 6.29 36.23 30.32 229.18 41.94 59.22 7.15 23.16 56.93 75.96 628.08 313.45 74.40 48.73 100.22 11.76 45.26 254.04 13.30 74.65 28.66 16.38 25.25 100.27 22.98 30.42 92.83 45.63 48.94 64.13 39.92 35.89 34.47 11.61 52.86 55.59 34.78 31.10 18.29 35.93
115.98 69.14 115.70 61.65 83.32 11.31 27.32 80.48 51.73 6.70 76.60 6.09 37.25 29.03 224.13 40.98 58.01 7.16 23.65 55.19 72.25 639.37 311.74 73.82 51.24 99.31 11.33 42.56 236.20 12.99 75.75 28.01 15.88 24.28 95.69 23.77 30.29 97.00 45.24 49.35 60.47 39.22 35.41 34.00 11.09 50.44 54.84 35.48 30.85 17.74 34.37
112.58 69.63 113.66 61.64 80.83 11.12 28.65 78.89 50.09 6.64 75.60 5.81 37.36 28.37 223.02 41.01 55.17 6.86 22.47 54.39 69.59 577.83 302.48 71.41 51.34 99.07 11.06 41.32 231.12 12.71 72.95 27.25 15.64 24.11 92.01 22.71 29.66 92.34 43.64 49.25 58.57 38.21 34.83 33.64 11.11 48.87 53.82 35.61 30.49 17.04 33.33
111.31 66.86 109.14 61.35 79.58 10.34 27.31 77.34 47.22 6.41 74.63 5.71 36.76 28.81 216.41 41.27 53.37 6.76 23.36 52.38 69.19 594.97 289.03 68.96 53.28 98.05 10.77 41.22 218.69 12.77 73.23 26.56 15.19 24.08 90.00 21.83 29.31 89.72 45.68 47.30 59.87 37.29 34.58 33.07 10.80 47.54 52.91 33.71 30.68 16.82 32.32
110.31 68.31 102.78 60.79 78.69 10.30 26.71 78.79 46.49 6.49 72.91 5.80 37.09 29.19 219.98 41.80 54.16 6.61 23.15 52.27 69.47 589.45 278.25 68.58 52.89 100.77 10.66 40.48 218.10 12.65 73.55 26.41 14.87 23.59 90.09 21.67 29.24 87.73 43.31 47.28 60.84 37.44 34.40 32.99 10.57 45.31 53.47 32.54 29.68 16.83 30.87
109.93 66.59 106.85 61.02 77.50 10.11 26.92 78.23 47.45 6.28 73.22 5.89 35.84 29.60 219.55 42.17 54.15 6.58 23.34 54.12 71.84 578.24 280.10 68.93 50.87 96.09 10.63 40.16 216.77 12.87 72.73 27.02 14.79 23.57 89.07 20.28 29.69 90.49 42.29 46.25 59.80 37.60 34.97 33.21 10.78 45.28 53.78 32.74 30.10 17.04 30.60
110.24 68.10 111.40 62.40 76.04 10.50 26.40 77.98 48.24 6.36 74.02 5.98 36.79 29.24 217.58 43.73 54.69 6.65 22.49 55.16 71.74 579.75 283.41 68.04 49.80 94.11 10.57 40.17 215.92 12.85 71.36 27.00 15.30 23.85 92.84 20.55 30.32 86.74 41.87 47.53 61.27 37.33 35.38 32.94 10.88 45.91 54.01 32.72 29.98 17.02 31.25
109.05 69.17 112.74 62.18 74.78 10.42 25.46 77.65 47.67 6.58 74.97 5.91 36.25 28.36 218.10 44.50 55.50 6.72 21.80 54.41 71.85 562.24 279.38 68.28 48.38 90.73 10.69 40.82 217.05 12.71 68.64 26.96 15.32 23.93 90.72 20.64 29.61 87.41 40.47 47.93 61.15 37.51 35.19 32.23 10.88 45.20 54.51 32.03 30.33 16.83 30.50
106.84 68.80 110.06 62.16 73.70 10.39 25.57 75.75 47.35 6.54 74.03 5.80 36.24 27.54 214.23 43.74 55.29 6.68 21.59 55.28 70.26 524.72 275.92 67.51 47.59 89.59 10.59 41.26 208.74 12.25 64.71 26.77 15.64 23.98 90.22 19.74 29.07 84.26 39.01 48.23 60.87 37.26 35.02 31.98 10.63 44.82 53.59 31.93 30.33 16.74 30.00
106.94 68.95 108.84 62.71 73.61 10.60 25.10 76.41 47.03 6.43 74.49 5.94 35.62 28.14 213.77 45.69 56.90 6.58 22.12 54.46 71.53 534.46 264.48 64.81 49.78 89.06 10.28 43.67 209.03 12.08 63.95 25.90 15.16 23.75 91.70 21.22 28.54 86.75 37.72 46.82 62.78 36.94 35.58 32.28 10.45 46.10 53.47 30.84 30.13 16.43 29.52
106.35 67.84 107.98 62.32 73.42 10.48 24.06 76.71 48.18 6.37 75.24 6.02 35.07 26.87 214.41 43.72 56.99 6.45 21.53 53.90 69.83 547.55 268.85 65.49 49.21 90.33 9.96 42.30 205.16 11.82 62.64 25.90 14.95 23.53 88.40 20.97 28.92 86.09 38.45 46.62 61.17 36.03 35.23 31.24 10.39 46.19 51.81 31.29 29.86 16.30 28.50
104.91 69.77 105.01 61.66 75.20 10.25 24.17 77.13 48.65 6.32 72.68 6.19 35.82 26.25 215.13 42.44 57.61 6.43 20.66 54.49 69.12 504.99 269.48 65.51 47.90 88.63 10.24 41.17 213.65 11.69 60.56 25.93 14.94 23.70 88.90 20.17 28.65 84.84 38.80 46.30 59.46 36.39 35.63 31.18 10.49 44.74 51.28 31.24 29.84 16.50 29.23
105.62 68.92 104.94 60.38 76.67 10.31 24.34 78.72 49.08 6.32 74.12 6.25 35.82 26.33 214.42 42.59 56.53 6.66 20.28 54.38 71.34 497.76 281.63 66.71 49.37 90.18 10.13 40.42 214.88 11.46 59.42 26.66 15.25 23.24 91.19 20.71 28.48 85.50 39.26 47.65 62.04 36.85 35.80 31.31 10.48 45.43 51.37 31.35 31.07 16.61 29.74
105.69 70.12 105.87 60.54 74.99 10.58 25.42 79.91 50.57 6.30 74.80 6.20 35.00 25.76 211.02 44.13 58.49 6.54 21.46 54.66 72.72 464.76 287.61 66.43 49.43 92.73 10.10 40.77 213.37 11.15 62.09 26.70 14.57 23.20 93.89 21.52 29.19 89.34 41.08 48.17 60.38 36.90 35.84 31.22 10.55 45.20 52.17 32.47 31.33 16.37 29.49
104.84 68.87 106.18 60.35 74.49 10.14 25.48 79.74 50.18 6.26 73.08 6.10 35.20 25.08 213.16 45.02 58.42 6.48 21.49 52.53 71.09 452.82 279.83 67.17 49.88 95.61 10.01 39.93 212.57 10.74 61.94 26.47 13.97 22.77 93.01 21.77 29.77 88.76 39.96 46.85 63.37 36.88 35.41 31.11 10.56 45.57 52.57 32.15 31.10 15.95 28.60
105.49 68.14 109.98 60.87 74.63 10.06 25.67 79.52 50.13 6.49 71.99 5.97 34.84 25.69 218.32 44.20 58.77 6.52 22.79 52.02 72.56 451.19 285.20 68.27 51.70 94.75 10.02 40.53 209.96 10.92 61.26 26.14 14.32 22.92 93.45 22.69 28.67 90.36 42.79 46.40 64.85 36.53 35.54 30.21 10.52 45.21 52.66 32.66 31.24 16.34 29.26
105.48 66.99 108.06 59.27 75.58 9.85 25.90 80.96 49.35 6.51 70.53 5.87 35.12 25.27 216.00 44.60 55.59 6.57 23.19 52.19 71.89 443.43 287.55 68.10 52.32 96.92 9.97 40.16 205.14 10.84 62.66 26.41 14.73 22.50 90.83 22.32 29.24 100.83 42.70 46.29 64.16 36.86 34.97 30.87 10.15 45.71 52.97 33.07 31.90 16.63 29.32
107.33 66.42 110.24 59.44 76.09 10.19 26.10 83.03 50.62 6.70 71.05 5.79 37.30 25.72 217.41 44.42 56.21 6.64 24.91 53.24 74.16 446.63 289.99 66.47 53.85 98.30 10.28 40.89 207.22 11.02 61.61 27.08 14.83 23.02 90.36 22.69 29.24 106.25 44.38 47.28 64.22 37.07 35.06 31.57 10.40 47.04 54.07 35.18 32.18 17.23 30.24
108.48 67.04 112.89 60.57 75.09 10.22 25.72 83.34 50.32 6.88 72.16 5.83 37.47 26.34 220.53 46.01 59.87 6.77 24.45 54.23 73.47 445.85 298.23 68.01 53.37 96.81 10.62 41.41 209.76 11.01 64.17 26.95 14.84 22.68 91.60 22.57 29.76 107.66 45.91 47.42 63.96 37.65 34.68 32.05 10.47 48.52 55.72 35.77 33.35 17.52 31.15
108.54 68.62 113.08 60.81 76.70 10.44 24.97 84.85 52.02 6.82 70.63 5.70 38.42 26.57 219.31 46.54 59.71 6.89 23.42 55.07 74.76 421.12 296.85 68.96 53.72 94.29 10.69 42.13 210.02 11.27 62.59 27.09 14.92 23.65 91.94 22.95 29.99 112.14 48.45 47.59 64.46 38.19 34.05 32.43 10.44 48.31 55.88 36.18 33.40 17.77 33.03
110.90 67.97 115.31 62.86 76.64 10.43 25.65 85.49 51.35 6.84 73.05 5.68 39.25 27.05 218.89 48.87 60.24 6.95 24.39 57.73 75.11 463.62 305.87 70.77 55.32 98.59 10.64 41.48 210.13 11.44 63.65 27.14 14.58 24.23 93.51 22.38 30.36 110.63 50.08 48.61 62.92 38.39 34.56 33.43 10.52 48.75 56.01 35.46 33.74 17.97 34.57
111.21 68.53 115.56 64.30 76.74 10.34 25.63 82.55 53.31 6.76 72.96 5.84 38.07 26.96 219.02 49.82 59.06 6.70 24.74 56.35 77.31 482.26 307.55 68.68 55.11 95.91 10.63 41.48 212.44 11.45 64.18 26.86 14.79 24.28 91.96 22.23 30.13 114.63 51.72 48.31 62.29 37.88 34.31 32.30 10.53 48.41 56.21 34.88 32.86 18.40 35.46
111.53 68.13 115.98 63.60 76.11 9.53 24.96 82.32 52.59 6.55 71.86 5.76 38.36 27.10 217.11 48.65 56.81 6.88 24.84 56.72 74.13 513.54 307.14 69.51 56.91 99.68 10.51 41.40 208.93 11.38 64.88 26.48 14.73 24.25 89.84 21.63 30.35 111.43 54.85 48.76 60.31 37.83 33.48 32.64 10.22 46.63 54.21 35.53 33.25 18.88 35.04
111.30 68.30 116.98 65.16 73.95 9.32 23.84 82.82 53.67 6.46 73.92 5.81 38.97 27.47 218.40 48.83 57.79 6.79 24.62 57.15 75.40 502.40 306.43 70.99 58.12 98.48 10.43 41.86 209.63 11.55 65.32 26.54 15.16 23.92 88.76 20.61 30.83 104.58 55.68 48.54 58.26 38.16 33.77 33.06 10.31 47.17 54.25 35.47 34.19 18.78 35.15
112.20 71.32 117.39 64.51 74.83 9.36 24.19 82.54 54.14 6.71 74.90 5.90 38.53 27.48 217.81 50.69 58.64 6.79 25.04 57.94 73.88 509.49 305.84 72.78 56.31 99.46 10.71 42.59 212.13 11.27 66.01 26.69 14.78 24.34 89.22 20.59 31.03 113.31 55.31 47.81 60.73 38.40 33.64 33.44 10.58 45.84 55.34 36.01 34.40 18.34 34.86
111.65 71.39 119.04 64.09 75.28 9.03 24.19 81.48 52.66 6.75 75.36 6.12 38.28 28.03 219.70 51.22 58.25 6.96 25.23 56.29 74.16 494.56 310.69 73.18 55.09 99.00 10.72 43.55 213.52 11.23 65.79 26.60 14.61 25.19 92.10 21.17 30.79 107.32 54.44 47.72 59.71 37.85 34.00 33.53 10.91 47.17 55.28 34.15 34.71 18.34 33.24
111.01 69.74 116.19 64.12 74.75 8.70 24.63 79.75 52.26 6.65 75.24 6.16 37.88 27.91 219.17 50.74 58.77 6.83 25.15 55.61 71.19 521.69 301.78 72.68 52.82 101.58 10.48 42.41 208.83 10.71 62.82 26.57 14.26 25.27 92.94 21.01 30.10 104.92 51.94 47.43 59.85 37.52 34.05 32.35 10.90 45.35 54.88 33.99 34.59 18.10 32.94
108.04 68.97 114.58 63.01 70.82 8.21 23.08 78.68 52.14 6.39 72.66 6.13 37.18 26.51 213.82 50.07 56.90 6.64 23.91 55.01 72.52 489.80 289.14 71.82 50.38 98.27 10.16 42.04 207.23 10.52 63.67 26.71 13.93 24.78 92.38 20.63 29.93 101.34 49.52 47.08 58.54 37.29 33.80 31.89 10.98 44.03 53.88 33.98 34.46 17.84 32.55
106.39 67.90 114.02 63.16 70.29 8.43 21.94 78.13 51.83 6.56 71.72 6.22 36.22 27.04 212.67 50.23 57.18 6.29 24.04 53.30 74.21 472.56 278.39 69.98 49.82 96.25 10.08 42.45 208.11 10.42 59.98 27.07 13.35 24.35 93.03 20.75 29.28 94.27 48.55 48.51 57.46 36.68 33.69 31.75 10.70 43.69 53.74 34.12 33.79 17.48 31.22
104.52 65.93 111.51 63.05 70.59 8.29 21.19 76.44 51.44 6.43 69.90 6.06 34.02 26.03 212.89 50.60 55.46 6.25 23.73 52.72 74.58 448.46 274.14 69.34 48.84 96.88 10.06 41.85 218.64 10.04 56.73 26.34 13.12 23.57 91.20 20.15 29.56 92.73 49.12 47.26 54.76 36.57 33.57 32.06 10.85 42.75 53.11 35.46 33.89 16.92 31.05
104.40 66.24 111.64 61.09 71.74 8.10 22.09 77.30 50.39 6.39 68.15 6.19 33.90 26.22 213.85 49.74 55.30 6.23 24.16 53.26 73.55 448.81 270.09 70.62 48.13 97.04 10.06 40.16 221.56 10.02 56.50 26.71 13.57 22.87 90.33 20.75 29.81 92.06 49.64 48.05 54.49 36.14 33.39 31.80 10.81 42.89 52.12 34.03 34.29 16.72 32.16
104.30 66.85 112.19 60.94 70.39 7.99 22.07 77.77 51.46 6.60 68.24 6.28 33.30 26.96 213.45 49.66 55.55 6.19 23.57 51.09 73.26 457.68 267.18 69.97 47.84 93.57 10.07 40.24 215.49 9.91 53.59 26.72 13.57 23.45 90.23 20.74 29.75 94.26 47.88 47.73 53.74 36.25 34.23 31.81 11.08 43.28 52.11 33.90 34.25 16.70 31.83
105.33 68.98 114.99 61.39 70.99 8.22 22.92 78.01 52.12 7.03 68.77 6.58 32.42 27.23 218.93 50.93 55.78 6.04 23.55 49.14 73.67 466.49 271.88 70.24 47.91 95.06 10.03 41.88 224.91 10.27 53.76 27.39 13.47 23.10 94.81 20.54 29.74 90.18 46.87 49.25 53.84 36.59 34.50 31.86 11.44 42.47 52.38 33.95 34.34 16.75 32.49
105.27 70.08 114.54 61.01 70.87 8.15 21.83 76.59 51.01 6.84 69.35 6.53 32.17 26.65 216.04 50.59 56.17 6.00 23.29 48.46 75.67 474.37 271.30 69.54 48.60 96.58 10.01 42.49 226.25 10.18 52.84 27.37 13.51 23.52 93.96 21.01 29.60 88.53 46.06 48.80 55.74 36.60 33.93 32.26 11.20 41.74 52.49 34.34 34.43 17.26 32.70
105.25 70.84 113.14 60.96 71.56 7.89 22.24 76.34 51.46 6.73 68.65 6.56 32.38 26.79 217.05 50.65 55.71 6.04 23.68 47.54 78.93 483.82 262.81 70.57 49.15 94.35 10.06 42.58 223.18 10.22 54.82 27.07 13.50 23.54 94.36 21.90 29.85 86.25 45.35 47.45 54.73 36.79 33.80 32.11 11.16 43.15 51.94 32.88 34.95 17.36 32.43
102.91 70.17 108.31 58.64 70.22 7.54 22.57 74.83 50.01 6.76 67.53 6.43 31.48 26.20 210.50 50.38 54.64 5.96 23.08 45.44 79.90 445.88 258.73 68.16 47.64 90.21 9.77 42.09 220.92 10.15 53.38 26.90 13.42 23.48 91.59 21.10 29.79 88.62 44.31 46.93 53.81 36.50 33.49 31.88 11.05 42.80 51.72 33.10 34.96 16.97 31.86
102.26 70.36 108.60 58.01 70.93 7.74 22.25 75.41 49.32 6.81 67.57 6.45 30.93 26.46 207.93 50.00 53.31 6.00 23.09 47.61 78.46 433.47 256.01 66.15 47.27 90.48 9.73 43.89 224.14 9.96 51.36 26.84 13.50 23.89 92.26 20.19 29.37 87.23 42.73 46.61 55.13 36.45 33.62 31.62 11.12 41.97 52.15 33.30 34.89 17.11 32.60
101.47 70.93 110.39 57.86 70.38 7.83 23.09 75.33 49.72 6.57 67.82 6.51 30.23 25.81 206.42 49.61 54.04 6.01 22.85 46.60 79.04 414.74 256.88 66.50 47.18 88.20 9.69 43.84 222.30 9.70 50.27 26.47 13.80 24.07 94.75 20.46 28.67 87.13 41.51 47.14 55.99 35.89 33.45 31.61 11.24 40.33 52.17 32.41 34.40 16.39 33.00
102.69 71.11 110.38 59.90 68.14 7.75 24.41 75.48 49.15 6.55 68.17 6.64 30.29 26.17 210.90 50.37 53.93 5.98 23.29 46.66 76.97 432.21 260.60 67.37 47.41 88.70 9.75 43.62 225.17 9.43 51.61 26.41 13.95 24.21 98.65 20.70 28.33 86.35 43.11 49.74 53.07 36.39 33.95 32.12 11.61 38.65 52.65 33.14 34.96 16.48 33.02
103.20 71.68 108.57 61.53 67.52 7.76 24.72 75.45 51.13 6.64 69.96 6.90 30.27 26.35 212.43 51.15 54.40 5.89 23.70 49.03 78.14 437.18 261.01 66.44 48.07 88.38 10.07 43.73 229.23 9.42 54.85 25.80 14.13 24.18 99.27 19.93 28.34 86.23 42.93 49.27 53.71 36.63 34.32 31.73 11.74 39.35 51.88 32.62 34.12 16.60 32.86
104.54 73.31 111.70 60.45 68.19 7.93 24.45 76.67 51.41 6.72 72.97 6.97 30.27 26.84 210.17 50.81 55.03 5.86 24.35 50.84 78.62 449.66 274.16 68.73 50.57 87.41 10.28 43.88 226.86 9.57 57.73 25.73 14.69 24.04 100.35 20.30 28.37 91.44 41.75 49.00 53.04 37.09 34.54 31.71 11.72 40.88 52.17 32.72 33.87 16.94 33.11
103.59 71.69 111.57 60.22 69.35 7.95 25.21 76.13 52.28 6.67 72.98 6.74 30.32 26.22 204.23 52.55 56.93 5.72 23.54 50.84 77.52 410.49 281.12 65.43 50.27 89.42 10.09 43.01 229.27 9.37 57.48 25.56 14.93 23.55 100.75 20.03 27.80 89.41 42.32 51.98 54.72 36.58 33.82 31.30 11.55 41.01 52.33 33.39 33.69 16.51 33.39
102.91 70.75 112.53 59.17 69.79 7.70 25.06 75.41 50.33 6.63 70.03 6.65 29.50 26.50 199.77 51.56 56.73 5.81 23.81 51.84 76.59 397.18 278.66 67.16 50.89 87.12 10.09 42.68 224.15 9.75 59.84 25.22 14.14 23.11 100.47 20.56 27.46 88.33 43.42 52.90 55.20 36.15 34.25 31.52 11.50 40.77 52.38 33.51 32.88 16.59 32.97
103.42 71.07 111.58 58.97 68.90 7.64 25.73 76.28 50.11 6.69 71.12 6.59 29.91 26.43 199.73 51.77 56.00 5.98 24.29 52.91 78.43 387.88 275.70 69.35 51.68 89.86 10.20 41.62 225.67 9.84 60.59 25.81 14.31 23.20 100.49 21.28 28.07 88.82 42.72 53.57 56.55 36.29 34.32 31.19 11.43 41.79 53.16 33.58 33.55 16.93 34.75
102.91 69.52 111.87 60.08 69.33 7.61 25.55 77.32 51.86 6.68 72.95 6.53 30.69 26.23 199.62 53.58 55.69 5.86 22.74 51.81 78.61 367.47 267.40 68.19 51.57 83.30 10.70 41.97 231.46 9.62 57.79 25.81 14.22 22.79 102.49 21.52 28.11 87.85 43.57 52.81 56.67 36.40 35.06 31.16 11.66 42.50 54.21 33.38 33.06 17.05 35.63
101.95 67.85 107.91 58.68 68.66 7.01 24.40 74.57 51.51 6.66 73.66 6.65 30.25 25.56 200.58 54.41 54.03 5.77 22.82 51.34 76.64 368.59 266.58 66.71 51.18 84.00 10.64 41.88 230.22 9.12 58.24 25.79 14.38 23.00 100.74 20.92 27.41 86.26 42.46 52.24 56.67 36.44 34.92 31.30 11.63 41.58 53.93 33.28 32.23 17.06 35.31
100.35 68.76 109.55 58.11 68.72 6.90 23.56 73.36 49.69 6.31 72.50 6.50 29.32 26.07 198.74 52.86 53.75 5.81 22.56 51.28 73.57 340.08 265.29 63.75 51.48 81.70 10.32 42.87 232.81 9.24 59.02 25.79 14.14 22.98 99.29 20.70 26.85 85.90 42.45 50.17 56.22 36.19 34.73 30.90 11.77 41.95 53.57 32.60 32.18 16.75 34.77
100.62 68.09 109.39 57.70 68.47 6.76 23.34 73.13 49.42 6.17 73.75 6.27 29.56 25.89 197.89 52.43 54.66 5.77 22.10 51.15 72.05 357.55 266.47 64.02 51.74 84.09 10.05 42.25 231.57 9.12 61.13 25.52 14.79 22.96 99.28 20.68 27.12 85.71 41.56 48.36 58.18 36.31 34.62 31.25 11.78 41.17 53.50 31.71 31.65 16.38 34.64
99.90 69.01 108.81 58.40 67.91 6.61 22.07 72.20 48.73 6.15 74.15 6.16 29.63 25.53 191.75 50.90 55.11 5.70 22.44 51.53 70.83 361.10 263.17 64.38 53.80 86.83 10.24 42.42 222.67 9.13 63.60 24.82 14.82 22.37 96.50 21.73 27.19 89.54 39.58 46.50 56.37 36.09 34.21 31.26 11.48 39.41 53.77 30.24 31.94 16.18 34.39
100.92 68.68 110.93 58.87 66.45 6.69 21.28 72.10 49.10 6.28 76.27 6.32 30.64 25.81 191.27 51.86 55.73 5.65 22.69 51.79 69.64 376.30 259.07 65.07 55.13 85.74 10.29 43.08 221.85 9.49 62.51 25.07 15.06 22.75 98.07 21.19 27.57 94.05 39.68 46.32 58.95 36.15 34.46 31.16 11.64 38.83 53.95 30.73 32.72 16.55 34.67
101.11 68.28 113.61 58.78 67.70 6.79 21.92 72.46 49.58 6.30 76.09 6.39 30.44 25.95 189.07 51.89 55.56 5.62 23.00 53.67 67.58 379.18 264.20 65.60 53.31 86.28 10.60 42.09 217.27 9.51 66.51 25.16 15.40 22.87 98.20 19.93 27.58 91.22 39.51 45.73 58.48 36.35 34.22 31.51 11.45 38.91 53.70 29.82 33.02 16.85 35.43
101.87 66.95 115.34 58.75 68.40 6.77 22.63 73.47 49.88 6.21 76.46 6.59 31.09 26.20 194.54 50.98 55.43 5.72 23.63 55.30 66.80 370.28 268.20 67.82 54.06 83.71 10.64 43.65 216.57 9.38 65.96 25.05 15.62 22.82 101.17 20.29 27.38 92.31 40.82 47.61 61.20 35.86 34.55 32.36 11.65 39.14 53.79 29.33 33.18 17.10 35.65
101.93 68.32 114.20 57.91 66.93 6.38 22.77 72.81 47.07 6.17 76.00 6.66 30.64 26.66 196.89 50.66 54.32 5.77 23.46 54.43 64.97 387.95 266.88 67.13 53.70 87.30 10.82 42.61 211.75 9.44 68.26 25.26 15.83 22.34 100.52 20.40 27.40 92.88 39.01 49.46 61.38 35.29 34.37 32.16 11.27 39.06 53.99 29.80 33.41 16.67 33.99
101.57 67.70 111.68 55.85 65.93 6.22 23.23 72.71 48.59 6.10 76.81 6.63 31.81 26.17 195.34 50.35 54.44 5.68 23.10 53.74 64.52 387.97 264.02 63.60 54.53 92.39 10.61 42.42 209.31 9.31 68.22 25.76 15.78 21.93 101.19 19.83 26.88 90.08 37.93 49.33 61.81 34.53 33.62 31.24 11.16 39.63 53.34 30.04 33.43 16.94 34.70
101.33 69.68 108.05 56.30 65.87 6.13 23.12 73.21 47.96 6.25 75.29 6.69 32.08 25.24 195.32 50.74 55.04 5.77 22.93 53.45 64.78 395.83 263.28 65.38 54.00 93.93 10.26 42.19 207.73 9.35 64.15 25.41 16.24 22.46 100.78 20.94 26.57 91.48 38.15 47.63 59.45 34.10 33.64 30.64 11.23 38.29 53.71 29.49 33.78 16.95 34.47
103.10 68.77 107.03 57.35 66.63 6.13 24.18 73.79 49.60 6.43 75.95 6.98 31.95 25.11 196.76 51.34 54.86 5.79 23.02 52.02 68.13 424.33 261.91 67.04 53.57 98.66 10.15 42.49 216.38 9.37 66.80 26.09 15.71 23.35 104.01 22.44 26.09 89.82 37.63 47.63 63.71 33.91 34.31 30.40 11.31 38.66 54.23 29.70 34.04 17.63 33.65
102.49 68.56 104.50 57.33 66.57 6.05 24.30 74.23 49.21 6.36 73.99 6.98 32.01 25.11 196.68 50.45 53.02 5.72 23.56 50.40 64.88 424.24 257.78 67.56 53.87 98.07 10.32 42.41 215.65 9.27 67.24 25.82 15.21 23.86 103.53 22.77 25.81 88.78 37.31 48.54 61.73 33.72 33.93 30.25 11.09 38.50 54.17 30.27 33.72 17.47 32.80
101.20 68.26 103.97 55.54 65.96 6.06 24.80 75.72 48.48 6.30 73.45 7.01 31.36 24.98 193.92 48.62 51.08 5.50 23.02 48.57 63.28 413.68 244.53 66.24 54.80 95.30 10.19 41.56 216.88 9.29 64.41 26.02 14.97 23.72 103.52 23.26 25.52 84.12 36.82 47.90 63.96 32.98 33.96 29.48 11.06 39.49 52.69 30.41 33.26 17.29 32.03
101.05 66.55 105.11 55.45 66.31 5.99 24.42 75.42 46.99 6.22 74.25 7.09 31.52 24.88 196.40 48.53 50.45 5.52 24.53 47.39 62.42 417.39 241.93 64.97 57.10 95.01 10.06 42.21 221.59 9.08 64.58 25.55 14.68 23.71 102.32 23.40 24.80 84.08 37.32 46.89 61.59 32.49 33.58 29.65 11.07 38.36 52.76 30.14 33.13 17.58 31.84
100.26 67.48 102.80 56.46 66.14 6.12 25.33 77.00 47.96 6.26 72.28 7.21 31.35 24.68 198.20 48.56 50.33 5.48 23.15 46.32 64.42 385.41 242.48 65.39 56.28 93.79 9.81 42.75 221.83 8.96 62.02 25.88 14.69 24.28 101.08 23.12 24.96 87.40 36.41 48.18 59.96 32.43 33.66 29.62 11.29 38.48 52.59 30.31 32.29 17.94 32.30
101.75 67.07 105.10 58.08 66.15 6.35 25.76 78.48 48.55 6.44 74.42 7.36 31.07 25.15 199.84 49.04 51.77 5.62 22.17 46.13 69.16 409.32 238.04 65.57 56.84 94.33 9.77 43.94 225.12 8.88 61.60 25.87 14.75 24.35 100.73 23.89 25.48 84.35 37.04 49.48 60.86 32.73 33.82 29.29 11.37 40.19 54.02 31.28 32.67 17.39 32.89
99.82 66.02 105.21 58.00 65.76 6.49 25.71 77.80 48.64 6.30 72.25 7.60 31.28 25.14 195.73 49.37 51.84 5.50 22.04 44.49 71.11 381.42 236.17 64.50 57.54 88.72 9.55 44.22 230.96 8.78 56.57 24.69 14.41 24.61 102.41 21.73 25.02 82.71 36.11 48.49 61.60 31.85 34.26 28.33 11.38 39.79 53.67 30.56 31.85 16.84 31.88
101.54 66.52 108.71 59.96 66.69 6.50 27.43 79.25 50.54 6.44 74.84 7.83 32.15 26.20 203.11 50.31 52.04 5.59 22.08 45.30 71.87 372.76 237.29 63.90 58.77 89.47 9.74 45.22 235.67 8.80 58.89 24.55 14.20 25.00 108.38 21.86 25.39 87.97 35.08 48.15 64.81 32.34 35.49 28.37 11.65 42.20 55.80 30.47 32.30 17.24 32.45
102.23 65.82 111.75 60.85 66.25 6.41 28.89 77.89 50.75 6.35 76.11 7.68 33.42 25.55 200.18 50.64 50.43 5.56 23.12 44.06 73.36 377.66 241.97 63.73 59.05 89.44 9.89 44.75 236.89 9.07 61.33 24.66 14.39 25.14 106.30 22.09 25.48 88.27 34.89 50.12 63.39 32.86 35.02 28.93 11.55 42.99 55.65 30.54 32.17 17.34 33.61
101.92 65.08 109.79 60.80 67.91 6.56 29.30 77.42 50.84 6.33 77.82 7.62 33.24 25.41 199.56 49.46 51.64 5.51 22.45 45.57 70.50 365.04 236.17 62.19 58.42 90.50 9.81 44.69 235.56 9.48 60.85 24.72 14.43 24.86 103.45 22.94 25.83 87.30 35.03 49.47 63.04 32.48 35.01 29.45 11.32 43.09 56.30 30.75 32.38 17.69 33.71
100.94 65.93 105.15 60.22 65.36 6.48 30.09 76.89 48.96 6.20 78.54 7.57 32.65 24.62 196.10 47.75 52.05 5.31 22.73 43.96 71.45 372.53 240.09 62.32 57.95 85.97 9.74 44.27 233.17 9.46 61.34 24.52 13.81 24.77 104.99 22.19 24.94 84.14 33.90 47.31 63.54 32.01 34.91 28.84 11.10 42.30 55.45 30.25 31.32 17.52 32.84
99.88 64.92 105.15 60.10 63.52 6.32 28.70 76.94 49.37 6.18 77.20 7.57 32.32 24.96 195.21 46.83 51.29 5.36 22.28 42.98 70.06 360.63 238.74 63.71 58.27 85.23 9.19 42.93 234.27 9.26 61.09 24.60 13.64 24.17 104.34 22.44 24.62 85.87 33.39 46.32 63.99 31.69 34.72 28.38 10.92 42.07 55.74 30.56 31.87 17.73 32.08
101.96 64.78 108.14 61.39 63.65 6.38 30.08 77.89 50.60 6.30 77.36 7.37 32.72 24.93 197.83 46.34 52.01 5.50 22.16 41.63 70.69 380.48 248.50 63.38 60.50 90.79 9.45 42.99 233.80 9.39 64.62 25.28 13.39 24.41 104.50 23.98 25.16 90.01 33.34 46.95 65.58 32.46 35.12 29.29 10.95 42.51 56.77 29.89 32.37 18.11 31.40
102.99 63.64 110.23 62.23 62.98 6.38 29.74 77.74 50.84 6.21 77.09 7.41 32.06 25.56 203.61 46.82 53.18 5.39 22.97 41.47 71.91 399.29 250.45 61.92 59.62 97.96 9.25 44.23 238.06 9.74 66.69 25.42 13.37 24.81 104.42 24.10 25.39 91.93 33.09 45.84 63.63 32.42 35.11 30.16 11.01 42.49 57.47 30.42 32.19 17.93 31.18
103.42 63.02 113.51 60.67 63.77 6.40 29.40 77.17 50.78 6.20 76.40 7.28 32.27 25.44 197.26 46.96 53.52 5.54 22.96 42.88 71.29 425.26 250.16 60.98 60.55 98.51 9.07 44.91 236.46 9.78 64.23 25.77 13.07 24.35 101.26 24.06 25.57 93.98 33.36 44.25 63.91 33.05 35.13 30.05 10.73 42.52 57.45 29.92 33.10 18.02 31.40
103.71 63.13 117.34 61.06 62.93 6.42 29.36 79.81 51.14 6.23 75.49 7.46 31.81 25.86 198.43 48.41 55.13 5.66 23.25 43.22 70.40 414.20 250.75 62.53 61.35 103.31 9.35 45.48 244.51 9.92 66.12 25.81 13.19 24.56 102.73 23.19 25.94 91.49 33.64 44.01 60.85 33.46 35.15 30.38 10.72 42.53 57.73 29.71 34.27 17.80 31.19
103.22 62.75 113.83 61.17 60.64 6.62 29.30 79.73 50.71 6.23 74.19 7.36 31.87 25.10 196.53 50.86 54.21 5.65 24.15 44.46 69.74 403.49 258.78 60.93 63.19 104.27 9.35 47.01 243.34 10.07 65.49 25.89 13.21 24.61 101.45 24.68 25.99 89.90 32.21 44.68 59.63 33.62 35.15 29.49 10.52 42.87 57.50 29.63 33.73 17.68 30.87
104.87 62.57 119.40 62.17 59.98 6.61 31.14 78.68 52.52 6.42 75.46 7.27 33.10 25.31 196.96 51.13 54.52 5.66 24.32 45.87 70.56 425.76 266.30 61.25 65.51 102.98 9.64 47.82 247.68 10.15 65.82 26.13 13.25 25.04 101.93 24.15 25.83 92.22 31.90 45.34 58.88 33.60 35.09 30.03 10.59 43.20 57.90 29.56 34.02 17.45 31.88
106.24 63.33 121.08 63.23 60.94 7.16 30.72 77.87 53.18 6.36 77.96 7.32 32.92 26.05 200.52 51.46 55.89 5.54 24.11 46.65 71.78 427.79 271.24 61.57 65.88 105.23 9.88 48.81 255.74 10.37 65.73 26.23 13.39 26.07 105.45 24.25 26.01 93.07 31.86 46.12 59.27 33.72 36.16 30.73 10.58 43.67 58.95 29.94 34.95 18.23 33.55
106.18 64.40 122.17 64.42 61.35 7.21 31.43 77.90 54.35 6.28 76.86 7.41 31.99 25.82 200.85 52.33 58.27 5.55 23.38 48.87 70.23 426.81 281.37 63.11 63.59 100.38 10.13 48.71 250.16 10.38 62.00 26.00 13.49 26.23 107.53 23.27 26.39 85.83 31.65 47.57 59.11 34.09 36.24 30.61 10.77 43.88 59.52 29.60 35.38 18.75 33.74
108.07 64.84 121.34 66.05 61.73 7.37 32.84 80.08 56.28 6.37 77.68 7.42 32.03 26.23 207.57 53.90 59.15 5.78 24.37 49.04 73.05 429.70 282.19 62.93 65.37 107.09 10.44 50.04 257.44 10.40 59.37 26.82 13.72 26.00 109.40 23.85 26.75 86.13 32.95 45.80 61.78 34.71 36.57 31.14 11.01 45.55 60.95 30.66 36.96 18.62 34.02
107.87 64.35 121.36 65.35 63.36 7.32 33.07 80.23 56.13 6.36 79.44 7.39 32.06 26.11 202.16 52.97 56.69 5.78 25.58 49.76 73.84 419.37 279.69 62.31 67.28 105.34 10.48 50.44 264.03 10.70 57.33 26.77 13.52 25.84 106.10 23.60 26.13 86.81 33.19 45.25 62.29 34.92 36.58 31.73 11.15 47.53 60.49 30.14 37.07 18.90 34.15
109.70 62.89 123.51 66.82 63.32 7.36 33.34 80.12 56.20 6.54 80.35 7.42 32.68 26.92 207.09 51.05 58.45 5.84 25.44 49.85 73.21 458.62 282.72 62.69 71.39 106.94 10.47 50.91 269.23 10.88 56.77 26.76 13.73 26.04 106.51 24.71 26.01 86.88 33.30 45.42 62.78 35.21 36.93 32.62 11.16 47.19 60.50 30.02 37.21 17.93 34.36
109.08 62.76 122.25 65.39 62.29 7.27 32.37 80.41 54.58 6.34 79.62 7.65 31.49 26.85 203.34 50.68 56.07 5.89 26.10 50.40 72.77 452.49 290.46 63.32 70.74 106.18 9.91 50.04 271.25 10.92 55.65 26.71 13.40 25.66 108.08 24.80 26.12 91.43 34.09 45.37 62.72 34.07 36.54 32.61 11.34 47.51 59.49 30.06 37.52 17.75 34.61
111.26 63.17 124.00 65.99 63.42 7.16 34.40 82.76 55.79 6.46 82.47 7.94 31.66 27.99 209.48 51.28 57.18 5.98 26.57 51.56 72.33 458.72 291.08 61.97 73.86 108.32 9.95 51.73 277.96 11.14 57.24 26.95 13.56 26.24 107.71 27.50 26.30 100.06 33.73 46.12 63.76 34.15 36.85 32.57 11.50 47.95 61.27 29.37 38.17 17.86 34.41
111.59 62.86 123.74 66.33 63.04 7.22 34.33 80.93 54.45 6.30 80.29 7.78 31.10 27.91 208.13 50.36 57.72 6.05 26.20 50.45 71.30 472.09 297.22 62.04 78.05 111.23 9.75 51.06 264.67 11.35 57.55 27.24 13.58 26.29 105.41 28.74 26.42 103.20 34.22 45.82 66.75 33.39 36.74 32.90 11.44 47.22 59.87 27.82 38.36 17.58 34.47
111.58 62.64 128.82 66.75 62.78 7.27 35.23 81.35 53.93 6.47 81.49 7.81 31.76 28.98 207.85 50.54 57.10 6.05 24.91 49.25 70.77 479.33 282.93 61.77 79.35 114.53 9.42 50.68 257.85 11.25 56.64 27.08 13.48 26.11 104.59 26.65 26.79 100.27 33.97 46.07 67.08 33.31 37.24 33.36 11.50 46.45 59.38 28.04 37.59 17.23 34.03
110.42 62.60 129.57 66.92 62.16 7.23 36.49 83.60 53.00 6.36 80.73 7.51 32.10 28.83 204.58 50.92 56.44 6.18 24.23 48.10 71.21 449.56 279.73 60.97 75.52 116.43 9.47 50.15 252.73 10.98 55.70 27.13 13.41 26.27 102.12 25.29 26.51 98.80 34.51 47.44 66.42 33.77 36.48 33.45 11.41 45.71 59.11 27.42 38.06 17.90 34.32
110.24 62.66 131.61 67.05 60.00 7.20 36.82 86.32 50.76 6.53 80.04 7.52 32.86 28.56 204.01 52.72 55.81 6.38 24.66 47.33 70.65 435.35 283.19 61.06 74.76 112.88 9.56 48.65 246.03 11.30 55.79 26.96 13.38 26.33 103.43 24.84 26.46 98.04 35.14 48.72 68.32 34.34 37.14 33.51 11.48 44.38 59.66 27.02 38.34 17.66 33.84
109.49 62.20 133.97 67.82 57.52 6.94 36.58 85.34 50.49 6.35 79.58 7.51 32.29 28.40 205.02 51.36 57.44 6.17 24.86 46.20 69.71 419.46 292.88 60.06 75.36 109.53 9.73 47.88 239.21 11.55 54.09 27.29 13.50 26.66 102.62 22.95 26.14 97.24 35.70 53.08 64.45 34.27 37.07 33.74 11.40 44.19 58.93 26.34 38.22 17.48 34.20
110.36 62.60 131.49 67.84 57.51 6.89 37.35 85.59 50.77 6.47 79.88 7.30 33.36 28.74 202.99 52.45 56.13 6.21 24.92 45.25 71.71 424.88 302.04 60.17 76.92 115.54 9.65 47.52 237.71 11.71 56.07 27.26 13.69 27.02 103.14 23.88 25.87 103.84 33.63 52.67 65.01 34.26 37.44 34.05 11.51 45.69 58.25 26.06 38.38 17.03 35.41
108.85 61.57 129.36 66.81 56.89 6.94 36.31 84.61 49.86 6.61 78.57 7.20 32.82 28.42 199.05 50.28 54.98 6.28 25.15 45.11 68.67 427.16 308.64 62.24 74.04 115.98 9.56 46.44 233.02 11.77 55.46 27.57 13.97 25.99 102.51 22.36 25.47 99.44 32.33 50.93 62.80 34.09 36.95 33.14 11.16 45.63 57.58 25.71 38.97 17.07 34.47
110.47 61.96 127.40 68.28 58.26 6.96 36.82 85.86 51.41 6.76 78.50 7.19 33.87 28.72 206.10 49.47 55.66 6.39 24.12 46.83 69.57 441.20 314.84 62.55 74.93 117.83 9.63 47.62 235.80 11.69 54.24 28.52 13.94 26.86 106.58 23.17 25.43 97.39 33.34 52.62 63.16 33.78 37.50 32.95 11.39 46.29 58.31 26.61 39.74 17.49 34.79
111.30 63.30 126.12 69.55 57.83 7.04 36.84 85.70 52.15 6.83 79.62 7.42 34.40 28.63 209.00 48.70 56.78 6.36 24.21 49.02 70.58 465.13 317.79 64.72 72.77 115.06 9.76 47.46 234.17 11.94 52.75 28.28 14.04 25.88 107.63 22.37 25.49 96.93 33.20 52.96 63.30 34.84 36.80 33.53 11.60 45.98 58.21 27.64 39.79 17.77 35.75
110.76 66.40 129.54 69.64 57.32 6.89 35.36 85.61 52.86 6.73 82.22 7.43 34.98 28.23 216.61 50.32 58.67 6.34 23.88 48.85 73.71 431.02 324.28 65.07 71.30 113.13 9.69 46.64 238.20 11.84 52.12 28.45 14.14 25.75 109.34 21.93 25.52 96.22 33.89 51.45 62.42 35.42 36.50 33.13 11.62 46.79 59.72 27.57 41.21 17.71 35.65
111.17 67.58 126.79 67.97 56.21 6.84 35.18 84.96 52.46 6.88 81.84 7.32 34.39 28.28 218.10 47.45 58.68 6.66 23.58 48.16 73.44 450.26 321.68 63.90 75.24 116.05 9.80 46.09 233.20 11.54 51.66 28.23 14.53 25.40 108.09 22.36 26.19 101.54 33.35 53.52 62.21 34.92 36.03 32.94 11.25 46.33 59.63 26.93 42.06 18.10 35.57
112.84 70.69 124.96 67.75 56.30 6.64 35.64 83.46 51.93 7.09 83.36 7.20 36.62 27.64 214.17 48.27 56.49 6.88 22.87 49.16 72.06 487.19 321.68 64.61 76.10 116.61 9.91 45.12 228.32 11.52 53.16 28.60 14.41 25.22 105.95 23.27 26.60 103.91 34.96 56.92 61.19 35.77 35.87 34.33 11.18 45.28 59.26 27.38 42.89 18.92 36.18
111.89 71.87 124.15 68.85 56.44 6.41 35.59 83.00 51.51 7.23 85.93 7.09 35.66 27.63 216.15 47.75 56.55 7.07 22.84 47.21 72.70 465.64 312.87 64.02 75.15 114.32 9.95 45.17 230.14 11.83 51.48 28.51 13.95 24.81 106.98 22.52 26.46 100.37 34.91 54.97 61.02 35.61 35.85 34.86 11.27 46.55 60.08 27.13 42.67 18.77 35.76
111.31 72.54 123.65 67.79 56.38 6.26 36.43 82.22 51.79 7.21 86.30 7.05 35.30 26.71 210.69 48.39 54.78 7.11 22.98 47.59 72.55 463.55 315.78 62.14 75.14 112.76 10.11 44.34 231.32 12.03 50.57 28.56 13.94 24.47 106.51 22.39 26.64 96.22 34.28 52.33 59.66 35.91 35.35 35.00 11.04 46.79 59.48 27.38 43.31 19.23 35.91
109.55 71.08 120.60 67.87 54.66 5.99 36.55 82.98 50.21 7.39 84.27 7.14 34.59 26.93 211.29 48.30 55.88 7.31 22.90 47.13 72.34 422.76 300.96 59.73 76.83 115.34 9.78 43.03 230.43 11.93 50.90 28.05 13.53 24.64 104.30 22.01 26.00 97.93 33.69 51.37 58.93 35.66 35.20 34.68 10.82 46.18 59.36 28.26 43.49 18.51 35.51
112.55 72.30 121.64 67.92 55.99 6.03 38.13 81.46 51.32 7.47 84.70 7.14 35.46 27.34 214.02 47.21 56.91 7.36 23.82 46.62 70.64 476.35 291.48 60.67 80.22 122.70 10.17 44.17 231.76 12.37 51.73 28.32 13.65 24.64 105.16 22.36 26.67 104.02 34.11 54.94 59.13 36.00 35.27 34.93 10.79 47.76 60.48 29.30 44.60 19.15 34.68
112.59 73.21 120.72 68.12 55.78 6.22 37.69 81.13 52.10 7.61 84.06 7.19 34.92 27.27 212.15 46.08 56.63 7.18 23.75 48.64 70.74 477.17 289.78 60.06 81.03 122.65 9.94 44.25 233.17 12.14 52.01 28.32 13.71 24.48 107.48 22.46 26.19 104.08 33.64 57.38 60.44 36.03 34.90 34.46 10.87 49.41 60.40 29.61 45.41 19.31 35.04
112.21 73.57 120.09 66.39 55.36 6.13 39.29 80.43 52.27 7.36 83.71 7.12 34.79 27.73 207.52 44.69 55.24 7.18 23.03 50.26 69.85 473.08 282.52 58.37 81.44 127.37 10.10 44.54 229.91 12.52 48.31 28.38 13.78 24.69 105.54 22.95 26.10 100.16 33.73 57.05 61.18 35.86 34.93 34.36 10.84 48.86 60.63 29.74 43.75 19.47 34.92
112.25 73.24 120.05 67.07 56.04 5.97 37.27 80.75 51.15 7.29 85.23 6.98 34.63 27.24 209.83 45.70 55.46 7.47 24.20 51.52 68.56 464.49 281.78 59.67 83.33 128.10 9.99 44.23 233.65 12.38 52.95 28.29 13.79 25.23 108.08 23.00 26.16 98.28 33.42 60.14 58.29 36.43 35.00 33.85 10.62 48.94 60.39 30.39 44.07 19.62 36.10
111.89 71.51 119.37 67.72 56.82 5.98 36.76 80.18 50.96 7.26 88.21 7.12 34.60 26.80 205.84 44.81 53.07 7.26 24.54 51.26 67.79 466.13 292.22 58.12 82.24 125.93 9.85 45.36 227.40 12.64 55.42 28.35 13.77 25.95 105.63 23.11 26.26 104.89 32.64 58.52 57.25 35.78 34.70 33.69 10.44 48.07 60.21 29.44 44.13 18.38 35.83
111.79 70.23 116.27 68.11 56.01 5.69 37.93 79.94 50.98 7.38 83.25 6.98 34.66 27.77 208.00 45.92 52.50 6.93 24.57 48.21 68.13 471.86 303.77 58.57 81.01 122.93 10.02 45.70 227.81 12.54 55.06 28.76 13.59 26.50 103.54 22.70 25.35 100.20 30.58 57.87 58.52 35.55 35.16 34.09 10.73 48.02 61.24 28.87 44.22 18.15 37.62
113.91 70.67 117.42 70.83 57.25 5.80 39.76 79.40 52.15 7.35 83.52 7.25 35.31 28.25 210.38 46.19 53.27 6.93 24.50 49.80 70.14 457.48 308.19 59.57 83.64 129.09 10.12 47.89 229.69 13.37 55.85 29.08 13.54 27.54 104.42 23.32 25.97 102.88 32.03 61.62 61.61 35.87 36.15 34.99 10.97 48.59 61.99 30.81 44.96 18.56 39.51
114.39 69.01 116.99 69.81 57.17 5.82 39.96 80.36 51.87 7.58 82.99 7.33 36.28 28.46 207.63 47.16 53.79 6.82 22.90 50.09 70.60 476.53 299.74 59.66 83.09 128.73 10.32 48.38 230.41 13.30 55.91 28.54 13.50 27.35 103.68 23.79 26.06 103.99 32.82 60.54 61.27 35.98 36.25 35.56 11.12 48.14 62.15 31.06 44.26 18.83 40.03
114.31 70.02 112.99 70.51 55.82 5.73 39.37 81.31 51.84 7.52 86.20 7.15 35.59 28.16 207.18 46.09 53.76 7.13 22.63 51.87 70.11 479.93 301.20 59.26 81.62 127.72 10.13 48.21 225.32 13.03 54.39 29.08 13.35 27.91 101.61 23.10 25.73 102.87 33.23 61.81 59.13 35.85 35.98 35.65 11.28 47.68 61.82 33.05 43.62 19.16 40.55
112.28 69.29 114.56 69.13 55.62 5.75 38.11 79.94 51.71 7.26 86.04 7.01 35.56 27.90 208.65 46.43 52.60 7.16 21.15 51.21 72.87 442.46 305.39 58.83 78.25 117.24 10.02 47.49 225.22 12.78 51.25 29.04 13.04 27.04 102.43 22.29 25.45 102.25 33.92 61.99 57.40 35.69 35.77 36.21 11.33 47.82 62.26 32.46 44.18 18.75 40.51
113.16 69.36 117.85 68.69 55.97 5.65 38.88 81.08 51.09 7.32 86.79 6.93 35.46 27.78 208.39 45.70 52.15 7.35 21.23 50.63 72.29 457.71 310.96 57.55 83.32 121.66 9.89 47.25 230.66 13.00 51.93 29.18 13.03 27.49 100.32 22.89 25.78 98.01 33.48 61.23 56.01 35.69 36.01 36.01 11.41 46.74 61.17 32.78 44.18 19.09 41.48
114.26 71.24 118.11 68.34 55.95 5.83 38.60 80.09 53.05 7.51 91.24 6.85 36.23 28.49 213.26 47.41 54.48 7.37 21.45 50.11 74.88 458.04 303.77 59.75 80.88 126.61 9.54 46.79 232.82 13.11 52.97 29.46 13.00 28.12 101.63 23.07 26.07 100.08 35.74 59.14 58.22 36.21 36.76 35.45 11.82 46.39 62.03 33.14 45.29 19.33 40.53
113.89 71.16 117.80 68.44 55.34 6.19 38.27 79.16 52.14 7.82 88.61 6.84 36.26 27.57 216.91 46.74 55.91 7.57 20.41 50.53 74.07 445.05 317.61 59.78 80.09 120.29 9.40 46.49 233.24 13.08 52.01 30.01 12.96 28.41 101.91 22.04 26.40 98.22 35.60 61.10 57.24 36.58 37.39 36.74 11.69 44.82 62.39 32.81 47.01 18.96 41.02
113.92 71.07 118.95 68.18 54.67 6.17 37.80 79.29 51.49 7.73 89.09 6.70 35.26 27.19 208.84 46.71 55.95 7.36 20.83 50.56 74.81 458.57 317.38 58.82 80.69 122.97 9.37 47.39 235.00 12.99 51.51 29.28 12.34 28.26 102.56 23.25 25.81 103.21 36.50 60.76 57.50 36.10 37.21 35.53 11.68 44.15 62.61 32.57 45.45 18.67 42.46
112.69 70.06 116.75 67.12 55.41 6.08 37.24 78.48 50.58 7.46 85.23 6.47 34.36 27.04 204.86 46.25 54.48 7.29 20.99 49.92 72.69 446.11 331.41 59.85 80.44 124.30 9.56 45.88 226.05 12.67 51.87 29.45 12.71 28.02 100.55 23.30 25.16 105.27 35.92 58.54 57.18 35.91 37.22 35.81 11.44 43.24 61.21 31.64 46.32 18.78 41.63
114.91 68.61 114.00 67.70 56.11 6.46 38.19 80.02 51.16 7.65 88.94 6.38 36.06 27.82 202.76 45.81 56.52 7.31 22.14 49.89 70.69 466.35 329.20 63.04 80.00 131.72 9.76 46.93 221.11 13.32 53.98 29.31 12.88 28.53 99.68 23.80 26.18 112.79 36.83 62.08 56.15 36.33 38.06 36.24 11.48 43.15 62.89 30.93 47.45 19.37 42.14
113.70 68.39 109.85 66.90 54.77 6.36 37.61 78.73 49.66 7.25 92.23 6.63 35.47 27.17 198.80 46.35 56.73 7.37 21.29 51.94 69.46 464.32 317.66 62.06 78.22 124.38 9.78 45.45 216.42 13.20 54.87 28.74 12.59 28.12 96.77 25.06 25.39 112.09 36.43 62.89 55.28 35.94 37.42 35.37 11.38 43.26 62.83 30.19 46.78 19.41 42.99
115.21 69.34 110.39 66.78 55.21 6.56 39.81 80.72 50.78 7.44 95.06 6.69 35.24 27.67 205.39 46.70 57.57 7.44 20.39 51.47 72.31 453.08 321.02 59.98 81.23 124.33 9.60 46.99 225.46 13.11 55.08 28.74 12.81 29.44 101.69 26.63 25.36 115.45 36.82 62.96 57.57 36.63 38.12 35.34 11.76 43.56 64.26 30.04 47.31 19.25 42.91
114.64 67.25 108.58 67.68 55.28 6.48 39.02 79.81 49.44 7.16 92.83 6.62 35.18 26.64 199.24 47.26 57.75 7.44 20.72 50.05 73.53 476.21 319.88 61.95 81.14 124.54 8.93 48.00 214.14 12.71 53.59 29.11 12.66 29.45 103.03 25.56 25.43 116.51 35.29 62.37 56.95 36.34 37.53 35.08 11.33 44.10 63.50 28.97 47.19 19.77 41.58
114.39 67.33 105.37 67.67 54.10 6.58 38.67 78.55 49.19 6.95 92.02 6.43 35.47 25.97 197.40 47.46 56.64 7.19 22.24 50.48 74.45 480.74 316.20 63.39 86.07 128.19 8.79 47.74 216.30 12.73 54.38 28.38 12.81 28.24 102.69 26.20 24.98 123.73 34.47 62.43 55.99 36.01 37.29 34.70 10.91 43.76 63.97 27.63 45.76 19.51 41.21
117.50 68.49 110.99 67.75 54.72 6.66 41.22 79.64 48.91 6.87 92.60 6.45 36.24 26.58 201.53 48.10 58.02 7.34 24.17 52.31 75.40 517.27 311.85 63.79 92.41 129.07 9.35 48.33 221.44 13.18 54.82 28.14 12.80 28.52 106.49 26.83 25.94 124.39 34.81 61.01 60.32 36.83 38.16 34.92 10.81 45.51 65.06 29.82 46.30 19.75 41.36
117.62 71.04 113.06 66.58 55.97 6.79 41.29 78.98 48.07 6.69 92.62 6.46 36.66 27.11 202.51 48.31 60.04 7.49 24.72 52.34 77.17 506.28 310.92 65.17 90.63 126.20 9.54 48.15 224.06 13.28 52.41 27.55 12.54 28.85 108.38 25.72 25.74 130.14 35.84 59.65 58.79 36.96 38.44 35.24 10.86 46.35 65.68 30.82 46.80 20.32 41.24
118.76 71.35 116.17 66.73 56.78 6.89 42.21 81.84 49.14 6.76 93.60 6.39 36.91 27.06 204.77 49.37 60.45 7.63 23.66 53.28 78.45 518.73 317.02 66.85 88.53 126.28 9.76 48.28 226.49 13.08 50.86 28.10 12.72 29.46 113.13 24.53 25.84 128.41 35.70 60.37 57.11 37.18 39.18 36.08 10.79 47.30 66.49 30.87 46.05 21.27 42.12
120.55 71.92 118.39 67.47 57.82 7.11 42.03 81.92 50.78 6.66 95.41 6.55 37.21 27.08 208.44 50.08 61.34 7.54 24.30 53.47 77.12 557.84 310.00 68.17 90.07 124.59 9.71 49.41 228.84 13.64 50.79 27.91 12.56 30.05 115.64 24.82 26.23 126.64 36.46 61.73 58.19 37.56 39.25 35.88 10.76 47.34 66.35 33.05 46.10 21.06 42.34
123.01 70.69 120.65 66.10 58.17 7.06 42.92 81.15 50.71 6.81 97.83 6.72 37.44 27.89 210.16 49.79 60.62 7.76 25.65 53.49 77.09 596.46 315.68 69.77 92.24 127.21 9.97 50.39 229.81 13.78 51.99 28.19 12.54 30.26 117.22 26.41 26.91 135.69 36.84 61.98 59.42 38.12 39.38 36.44 10.64 45.21 67.37 33.15 44.92 22.18 42.58
122.57 70.24 119.61 65.40 58.42 7.10 44.74 79.53 49.38 6.45 96.83 6.53 37.33 27.58 203.51 49.47 59.30 7.60 24.55 53.84 76.52 601.77 315.50 68.80 91.04 130.46 9.85 50.24 218.90 13.77 49.49 28.73 12.45 29.51 115.69 26.31 26.91 134.50 36.97 62.93 59.64 37.67 39.30 36.25 10.35 43.41 67.63 34.36 44.95 21.99 41.79
121.29 71.34 121.58 63.65 58.20 6.66 42.80 79.87 49.27 6.47 96.86 6.68 37.60 27.65 203.98 50.03 58.90 7.53 24.42 54.40 75.23 588.28 312.20 70.73 89.27 125.00 9.64 49.77 219.58 13.38 48.32 28.52 12.35 29.84 113.06 24.69 26.50 131.15 35.14 66.79 62.66 37.28 38.73 35.65 10.18 43.83 66.94 33.75 44.50 21.88 41.69
121.23 71.08 121.33 65.26 58.67 6.92 43.22 80.61 50.97 6.56 98.15 6.71 37.36 27.50 206.49 48.26 58.33 7.55 24.73 54.99 76.92 561.13 316.22 69.16 89.22 122.36 9.62 51.13 224.92 13.67 46.59 29.57 13.01 30.04 113.64 24.17 26.09 123.56 34.09 69.04 65.34 37.27 39.19 35.92 10.23 44.93 68.48 34.66 45.14 22.09 41.38
122.63 73.66 124.96 64.83 58.62 7.04 44.15 81.68 51.46 6.61 99.46 6.79 37.82 28.21 206.18 49.05 58.67 7.57 23.62 54.67 78.09 588.24 322.41 69.66 91.77 118.00 9.48 53.40 229.79 13.95 48.17 29.83 13.26 29.98 116.00 23.14 25.96 119.62 33.50 66.87 66.88 37.07 40.12 36.12 10.25 45.36 69.96 33.97 44.42 22.45 41.65
123.68 74.44 125.23 65.53 59.30 7.18 43.86 82.77 53.98 6.97 101.84 7.06 37.16 28.65 206.72 46.42 57.56 7.52 24.32 54.31 80.57 588.49 330.12 69.84 95.99 115.75 9.73 54.39 229.67 14.01 48.86 30.58 13.04 30.66 116.21 22.25 26.21 117.61 33.95 66.69 68.87 37.26 40.23 37.16 10.39 46.75 70.69 34.20 45.30 22.22 42.63
125.19 76.52 124.34 66.39 60.54 7.20 44.08 84.27 54.29 7.09 102.36 7.24 38.36 28.91 208.63 47.07 56.62 7.51 24.07 53.00 81.02 637.68 334.16 68.82 94.02 119.98 9.92 54.22 230.42 14.15 46.75 30.03 12.97 31.45 115.16 20.88 26.67 113.20 33.40 65.99 68.80 37.32 41.04 37.02 10.52 47.64 70.71 35.28 45.36 23.03 42.66
124.56 79.09 122.83 65.22 60.55 7.09 43.05 83.17 55.61 6.95 103.02 7.43 38.69 29.44 212.22 47.49 56.21 7.41 22.52 53.31 81.77 629.76 326.20 69.07 89.55 117.84 9.88 55.19 231.01 14.23 46.04 30.22 13.13 31.95 112.83 21.17 26.72 109.08 32.51 65.29 67.58 36.90 41.26 37.34 10.55 47.71 71.47 35.91 46.10 23.32 44.03
126.98 79.19 129.29 64.27 61.77 7.10 42.34 85.21 55.55 6.96 101.58 7.55 40.35 29.55 214.18 46.00 57.04 7.62 22.43 56.07 86.01 643.56 346.69 68.29 89.10 116.87 10.02 56.08 245.40 14.52 47.54 30.90 13.50 32.43 113.70 21.65 27.01 112.96 33.16 72.43 67.09 37.30 41.66 38.22 10.75 50.19 72.34 37.13 46.85 24.24 45.89
125.57 78.49 124.16 64.80 59.45 7.04 41.66 83.94 55.33 6.75 102.47 7.31 38.26 29.41 212.05 44.55 57.82 7.55 23.63 54.38 85.51 627.92 350.42 68.46 85.29 118.74 10.06 55.00 247.25 13.81 46.47 30.98 13.19 32.80 114.62 21.92 26.39 111.62 32.21 70.80 65.55 36.93 41.36 38.48 10.73 50.08 73.86 37.09 44.73 23.82 46.01
124.14 77.28 119.82 64.94 58.31 7.07 40.92 85.15 53.20 6.50 101.92 7.26 37.26 29.24 209.43 46.01 58.16 7.24 23.09 53.62 85.55 617.66 344.08 67.24 82.24 118.20 10.09 54.13 251.82 13.66 45.24 30.19 13.03 32.46 113.67 22.88 26.26 112.44 32.65 68.58 64.86 36.45 41.72 37.65 10.45 50.05 74.46 37.23 44.45 23.21 44.14
122.49 75.25 120.63 64.97 58.52 6.76 40.02 85.23 52.61 6.19 99.93 6.99 37.16 28.56 206.28 45.43 59.21 7.19 22.25 53.33 85.96 595.49 337.99 65.98 80.71 113.53 9.77 54.14 248.25 13.37 45.77 31.24 13.08 31.31 110.10 23.75 25.88 107.95 32.10 68.17 62.74 36.64 40.36 38.07 10.47 50.04 73.74 38.56 44.79 23.14 43.68
123.75 74.98 119.55 65.58 59.02 6.76 42.01 86.53 53.15 6.18 99.61 6.82 36.92 27.96 204.32 47.91 57.84 7.09 22.86 52.67 85.81 642.19 338.12 65.61 84.64 110.06 9.44 53.56 248.95 13.21 45.02 31.72 12.88 30.48 110.43 24.40 26.19 109.46 31.90 67.13 62.93 36.56 40.37 37.19 10.45 52.22 72.99 38.20 44.88 22.49 42.26
124.16 75.76 119.01 66.08 58.59 6.67 42.95 86.38 54.36 6.07 99.81 6.87 37.46 28.79 207.32 47.87 59.31 7.03 23.91 55.00 83.89 643.43 335.73 63.39 82.58 109.14 9.71 54.25 252.13 13.39 44.83 31.64 12.96 30.84 109.54 23.58 26.35 108.78 31.98 67.55 64.12 36.16 40.01 37.68 10.62 51.95 72.77 38.32 44.96 22.63 42.35
124.16 75.41 119.36 66.83 58.64 6.76 43.58 86.91 55.19 6.19 97.34 6.82 39.12 29.14 205.52 49.47 60.00 7.04 23.60 54.63 81.59 628.32 329.74 61.05 82.81 106.75 9.75 55.47 249.06 13.79 45.18 31.70 12.53 31.44 109.29 23.35 27.06 111.66 32.05 70.76 64.81 35.60 39.53 37.48 10.61 51.40 73.81 37.51 44.21 23.18 43.72
121.01 74.20 116.45 66.89 58.64 6.46 41.96 84.32 53.82 5.92 99.57 6.54 37.48 28.01 202.23 47.98 56.97 7.06 24.11 53.42 78.56 599.30 314.88 59.57 79.45 101.05 9.66 56.55 245.21 13.41 43.26 31.50 12.09 31.84 107.68 22.95 26.39 106.97 31.55 69.00 62.96 35.45 39.47 36.64 10.29 49.68 72.86 37.00 42.76 22.86 42.42
117.56 70.67 111.70 64.75 58.62 6.04 39.16 84.36 51.12 5.86 97.75 6.44 36.50 26.63 198.54 46.21 55.98 7.03 23.94 52.04 76.58 567.16 318.36 59.92 78.96 96.94 9.52 52.73 235.93 13.52 43.62 30.85 11.84 30.52 101.74 22.47 26.13 98.38 29.96 69.70 62.07 34.62 38.58 36.28 9.98 47.58 70.63 36.80 42.27 22.33 40.96
116.08 71.10 112.21 64.34 59.03 5.85 39.57 82.12 51.02 5.74 95.77 6.27 36.00 27.16 191.66 45.21 54.76 6.73 22.82 51.96 75.76 569.55 307.47 59.30 77.91 93.86 9.63 52.52 230.57 13.28 43.05 30.80 11.63 29.96 103.30 22.91 25.92 95.48 30.09 71.31 58.61 33.77 38.25 35.98 9.61 45.19 68.86 35.78 41.43 21.09 41.59
116.03 71.71 113.90 65.46 59.19 5.74 40.32 83.53 51.77 5.66 94.39 6.23 35.24 26.62 191.52 46.01 55.90 6.88 22.94 50.18 77.24 561.76 313.60 57.36 79.81 96.41 9.86 51.78 230.31 13.46 44.03 30.39 11.76 30.16 101.69 23.21 26.25 94.51 29.89 66.88 56.62 33.93 38.72 35.98 9.55 46.13 68.95 35.90 42.52 20.73 40.80
116.54 68.84 112.18 66.20 57.90 5.63 40.47 82.67 52.70 5.69 93.74 6.27 35.28 26.84 187.97 46.21 55.55 6.91 23.90 49.39 78.88 586.67 316.59 56.00 79.64 96.35 10.05 51.45 224.19 13.12 45.31 30.14 11.66 30.13 101.34 22.89 26.77 95.54 30.82 67.29 56.58 34.28 38.78 36.31 9.60 47.45 67.30 35.60 42.58 20.05 40.77
114.02 65.53 109.49 65.05 56.92 5.61 39.72 83.43 52.05 5.81 91.15 6.30 34.19 27.75 184.58 46.61 54.42 6.83 23.11 47.72 76.46 553.88 314.14 55.03 75.81 92.74 9.86 50.29 222.15 12.76 43.84 29.77 11.38 30.11 101.75 21.66 26.80 92.41 29.73 65.79 55.63 33.96 38.59 35.52 9.60 47.97 66.18 35.84 44.11 19.68 39.27
112.78 65.89 105.18 64.16 55.77 5.52 40.48 82.50 53.04 5.80 87.25 6.26 33.20 27.69 181.31 46.83 52.50 6.93 21.90 46.24 75.42 546.34 305.05 54.72 74.46 94.29 9.56 50.18 219.03 12.91 44.78 29.81 11.10 30.13 101.28 21.28 26.28 91.56 28.95 65.96 56.52 34.04 38.99 35.14 9.66 46.33 65.77 34.97 43.41 18.80 38.91
110.81 64.57 104.83 64.82 55.58 5.62 40.19 82.07 52.82 5.92 85.57 6.45 33.14 27.18 183.34 45.39 52.63 7.03 21.99 45.38 77.53 498.33 302.04 54.27 70.77 93.10 9.48 49.66 221.22 12.46 42.77 29.76 11.13 30.62 101.28 21.24 25.60 88.85 29.13 64.79 58.57 34.02 38.99 34.29 9.87 47.31 66.13 33.92 42.76 18.43 37.34
109.98 66.29 100.37 66.50 54.87 5.63 40.23 81.78 51.90 6.03 85.69 6.37 33.53 27.71 180.39 44.26 52.66 7.08 22.02 44.95 77.74 485.06 301.46 54.84 69.61 90.41 9.50 49.57 219.12 12.06 43.00 29.69 11.18 29.77 99.93 21.06 25.69 90.18 27.99 65.06 60.29 34.25 39.04 34.55 9.78 47.21 65.06 33.31 43.29 18.12 36.49
109.88 67.68 99.97 66.72 53.75 5.52 40.33 80.21 52.60 6.08 87.92 6.40 32.61 28.02 179.98 44.53 53.86 6.96 22.43 44.69 79.94 491.30 287.28 54.65 67.42 92.06 9.39 48.38 216.27 11.86 42.15 29.81 10.74 30.07 100.02 22.10 26.15 87.21 28.30 63.42 61.75 33.59 39.33 34.16 9.86 48.64 65.60 33.51 43.37 17.19 36.58
107.60 66.72 98.51 63.90 51.58 5.25 39.46 79.53 51.73 6.19 83.38 6.25 32.92 27.63 175.81 43.79 54.56 6.61 23.43 44.47 77.91 471.16 288.44 54.42 67.02 92.17 9.34 46.59 214.72 11.61 39.93 29.80 10.68 29.48 96.39 21.07 26.00 85.14 27.80 61.32 56.45 33.26 38.72 34.21 9.40 46.91 64.72 33.68 42.98 16.63 36.16
105.89 68.29 94.64 63.22 50.92 5.10 38.11 76.59 50.11 5.86 84.11 6.24 33.03 27.31 172.15 41.92 54.24 6.48 24.40 41.73 73.79 454.65 291.54 51.68 67.48 91.35 9.31 46.00 210.12 11.31 39.59 29.33 10.56 28.59 94.11 21.74 25.81 82.76 27.13 63.22 55.92 33.53 38.32 33.75 9.22 45.67 63.08 33.20 42.94 16.38 35.68
105.63 67.81 97.19 63.46 49.45 4.93 35.50 77.22 50.33 5.94 82.42 5.96 32.76 27.18 169.77 41.91 55.78 6.43 24.78 41.09 71.88 470.90 294.56 51.18 67.18 89.84 9.11 46.59 213.52 11.26 38.86 29.16 10.85 28.54 93.09 22.71 25.97 78.81 26.51 64.20 54.74 33.35 38.53 33.75 9.36 46.46 61.63 33.10 42.05 16.27 36.10
104.39 68.38 95.19 62.94 49.97 4.78 34.59 77.01 49.65 5.83 81.79 5.57 33.06 26.65 166.73 39.84 54.46 6.40 24.16 42.47 69.92 442.98 300.24 50.87 68.28 91.10 9.24 45.28 212.47 11.04 39.40 29.27 11.12 28.81 93.06 21.98 26.23 77.88 25.83 60.96 55.72 33.37 38.44 33.43 9.59 45.88 61.06 33.61 41.99 16.48 36.53
104.19 68.13 94.72 62.43 50.52 4.73 34.68 75.37 49.82 5.71 79.38 5.53 32.74 26.98 165.59 40.85 57.47 6.42 24.29 42.19 69.24 435.85 310.18 51.32 69.59 89.33 9.27 44.70 218.83 11.12 39.68 29.47 11.44 28.66 94.68 21.53 26.06 77.94 26.16 58.32 52.88 33.57 38.78 33.68 9.39 45.20 59.43 34.58 42.54 16.53 36.02
104.20 67.61 93.62 64.05 49.88 4.74 33.41 76.58 50.94 5.76 82.52 5.52 32.50 27.13 167.13 41.14 56.85 6.22 24.37 42.39 69.90 407.80 313.54 53.15 69.34 92.21 9.22 44.71 225.59 11.16 41.04 29.55 11.63 29.60 95.01 21.95 25.77 78.34 26.18 59.58 52.98 33.89 39.72 33.96 9.63 47.35 59.49 35.26 42.93 16.41 36.30
102.79 64.88 93.34 63.94 48.80 4.41 33.97 75.78 50.43 5.89 80.58 5.46 31.62 26.75 163.48 39.77 56.68 6.04 21.67 43.35 70.42 393.08 308.90 52.44 68.33 92.33 8.84 44.18 226.14 11.24 41.12 28.52 11.37 30.05 95.23 20.73 25.86 77.35 26.03 59.51 50.76 33.74 39.88 33.39 9.46 47.34 59.53 36.40 42.56 16.09 35.81
103.82 64.04 93.10 64.54 49.54 4.45 35.02 76.81 49.39 5.87 82.42 5.52 30.84 27.39 162.54 40.58 57.77 6.01 21.84 41.78 72.14 398.08 311.65 54.29 68.00 100.81 9.07 43.23 232.15 11.32 42.02 28.17 11.60 30.56 96.59 21.47 25.83 78.87 26.59 62.37 50.41 33.81 40.19 33.59 9.38 45.71 60.18 36.25 42.49 15.97 35.18
103.62 64.10 92.27 63.15 49.84 4.48 34.70 76.06 47.76 5.91 84.23 5.43 30.53 27.78 160.87 41.90 56.26 5.95 21.95 41.79 69.03 393.38 317.01 53.56 67.41 100.34 9.32 43.98 236.10 11.34 42.54 28.02 11.70 31.33 98.82 20.72 25.68 73.73 26.64 62.96 51.04 33.94 40.24 33.53 9.24 43.84 61.30 37.15 41.70 15.57 35.52
103.31 62.69 93.94 63.18 49.50 4.24 33.66 73.58 47.11 5.83 83.14 5.40 30.21 27.58 160.68 42.33 55.12 6.02 22.92 41.67 69.73 404.81 314.00 51.55 68.57 99.13 9.19 42.80 231.49 11.25 43.90 28.32 11.68 31.03 98.99 20.76 25.53 71.98 26.83 59.43 51.99 34.07 40.18 32.55 9.16 44.59 61.25 37.77 42.74 15.75 34.53
104.02 63.14 93.24 64.07 49.95 4.46 33.32 74.47 46.73 5.72 83.49 5.47 30.70 27.87 163.41 43.10 56.93 6.11 21.50 41.85 70.43 399.08 331.04 53.23 68.39 99.16 9.27 42.10 228.92 11.59 43.67 28.59 12.18 32.10 99.62 20.29 25.84 72.97 27.26 58.88 51.94 34.62 41.03 32.26 9.11 44.99 61.39 39.03 42.01 16.59 34.55
104.03 63.95 93.74 62.40 49.31 4.52 33.39 73.50 47.64 5.63 82.83 5.63 30.95 27.94 161.19 43.10 57.67 6.10 20.94 42.22 71.85 395.61 339.95 51.82 66.53 94.84 9.12 42.20 228.82 11.82 41.79 27.82 12.31 32.04 101.11 20.27 25.55 74.47 28.22 60.31 54.16 34.72 41.40 32.00 9.11 44.33 61.19 40.34 41.46 16.68 34.91
104.94 65.46 91.77 63.33 49.48 4.64 33.70 74.29 47.60 5.73 82.46 5.66 31.22 27.90 163.31 43.67 58.65 6.02 20.84 43.23 74.18 413.45 339.37 51.97 68.15 94.11 9.23 41.95 235.92 11.41 40.92 27.92 12.04 31.41 103.34 20.61 25.66 76.30 27.24 61.31 54.82 34.56 41.73 32.53 9.21 44.90 62.48 39.83 40.86 16.63 35.26
105.02 66.02 93.19 62.24 49.20 4.58 32.57 75.63 47.05 5.79 81.89 5.59 30.46 26.93 162.71 42.88 59.91 6.06 20.07 44.64 72.77 442.27 347.35 51.98 66.10 93.00 9.06 41.17 231.70 11.41 40.76 28.00 11.73 31.24 101.66 21.26 26.05 75.43 27.65 59.57 54.87 34.27 40.56 33.02 8.92 43.89 61.43 39.39 40.86 16.56 35.24
106.15 66.96 95.43 62.59 50.02 4.60 33.15 75.56 48.03 5.58 84.16 5.68 30.64 26.27 162.29 44.65 60.94 6.30 20.09 45.42 70.81 449.71 349.14 53.33 65.84 92.34 9.10 41.37 234.95 11.45 41.97 28.36 12.03 31.63 101.00 20.38 25.64 74.99 28.14 63.46 57.10 34.56 40.55 33.23 8.85 44.96 61.64 39.72 41.49 16.58 35.47
106.28 66.18 93.69 65.19 50.15 4.43 33.15 78.03 49.13 5.68 84.46 5.54 30.30 24.94 161.66 44.74 60.72 6.31 20.73 44.67 71.89 423.96 353.94 52.79 66.03 93.49 9.37 42.09 234.62 11.71 41.69 28.79 12.15 31.65 100.67 20.64 25.27 73.30 29.47 68.61 57.95 34.52 41.04 33.45 8.99 45.28 63.19 39.55 41.29 17.16 35.32
104.55 64.54 93.46 63.25 48.72 4.25 33.62 75.39 47.65 5.40 83.35 5.34 30.08 24.37 153.84 44.22 59.21 6.18 19.44 46.14 69.00 419.11 351.91 52.13 65.80 93.67 9.26 41.80 226.68 11.75 38.80 28.11 12.02 31.52 96.15 19.53 24.99 73.83 27.34 69.11 55.06 33.60 40.41 33.55 8.80 45.46 63.07 38.81 40.85 17.11 34.33
106.29 66.75 91.17 63.78 49.78 4.36 33.47 76.03 47.72 5.55 84.93 5.27 31.64 24.83 154.33 45.27 59.38 6.16 19.59 45.76 70.35 458.19 353.28 53.74 67.79 94.40 9.53 42.41 228.72 11.67 39.88 27.71 11.93 31.94 98.65 19.38 25.00 75.02 27.40 68.07 55.80 34.03 40.68 33.77 9.14 45.00 62.28 39.74 40.90 17.37 34.18
105.60 67.42 90.84 62.86 50.23 4.16 33.33 76.44 47.22 5.64 86.35 5.45 31.60 24.75 153.48 45.51 58.22 6.02 18.23 46.13 71.95 451.02 357.30 53.32 66.43 91.60 9.59 42.52 226.98 11.28 39.27 27.66 11.71 32.32 98.52 18.63 24.80 72.16 27.22 65.57 56.10 33.82 40.38 33.90 9.06 44.12 62.06 40.77 40.21 17.04 34.14
105.65 67.48 93.64 62.65 51.23 4.21 32.86 76.38 48.80 5.57 84.92 5.37 31.30 24.42 150.24 45.05 59.23 6.07 18.57 46.54 72.34 466.87 343.82 53.99 70.34 93.22 9.65 42.49 229.66 11.11 38.00 27.48 11.45 31.91 96.48 19.83 24.48 75.58 26.61 62.90 57.94 33.38 40.29 33.53 8.98 43.93 61.47 39.51 40.84 16.54 33.63
106.04 67.46 94.82 64.41 51.74 4.16 33.58 77.44 50.88 5.79 86.16 5.31 31.58 25.34 153.09 44.83 58.17 6.14 18.14 48.84 74.78 457.75 352.42 56.85 69.87 92.91 9.76 42.69 226.14 11.13 36.77 27.58 11.45 31.81 99.49 19.59 24.89 75.07 26.37 64.39 57.54 33.04 40.66 33.59 8.91 42.37 61.64 39.49 40.81 16.69 34.64
104.49 67.54 92.31 63.59 52.75 4.21 34.37 76.90 52.06 5.62 85.31 5.24 30.72 24.83 152.82 43.79 56.14 6.19 17.67 47.95 74.12 444.78 358.96 55.61 67.26 91.68 9.67 42.60 224.13 11.36 33.75 27.70 11.60 31.25 98.59 19.41 23.67 68.71 26.44 63.03 53.44 32.19 40.30 33.08 8.81 42.46 61.05 38.96 40.24 16.55 33.98
104.42 67.28 92.98 64.80 54.58 4.02 34.75 77.83 51.23 5.44 85.21 5.26 30.62 25.45 153.19 44.07 56.35 6.27 17.28 47.05 73.84 437.15 367.05 56.05 65.34 89.59 9.65 43.70 236.12 11.55 33.66 27.83 11.63 30.99 99.62 18.29 23.48 67.64 25.65 64.20 53.08 32.46 40.74 33.28 8.82 44.06 60.43 38.12 40.45 16.26 34.03
105.57 68.91 93.50 66.29 54.27 4.04 36.08 78.33 51.48 5.39 86.10 5.33 31.34 26.33 156.49 43.27 55.24 6.26 17.75 48.38 73.02 435.03 378.61 56.26 65.77 89.35 9.73 44.78 233.88 11.39 34.94 28.44 11.54 30.80 104.56 18.63 23.95 67.13 25.67 66.51 55.40 32.86 41.61 33.71 8.89 44.28 61.54 37.90 40.71 16.38 33.95
105.88 68.55 94.26 65.93 56.32 4.04 34.58 76.95 51.97 5.55 84.91 5.32 31.34 26.32 158.55 42.81 55.73 6.25 18.31 49.97 74.91 444.88 380.42 57.06 64.47 84.58 9.67 45.27 231.81 11.63 35.20 28.53 11.67 31.36 104.87 17.74 24.29 65.13 26.06 67.98 57.97 32.93 41.58 33.51 8.83 44.75 60.55 38.92 40.99 16.91 33.91
106.11 69.00 93.54 66.56 56.15 4.04 34.55 76.82 51.94 5.60 84.88 5.31 29.73 26.98 156.89 44.66 55.46 6.04 18.62 50.56 74.14 452.63 386.27 59.63 65.95 89.35 9.62 46.00 236.48 12.00 35.43 27.93 11.62 31.23 106.87 17.94 24.19 67.19 26.50 63.46 56.41 32.47 41.12 33.93 8.82 43.50 59.94 38.98 41.91 16.74 33.57
106.17 69.55 92.28 65.88 54.97 3.91 34.42 78.46 52.03 5.65 84.57 5.30 30.07 26.80 156.12 44.66 56.69 6.24 18.67 52.40 75.74 448.68 381.07 63.03 67.11 86.72 9.35 45.17 231.56 12.36 38.39 28.72 11.50 30.61 108.31 17.26 24.15 66.53 27.06 61.76 58.21 32.07 41.44 34.39 8.91 43.58 59.46 37.75 41.10 16.41 35.17
106.62 69.27 93.27 67.89 55.01 3.98 34.19 79.56 51.09 5.74 86.14 5.25 30.12 26.56 158.42 43.87 57.04 6.56 19.48 50.68 74.38 448.49 385.88 65.09 65.85 88.29 9.38 45.81 237.47 12.68 37.16 28.78 11.51 31.68 110.67 17.58 24.32 68.45 28.19 60.61 55.41 32.40 41.97 34.35 8.97 43.48 60.79 36.32 41.89 16.39 34.86
107.14 71.14 94.22 70.33 54.18 4.15 33.06 79.79 52.66 5.83 88.46 5.29 31.39 25.28 161.24 44.18 55.05 6.80 18.59 50.56 73.74 431.01 386.68 66.48 66.03 91.32 9.55 44.92 232.82 13.06 37.60 29.99 11.54 32.42 109.90 16.90 24.23 68.49 28.53 60.53 59.91 32.54 42.97 35.66 9.18 45.28 60.39 37.43 42.44 16.67 35.20
107.75 71.48 97.68 68.75 53.36 4.12 33.45 78.37 53.39 6.16 88.15 5.35 31.80 26.19 159.03 43.92 55.17 7.04 18.50 48.68 73.97 434.73 388.76 66.50 65.81 90.72 9.71 45.00 234.98 13.30 38.59 30.21 11.56 32.36 110.39 17.06 24.40 68.23 29.75 64.77 59.25 32.57 44.31 35.76 9.22 44.35 60.74 35.75 42.53 16.89 35.19
107.95 69.46 103.13 70.37 55.33 4.00 33.55 78.18 53.15 6.29 89.50 5.46 32.43 26.08 157.42 44.25 55.58 7.07 18.10 48.94 73.30 414.33 391.92 66.70 65.30 92.63 9.82 45.77 240.64 13.52 38.49 30.37 11.57 33.04 113.68 16.56 24.32 70.74 29.62 65.21 57.60 32.72 44.55 35.51 9.48 42.72 62.78 36.47 41.95 17.41 35.64
108.61 69.18 107.34 70.91 55.57 3.94 33.88 76.38 52.89 6.20 88.13 5.53 31.42 26.26 152.89 44.58 55.32 7.42 19.03 48.00 72.78 415.96 401.17 66.69 68.12 97.47 9.81 44.65 240.45 14.15 37.16 30.46 12.16 33.64 112.69 16.52 24.53 76.54 30.81 66.06 54.48 33.48 44.61 35.85 9.46 41.91 62.85 36.25 42.08 16.99 36.31
109.12 68.43 111.01 74.27 55.01 4.00 35.67 77.51 54.29 6.37 89.57 5.62 30.97 26.43 154.43 45.06 56.14 7.18 19.44 46.28 72.80 425.90 417.65 66.33 68.42 95.81 9.36 45.07 238.80 13.91 35.97 30.42 11.53 33.33 114.32 16.28 24.52 75.65 30.30 63.44 54.77 33.94 45.63 35.93 9.41 41.56 62.83 35.91 42.42 16.43 34.60
107.69 67.15 108.25 72.96 54.88 4.09 33.89 76.56 53.86 6.12 85.38 5.55 30.15 25.65 155.52 43.27 56.79 7.17 18.95 44.10 73.67 420.79 409.73 65.82 68.65 93.60 9.17 45.10 242.47 13.91 34.82 30.26 11.67 32.86 112.10 16.36 24.41 77.30 29.79 61.77 53.73 33.27 45.35 35.38 9.54 40.97 62.00 35.58 42.41 16.40 35.50
107.68 65.37 108.50 73.00 54.28 4.08 33.56 76.21 53.43 6.19 82.33 5.42 29.75 26.12 153.30 42.19 55.89 7.24 18.46 43.31 74.11 432.24 413.84 64.37 69.65 93.17 9.15 44.69 238.54 14.02 34.33 30.73 11.50 32.42 112.27 16.45 24.74 75.46 30.09 61.98 54.97 33.51 44.63 36.24 9.51 39.69 61.45 35.98 42.59 16.45 35.12
104.31 63.15 106.49 73.03 53.21 3.83 31.85 74.72 50.81 5.96 81.80 5.34 28.73 25.85 149.13 41.90 55.06 7.15 17.15 43.00 73.12 390.76 410.26 62.45 66.04 87.90 8.65 42.52 239.68 13.92 33.12 30.36 11.53 30.75 109.24 16.18 23.97 72.35 28.85 61.76 55.59 32.95 44.27 35.75 9.25 37.20 60.12 35.92 40.99 16.21 33.51
102.43 62.53 104.29 72.50 51.61 3.77 32.60 73.25 49.26 5.81 79.61 5.22 28.29 25.62 148.47 41.47 53.96 7.23 17.32 43.94 72.21 364.13 407.72 61.85 65.86 86.45 8.56 41.89 231.41 14.36 32.02 30.89 11.08 29.70 107.44 16.37 23.34 68.94 28.36 64.69 51.30 32.73 43.60 35.12 9.07 34.75 59.23 35.25 40.25 15.76 33.09
101.21 62.63 104.12 71.62 50.61 3.88 32.09 73.08 48.43 6.01 77.53 5.14 27.61 24.20 148.66 41.48 54.17 7.44 16.80 43.38 71.28 347.48 411.50 62.23 65.72 87.14 8.36 41.63 225.25 13.71 30.92 31.18 10.53 28.09 105.91 16.09 23.89 67.44 28.39 63.20 51.24 32.90 43.55 35.22 9.00 35.43 58.66 35.30 40.73 15.51 32.50
101.78 63.03 106.30 70.69 49.50 4.04 32.44 73.33 48.47 6.10 78.89 5.18 27.55 25.20 149.30 41.57 56.69 7.42 17.31 43.00 71.95 349.84 414.57 63.13 67.96 86.14 8.33 42.49 221.76 13.76 31.56 31.09 10.37 27.61 105.11 15.80 24.10 67.87 28.44 62.59 50.08 32.70 43.66 35.81 8.77 36.89 59.64 35.36 40.88 15.71 31.49
102.05 63.31 107.05 70.59 49.28 4.00 33.33 72.96 47.65 6.15 77.76 5.15 27.66 25.28 149.66 40.21 55.91 7.44 17.60 40.21 72.75 352.40 416.35 63.45 67.77 88.34 8.29 42.75 218.37 13.64 32.27 31.67 10.38 27.86 105.86 15.78 24.58 68.82 27.31 63.85 51.99 32.54 42.97 35.78 8.82 38.07 59.74 34.07 41.07 16.24 31.83
103.11 63.22 106.41 68.94 50.20 4.02 34.89 71.92 47.16 6.31 79.02 5.18 27.87 25.41 150.58 40.45 56.52 7.44 18.11 40.35 72.02 352.54 421.82 64.97 66.42 86.18 8.14 43.73 219.52 13.63 33.29 32.12 10.60 28.05 110.82 16.20 25.42 71.84 27.55 65.05 53.43 32.35 43.40 36.25 8.92 38.47 60.67 34.62 40.22 16.58 33.00
103.04 63.00 105.08 66.88 50.68 3.93 33.89 70.36 47.22 6.22 79.37 5.04 28.12 24.85 148.36 41.83 55.69 7.30 18.39 39.73 71.41 353.35 423.35 65.61 66.01 88.09 7.98 43.77 217.51 14.35 34.23 32.44 10.66 27.79 108.39 16.75 25.61 77.03 27.29 63.06 54.25 32.42 43.03 36.44 8.78 39.47 60.00 35.16 40.28 16.39 32.85
104.59 64.42 103.39 68.29 52.42 4.01 34.80 69.77 47.45 6.41 79.42 4.98 28.96 24.88 146.59 41.13 55.65 7.50 18.79 39.93 73.55 362.87 433.47 67.06 66.61 87.63 8.16 44.22 213.82 14.84 34.13 32.86 10.89 28.21 107.33 17.33 26.16 79.51 29.58 66.24 54.23 32.59 43.69 37.15 8.90 39.92 61.19 33.89 41.09 16.69 33.28
105.05 65.26 104.54 68.04 52.55 4.09 34.24 69.90 47.16 6.61 80.02 4.98 28.60 25.16 147.96 40.07 55.56 7.58 18.43 40.03 71.07 352.74 458.68 66.17 64.80 86.15 8.23 43.76 213.93 15.46 32.82 34.71 11.19 28.49 106.88 17.06 26.27 78.90 30.19 68.38 55.39 32.79 43.93 37.53 8.67 38.58 61.27 34.14 42.26 17.25 33.73
104.47 64.56 103.25 68.15 52.74 4.16 34.54 70.00 47.95 6.56 78.69 4.79 28.49 25.08 146.65 39.55 55.08 7.58 18.40 40.56 69.69 338.09 461.95 68.69 66.15 86.61 8.04 43.57 212.40 15.48 33.08 34.57 11.17 28.39 105.59 16.98 26.49 80.93 30.26 64.94 56.68 32.58 43.55 36.99 8.56 38.92 61.20 33.85 41.71 17.82 32.88
105.11 64.06 105.38 68.93 52.30 4.03 34.99 70.19 48.77 6.85 78.17 4.64 28.82 24.29 148.71 40.88 56.04 7.57 19.43 40.48 69.46 330.40 463.91 69.61 67.82 92.64 8.13 44.94 209.77 15.48 33.35 35.65 11.43 28.14 106.55 17.71 26.40 80.45 29.92 66.93 57.26 32.82 43.53 37.44 8.40 41.43 61.21 33.06 41.24 17.21 33.75
105.10 64.19 108.10 67.76 52.06 4.07 36.64 67.93 47.95 7.06 81.70 4.54 28.18 23.77 149.13 41.99 55.93 7.65 20.73 39.36 68.77 323.53 458.66 69.58 69.97 94.46 8.32 44.19 201.23 15.81 34.43 35.56 11.80 27.97 103.74 17.88 26.83 80.83 29.85 62.40 55.23 32.74 43.37 37.86 8.35 40.81 61.34 33.01 41.50 17.18 33.96
106.21 63.66 108.03 69.54 52.47 4.13 35.87 67.97 50.95 7.20 84.31 4.42 29.19 24.32 151.26 42.34 56.27 7.64 20.68 40.28 69.59 328.62 472.36 71.30 71.27 90.57 8.30 44.77 205.77 16.16 34.93 34.67 12.11 28.42 102.55 18.05 27.02 84.99 30.35 62.21 55.39 33.90 42.95 38.61 8.35 41.61 61.88 33.27 41.84 17.39 35.00
106.39 63.49 105.17 68.79 51.43 4.02 35.22 68.45 50.35 7.03 86.31 4.60 29.91 24.55 151.10 42.24 54.21 7.71 21.75 39.55 69.07 335.63 468.72 70.42 72.02 89.65 8.28 44.99 209.11 16.75 36.84 33.64 12.14 28.11 101.41 18.80 26.44 87.77 30.53 63.10 53.29 34.29 42.60 38.85 8.50 42.22 61.91 33.61 42.30 17.41 34.65
105.32 63.55 101.23 68.43 51.43 4.09 35.83 68.83 48.46 6.98 87.03 4.55 29.09 25.01 148.72 41.77 52.60 7.14 21.72 39.14 68.22 336.19 462.40 72.34 72.38 90.30 8.21 44.14 201.17 16.61 35.47 34.14 12.18 28.23 101.02 18.60 26.14 85.99 29.42 61.68 51.90 33.44 42.09 38.92 8.34 41.17 61.61 32.53 39.83 17.14 32.51
104.96 64.28 102.76 67.74 52.21 4.22 37.07 69.14 48.98 6.98 88.00 4.41 28.20 24.81 149.49 41.39 53.58 6.91 21.25 40.35 68.23 326.48 454.73 72.03 71.29 90.73 8.36 44.25 201.58 16.78 34.07 34.20 12.28 27.48 101.36 18.18 26.29 84.00 29.72 60.91 50.30 32.97 41.93 39.09 8.45 40.37 61.72 33.90 39.01 17.14 31.77
103.13 63.06 99.73 67.37 52.59 4.11 37.15 68.58 47.79 7.07 83.42 4.46 28.09 25.52 148.06 42.50 53.76 6.82 20.31 38.49 65.31 311.75 428.90 72.45 70.69 91.50 8.44 43.83 202.18 16.33 33.92 34.51 12.55 25.89 100.54 18.06 25.80 80.45 28.21 61.41 50.31 32.84 41.81 38.49 8.40 39.42 60.61 33.54 39.81 16.61 29.91
104.32 63.52 98.35 67.29 53.96 4.19 38.08 67.24 48.83 7.01 85.62 4.49 28.18 25.34 149.27 41.48 55.52 6.82 20.31 38.96 64.60 328.75 446.17 71.78 70.66 94.88 8.60 43.37 194.29 16.29 35.98 34.46 12.34 26.05 99.54 18.32 25.50 80.90 27.72 61.08 53.68 32.60 41.97 39.18 8.48 39.07 60.21 34.11 40.09 16.14 29.99
105.90 63.19 98.07 68.26 55.01 4.36 38.06 69.55 51.09 6.98 88.07 4.48 28.44 25.69 150.05 40.84 57.72 6.78 20.93 39.93 65.92 343.38 447.87 72.91 72.99 96.91 8.74 43.99 194.47 16.77 35.99 34.42 12.60 26.49 102.24 18.28 25.50 80.41 28.89 62.27 53.50 32.95 42.01 39.65 8.45 38.90 61.13 33.85 40.18 16.85 30.75
106.29 62.47 103.06 68.00 56.24 4.36 36.72 69.22 50.86 7.29 88.08 4.50 27.79 25.81 150.03 42.36 58.04 6.89 21.87 38.78 66.93 349.43 449.96 75.37 74.48 101.21 8.96 43.17 201.68 15.76 37.16 33.84 13.03 26.75 104.66 18.00 24.85 78.55 28.54 63.73 54.39 33.04 41.85 39.17 8.45 40.36 61.15 33.22 40.29 17.02 30.83
106.08 62.44 101.92 69.32 57.29 4.20 37.63 68.47 49.38 7.66 86.49 4.45 27.98 25.86 152.41 41.45 58.86 6.84 21.41 40.59 66.97 328.46 444.08 75.39 77.35 100.64 8.89 43.08 195.70 15.64 38.61 33.99 13.42 27.21 105.53 18.26 24.76 81.14 28.80 62.35 56.52 33.30 41.92 39.39 8.50 39.19 61.31 32.54 40.33 17.16 30.09
107.91 63.58 105.94 72.40 58.46 4.11 38.60 69.61 49.43 8.12 87.13 4.56 28.22 26.99 155.78 41.58 60.10 6.98 22.31 39.99 68.82 335.48 438.62 77.09 80.37 104.19 9.00 43.41 200.19 15.73 38.48 34.79 13.23 28.35 107.10 19.02 25.35 84.33 29.57 61.33 57.13 33.82 42.74 39.99 8.49 39.23 63.53 32.70 40.35 16.91 30.29
107.91 65.00 105.83 72.30 58.94 4.04 39.89 69.35 47.58 8.13 89.18 4.61 28.51 26.43 157.85 41.53 61.04 7.03 21.96 41.53 68.16 340.14 432.94 77.26 80.50 101.77 8.73 44.21 198.05 15.66 37.94 33.60 12.82 28.29 109.25 19.11 24.71 81.21 30.12 61.59 55.11 33.40 43.14 39.65 8.68 40.47 63.38 32.22 40.27 17.00 30.75
107.03 65.26 102.81 71.69 58.97 4.09 39.52 70.28 47.57 7.97 91.72 4.61 28.37 25.37 157.75 40.35 61.36 6.83 21.00 39.27 68.61 330.56 431.77 77.61 77.71 101.51 8.66 42.22 204.76 15.27 36.54 32.95 12.77 27.64 110.92 18.25 24.70 83.98 30.78 63.47 54.02 33.30 42.79 39.05 8.51 40.08 63.97 31.75 40.60 16.92 30.16
107.82 65.78 104.07 73.22 59.07 4.17 39.35 70.62 46.48 8.11 92.89 4.72 26.55 25.80 160.06 41.45 61.37 6.90 20.35 39.51 67.96 354.47 429.87 76.45 79.48 97.51 8.84 42.83 206.92 14.75 35.12 33.67 13.12 28.39 115.34 19.00 24.50 83.28 30.12 65.23 53.57 33.20 43.40 38.93 8.40 40.25 64.42 30.80 41.15 16.64 29.72
108.82 65.50 104.26 72.13 57.83 4.17 39.85 71.39 45.59 7.73 89.92 4.81 26.50 25.36 162.85 41.49 60.54 6.72 20.91 40.21 69.76 373.60 439.21 77.05 79.57 99.53 8.95 43.36 210.66 15.27 35.03 34.19 13.18 28.51 114.79 19.06 24.22 84.11 29.91 68.28 53.38 33.54 42.63 40.05 8.39 40.59 65.33 30.48 41.18 16.51 30.03
109.29 66.40 104.75 73.10 57.91 4.16 39.72 73.49 46.50 7.75 89.42 4.76 26.59 25.78 160.26 42.28 59.12 6.93 22.89 42.47 70.67 362.63 431.26 79.59 82.08 100.56 9.29 42.25 212.35 15.58 35.89 33.59 13.24 28.36 120.82 20.04 24.71 86.71 31.45 66.85 52.40 34.03 42.62 39.53 8.24 40.68 66.40 31.75 41.68 16.71 30.81
109.34 66.63 105.28 73.60 57.72 4.11 39.56 73.45 46.79 7.60 88.67 4.84 26.95 26.83 159.48 42.92 58.81 7.06 23.07 43.37 71.71 364.85 438.76 80.29 81.31 101.40 9.23 42.50 205.35 15.68 35.04 33.56 13.51 28.54 121.67 19.64 24.44 85.15 30.50 65.71 53.41 33.88 43.15 39.48 8.09 40.79 66.56 31.38 41.77 16.74 30.89
107.84 63.89 101.72 72.44 57.72 4.15 40.87 75.49 45.37 7.63 88.51 4.79 26.83 27.05 157.73 42.84 56.14 6.98 24.51 42.14 70.30 350.44 429.28 77.46 81.35 99.59 8.98 42.23 197.03 16.16 34.07 31.73 13.58 27.50 121.66 19.70 24.50 89.37 29.06 62.52 51.75 33.43 42.52 38.46 7.93 41.39 66.61 31.08 40.91 16.24 30.65
109.37 63.58 101.16 74.38 57.11 4.05 41.82 77.26 45.41 7.62 88.68 4.80 26.81 27.19 159.89 43.58 58.17 6.86 25.15 43.07 72.01 369.52 426.37 79.00 82.17 100.03 9.20 43.04 197.40 16.46 34.02 31.99 13.54 28.51 121.48 21.63 25.05 90.38 31.03 64.74 52.06 33.55 42.40 38.12 7.94 41.07 66.14 30.96 41.21 16.32 31.03
110.11 62.78 97.95 75.52 58.80 4.14 43.02 77.68 45.57 8.01 90.26 4.78 26.66 26.92 161.41 44.21 57.63 7.13 25.15 43.28 71.23 368.56 419.83 81.88 81.42 99.02 9.13 43.30 200.64 16.34 36.51 32.69 13.13 29.33 122.79 23.24 25.53 92.87 31.62 61.63 53.31 33.90 42.58 38.54 7.94 41.00 66.85 31.08 42.04 16.41 31.29
110.33 63.71 96.89 76.08 60.15 4.15 44.57 77.87 47.18 7.97 90.89 4.74 26.86 27.19 163.12 42.81 59.18 7.31 25.52 42.32 70.53 366.25 417.29 77.10 79.10 98.51 9.00 43.95 196.78 16.63 36.50 31.62 13.40 29.45 122.37 23.55 25.99 84.06 32.01 61.43 59.49 33.74 41.88 38.33 7.98 41.40 67.63 31.67 41.96 16.99 31.07
110.84 63.15 98.54 77.73 59.91 4.21 43.82 78.53 48.19 7.84 89.64 4.67 27.92 26.96 164.17 42.52 58.87 7.17 25.73 40.25 70.84 385.56 413.53 78.31 77.96 103.20 9.15 43.83 197.68 16.31 35.70 30.96 12.99 28.57 123.40 22.68 25.89 88.03 33.21 64.42 58.93 34.12 41.28 38.77 7.82 41.45 67.90 32.01 42.47 16.61 32.41
109.46 62.41 94.26 76.34 58.99 4.24 44.43 76.81 46.48 7.83 88.73 4.72 27.73 26.18 162.56 41.74 59.54 7.13 26.14 39.31 69.79 378.80 414.46 77.80 74.33 101.77 9.01 41.70 193.95 15.87 35.55 30.31 12.77 29.16 119.90 22.99 25.70 92.12 32.86 63.61 57.06 33.82 40.46 38.04 7.68 40.70 67.44 30.32 41.81 16.34 31.89
109.33 63.17 95.80 77.01 59.21 4.26 43.63 76.16 47.89 7.96 90.04 4.92 27.68 25.98 164.98 42.30 59.30 7.08 25.29 39.08 69.06 372.83 406.93 80.66 73.87 101.68 9.24 42.39 191.03 15.92 34.69 30.27 13.10 28.76 122.51 22.96 25.54 89.79 32.53 63.63 58.33 33.55 41.03 38.46 7.73 41.00 67.40 29.35 42.55 16.91 32.25
109.64 63.84 96.12 77.67 58.43 4.19 43.83 75.02 46.05 7.89 89.85 4.99 28.10 25.78 166.65 41.48 59.90 7.07 24.97 39.83 68.29 372.31 407.02 79.93 74.87 103.16 9.12 43.50 191.24 15.66 35.47 30.23 13.06 28.84 120.24 23.87 25.39 96.14 32.82 62.81 60.58 33.11 41.14 38.46 7.74 40.94 67.72 29.34 42.13 16.78 32.75
110.54 63.16 96.40 78.06 60.34 4.20 44.95 75.11 46.54 7.66 88.97 4.99 28.03 25.25 169.83 41.76 60.64 6.94 25.62 39.99 66.79 374.69 406.12 79.50 76.16 104.83 9.16 43.69 187.72 16.33 37.48 30.79 12.84 28.93 121.48 23.43 25.83 95.54 32.05 68.27 60.83 33.14 41.31 38.60 7.81 41.95 67.26 29.23 42.03 17.12 34.16
110.63 62.60 95.91 76.24 61.31 4.22 44.85 76.68 45.28 7.66 84.76 5.06 28.76 24.61 169.27 42.81 60.79 6.79 25.56 40.04 66.84 385.16 418.38 79.82 76.46 103.14 9.22 42.96 184.94 16.41 38.11 30.92 13.10 29.10 119.56 23.80 25.73 99.75 32.72 63.96 59.80 33.12 41.23 38.45 7.72 40.93 66.35 28.85 42.19 17.10 35.16
110.53 62.54 92.84 76.02 62.58 4.06 42.78 76.52 46.48 7.62 83.65 4.93 28.69 24.74 170.90 42.99 59.46 6.72 26.20 41.02 66.23 374.08 429.96 82.08 78.68 103.48 9.43 43.83 183.73 16.44 39.58 31.34 13.20 28.52 121.22 23.93 26.10 99.94 33.78 65.02 58.77 33.28 41.50 38.38 7.65 40.93 65.77 28.07 42.60 16.93 36.29
112.97 61.57 96.06 77.56 63.91 4.05 43.85 77.26 47.05 7.74 86.56 4.96 28.92 24.78 174.51 43.62 59.18 6.93 27.52 42.12 67.68 399.92 430.87 84.00 84.01 104.40 9.92 45.33 183.54 16.54 39.77 32.29 13.29 28.33 122.17 25.01 26.17 108.14 34.41 66.38 60.79 33.78 41.54 38.92 7.64 39.63 66.49 27.42 44.27 16.97 35.84
113.77 61.03 97.78 77.93 62.81 4.21 46.10 77.14 47.04 7.88 85.26 4.95 29.58 24.85 174.81 44.35 60.04 7.16 25.76 43.67 66.76 389.80 446.67 85.48 83.80 104.19 10.05 45.39 186.48 16.92 40.80 32.45 13.22 27.98 122.63 25.39 26.63 111.90 34.92 67.99 61.54 34.10 41.95 39.22 7.69 38.12 67.01 26.85 44.50 17.50 36.01
114.28 60.13 99.32 78.89 64.09 4.20 48.08 77.52 47.73 8.16 84.90 4.96 28.75 25.15 180.74 45.17 60.64 6.94 25.56 44.09 68.85 389.44 450.56 87.01 83.09 104.62 10.48 43.68 188.15 16.71 41.12 32.76 13.13 28.06 123.55 24.85 26.15 106.94 36.30 67.96 60.59 33.53 42.41 40.08 7.60 38.39 67.61 26.29 42.93 17.37 36.21
112.65 59.95 97.11 77.67 63.74 4.16 44.97 76.85 47.77 8.06 85.47 4.92 29.10 25.58 182.27 44.95 59.42 6.94 25.05 43.97 68.63 379.08 447.10 86.80 82.81 104.84 10.59 42.55 183.39 16.32 41.71 31.85 13.33 28.37 121.25 25.08 25.98 99.85 35.64 68.19 57.55 34.07 41.54 38.70 7.49 39.55 66.71 25.47 42.71 17.98 36.15
112.82 59.23 94.27 78.76 65.93 4.22 45.76 77.44 47.02 7.87 85.77 5.02 28.30 25.80 179.78 46.30 58.96 6.86 24.94 44.66 68.72 378.20 450.86 89.64 84.50 109.42 10.57 41.91 180.46 16.06 38.49 31.57 13.17 28.09 119.93 24.76 25.96 98.20 36.39 69.19 58.28 34.37 40.93 38.47 7.48 39.85 66.88 25.94 42.32 18.59 35.46
113.33 59.73 93.91 80.12 67.15 4.29 45.64 79.14 45.50 7.72 84.11 5.09 27.62 25.24 185.03 46.62 58.27 6.79 25.25 44.92 69.67 387.61 461.43 89.94 84.40 109.76 10.44 42.12 182.23 16.29 39.25 30.63 13.85 27.29 120.14 23.70 26.17 102.56 37.92 66.23 59.71 34.98 41.27 37.88 7.57 39.96 67.68 25.81 42.04 19.01 35.35
113.41 60.69 91.43 79.05 64.19 4.46 45.34 77.74 45.37 7.52 86.26 4.99 27.51 25.25 182.74 47.65 58.87 6.78 25.80 46.31 67.02 391.81 458.80 89.58 86.49 109.08 10.20 40.72 177.22 16.50 40.48 30.78 14.10 27.76 117.66 23.69 26.18 104.94 38.13 66.75 60.98 34.97 41.20 37.74 7.56 39.20 66.69 26.12 42.25 18.48 34.92
114.11 62.61 94.56 79.94 65.60 4.37 45.74 77.80 44.69 7.54 86.01 4.98 27.55 25.17 182.03 48.51 60.05 6.95 26.49 47.92 67.99 391.17 468.58 92.11 88.00 104.75 10.25 42.08 178.54 16.48 39.96 30.84 13.98 27.51 118.88 23.58 25.32 108.52 39.55 64.29 60.74 35.08 41.56 38.03 7.58 38.92 67.74 26.19 42.48 18.88 34.70
113.27 63.88 94.20 80.12 65.72 4.42 45.01 78.62 44.68 7.73 85.31 5.02 27.11 25.06 180.64 47.48 60.00 6.92 26.81 46.86 68.27 369.68 467.62 90.84 87.69 107.16 10.19 41.65 178.27 16.16 42.49 31.24 13.79 27.08 116.78 24.05 25.62 114.51 39.46 63.95 57.77 35.06 41.53 37.31 7.47 38.29 68.83 26.25 41.95 18.15 33.51
114.12 64.72 96.64 81.65 67.54 4.33 46.59 78.86 45.63 7.77 85.44 5.03 28.59 24.41 181.98 47.24 60.28 7.00 27.26 48.23 65.44 370.85 462.27 92.83 88.58 110.22 10.06 41.16 183.06 16.34 41.17 31.44 14.00 27.09 117.80 24.69 25.52 117.35 39.24 59.34 60.15 35.01 41.36 38.23 7.34 37.87 69.03 27.31 42.88 18.58 34.66
116.93 65.62 99.09 82.79 67.96 4.65 47.02 79.77 46.03 7.71 86.62 5.07 29.27 23.85 186.64 46.44 62.55 7.28 28.30 51.23 66.43 400.68 458.21 94.54 90.09 115.87 10.10 41.65 185.10 16.64 43.12 31.81 14.14 28.10 121.15 24.89 25.99 119.20 40.10 62.46 61.60 36.22 42.02 38.73 7.26 39.12 70.87 28.50 43.25 19.37 37.31
116.90 66.49 98.93 81.66 68.31 4.61 45.45 80.62 46.23 7.60 89.21 5.05 29.41 23.59 186.93 44.27 62.37 7.34 27.80 51.97 67.18 400.36 461.21 95.05 89.42 116.81 10.07 42.24 184.20 16.62 42.61 31.89 14.50 27.83 120.77 25.02 26.05 117.37 39.31 67.28 61.75 36.17 41.08 38.83 7.41 39.33 70.46 28.53 42.09 19.56 37.94
116.88 67.48 96.21 82.79 67.74 4.53 44.66 81.58 46.85 7.64 89.67 5.08 29.50 23.69 187.27 44.55 62.06 7.29 27.86 49.11 65.11 402.13 470.93 95.93 90.22 117.47 10.35 42.48 185.22 16.86 41.92 31.84 14.10 27.64 118.69 25.49 26.60 115.80 40.36 69.67 60.60 35.70 40.83 38.28 7.41 38.56 69.30 28.86 41.83 19.29 37.19
114.99 66.55 95.26 81.96 66.84 4.60 42.76 81.02 46.93 7.58 92.12 5.06 28.98 23.64 184.00 44.89 61.69 7.38 28.45 48.98 67.23 368.37 464.97 95.31 94.14 119.67 10.24 43.04 184.32 16.77 41.20 30.82 13.60 27.16 117.55 24.36 26.34 110.49 38.50 71.39 56.96 35.33 40.20 37.41 7.16 40.22 68.37 29.28 41.50 18.90 36.66
112.92 65.37 91.55 81.61 64.26 4.45 40.24 79.99 47.12 7.74 90.58 4.82 29.24 22.81 179.39 42.66 61.21 7.08 28.14 48.01 65.62 378.54 451.16 94.06 92.86 118.85 9.88 42.10 180.34 16.58 42.34 30.62 12.96 26.91 114.32 23.75 26.28 104.62 38.52 68.02 54.83 35.36 39.33 36.85 7.09 38.72 66.27 28.94 40.50 18.97 35.95
112.34 66.63 91.91 81.73 63.90 4.49 38.77 79.63 46.39 7.85 88.81 4.81 29.30 22.55 177.78 43.33 59.95 7.28 28.68 45.62 66.20 379.66 455.57 90.99 91.29 118.06 9.85 41.78 183.94 16.81 43.52 30.41 12.68 27.06 117.38 23.41 26.11 100.45 37.37 66.24 55.34 35.52 39.37 37.12 7.20 37.96 65.90 28.79 41.16 19.12 35.41
111.70 65.41 92.89 80.46 64.42 4.49 39.33 78.26 48.58 7.53 87.58 4.77 28.69 22.09 177.62 43.79 62.94 7.14 27.78 45.12 65.72 368.44 452.52 89.12 91.99 115.82 9.72 41.44 185.73 16.18 43.65 29.68 13.11 27.02 120.38 23.82 25.72 98.12 37.47 60.90 60.38 34.76 39.46 37.00 7.09 38.89 65.97 28.16 41.35 18.91 35.41
112.64 63.77 94.32 81.77 65.39 4.64 39.29 79.53 50.77 7.39 86.54 4.64 28.61 22.58 181.22 44.08 61.78 7.26 29.09 43.15 65.07 377.89 462.39 89.75 93.21 119.86 9.75 41.62 183.30 16.85 41.77 29.92 13.11 27.30 118.74 24.23 25.91 96.38 38.90 64.35 60.77 34.82 39.18 37.22 7.09 37.80 66.50 27.88 41.21 18.73 34.64
114.30 63.10 95.26 81.96 66.30 4.80 39.51 80.06 50.22 7.47 88.35 4.55 28.69 22.65 182.63 44.90 62.77 7.30 29.69 43.32 64.62 404.04 470.58 88.90 94.44 120.73 9.66 41.68 184.84 17.26 42.39 29.78 13.42 27.49 121.32 26.77 25.56 99.13 39.36 64.18 59.46 34.60 39.44 37.45 7.17 36.89 67.47 28.54 42.01 18.84 35.18
116.06 63.01 96.79 82.98 67.37 4.98 38.88 79.65 51.94 7.59 88.72 4.73 29.35 22.58 181.32 45.40 64.40 7.48 29.53 42.23 65.72 429.43 471.43 90.87 95.40 121.71 9.94 41.47 186.58 17.39 44.61 29.99 13.47 27.86 121.60 28.27 26.31 103.64 41.42 66.68 59.36 35.24 39.56 37.93 7.13 37.58 67.49 27.72 42.61 18.58 35.60
115.71 62.12 95.70 81.48 67.34 4.84 38.81 79.57 52.62 7.38 88.78 4.81 27.87 22.39 181.28 44.58 63.47 7.38 29.39 39.55 66.09 455.25 468.23 91.36 96.84 119.14 9.65 41.18 190.75 17.05 42.82 29.29 13.33 27.46 119.88 27.92 26.18 102.25 42.08 64.96 59.88 35.22 39.74 37.65 7.00 37.04 67.45 26.47 41.45 17.90 34.15
116.03 63.15 99.79 81.85 67.66 4.96 38.82 80.54 53.38 7.38 86.41 4.86 28.21 22.15 185.93 46.10 65.24 7.61 30.91 39.47 67.13 426.71 474.01 91.78 96.51 116.03 9.73 42.67 198.78 17.03 42.99 29.67 13.02 28.77 125.93 27.86 26.14 106.07 42.27 66.23 59.41 35.62 40.10 37.68 6.96 38.00 67.37 27.29 41.35 17.69 35.09
116.51 64.44 99.68 82.82 66.86 5.16 39.56 82.57 52.44 7.60 85.17 4.90 28.81 22.52 186.04 45.70 64.96 7.55 28.71 40.92 66.98 422.68 479.46 93.85 94.41 115.05 9.66 43.64 190.07 17.69 42.46 29.29 12.88 29.67 126.57 28.15 26.01 109.45 43.80 69.64 58.47 35.83 40.22 37.90 7.11 38.59 67.36 27.23 41.80 18.38 34.32
118.63 65.30 102.33 84.83 68.09 5.28 38.66 84.19 52.40 7.77 86.29 4.86 29.90 22.12 186.68 45.96 65.19 7.77 28.49 41.68 66.15 445.70 499.24 94.04 94.13 123.14 9.93 43.83 191.94 18.13 42.03 29.89 13.49 30.57 128.99 27.84 26.40 112.87 43.83 75.02 59.90 35.66 39.81 37.73 7.09 39.30 68.44 27.78 42.14 18.32 35.10
117.43 64.10 101.24 83.19 67.36 5.34 38.11 81.77 51.62 7.56 84.43 4.67 30.45 21.50 177.39 45.85 64.10 7.66 28.19 43.01 64.54 462.45 506.13 93.98 94.70 117.73 9.98 42.49 188.58 17.46 40.02 29.92 13.19 29.64 124.39 26.88 26.05 104.97 43.18 75.14 60.10 35.66 39.78 36.28 6.79 39.78 66.68 27.30 41.39 18.94 35.81
117.23 62.58 102.46 84.04 67.65 5.26 38.24 81.85 51.62 7.26 83.33 4.76 30.35 22.43 176.44 46.43 64.12 7.52 29.37 42.24 65.66 452.16 499.59 91.30 93.74 116.61 9.98 42.23 187.67 17.76 39.77 29.84 12.80 30.13 124.17 26.47 26.55 106.23 45.04 73.16 63.16 35.49 40.18 36.46 6.70 39.24 67.01 27.34 40.87 18.92 34.62
115.52 61.71 103.03 82.07 65.78 5.21 37.81 80.82 50.33 6.98 80.60 4.67 30.61 21.77 175.49 46.85 63.41 7.65 27.81 43.90 64.16 423.76 509.97 90.34 95.86 113.54 10.18 42.67 182.20 16.75 39.88 28.96 12.59 29.87 127.35 25.32 26.21 103.88 44.06 75.67 62.60 35.33 40.41 35.90 6.66 39.29 65.77 26.01 40.72 18.30 34.43
114.87 61.42 98.20 82.92 64.59 4.89 37.99 80.99 49.37 7.12 79.75 4.49 30.92 22.39 176.02 45.68 63.12 7.57 27.32 44.31 63.01 412.11 515.40 89.03 94.05 112.40 10.63 41.75 178.52 16.33 39.95 29.43 12.58 30.35 126.06 25.66 26.27 103.51 45.36 75.30 62.52 35.48 40.23 36.19 6.57 39.07 64.13 26.05 39.55 18.14 33.19
114.55 60.91 96.00 83.03 63.78 4.74 39.75 78.79 49.88 7.16 79.18 4.47 30.65 23.44 174.95 45.76 63.00 7.33 27.09 43.98 64.85 414.45 512.52 87.06 91.88 109.05 10.48 42.78 179.58 16.08 40.57 28.98 12.59 30.61 122.57 24.74 26.23 103.35 46.06 72.65 64.00 35.30 40.98 35.54 6.45 40.52 62.76 25.62 40.88 18.51 32.96
116.01 60.98 97.99 83.80 65.37 5.06 41.34 79.82 48.46 7.39 80.60 4.43 30.63 23.01 176.56 48.11 62.07 7.37 27.60 46.43 66.74 430.86 514.23 86.04 92.00 107.99 10.56 42.32 181.62 16.11 42.07 28.81 12.63 31.46 126.05 22.92 26.93 103.63 46.35 76.93 63.91 35.90 41.24 35.34 6.51 40.35 63.41 26.27 41.89 18.06 33.93
117.10 61.15 95.70 86.15 65.10 5.11 39.61 80.66 49.68 7.47 83.46 4.46 29.98 24.02 176.33 49.12 62.69 7.29 27.07 48.54 65.25 465.59 513.53 87.30 93.15 113.44 10.66 42.40 185.28 16.00 43.28 29.02 12.71 31.34 126.61 23.04 26.72 100.62 44.10 78.38 63.52 36.42 41.79 35.77 6.39 39.74 64.01 26.53 41.63 18.12 33.89
115.65 59.13 94.19 82.78 65.20 4.95 38.99 80.55 49.46 7.43 81.42 4.29 30.12 23.10 174.93 49.48 61.06 7.14 26.71 46.99 66.27 457.61 526.68 85.47 89.07 110.49 10.31 43.68 185.65 15.61 42.24 29.42 12.59 30.85 128.12 22.99 26.31 95.25 44.41 77.38 62.20 35.74 41.50 35.15 6.47 38.79 62.50 26.38 40.54 17.98 34.06
116.37 57.95 95.17 83.37 64.81 4.79 39.82 80.34 49.57 7.76 82.94 4.29 30.04 24.03 176.52 51.93 59.82 7.26 27.03 48.59 67.32 449.70 534.46 85.24 90.55 113.33 10.20 44.30 185.79 15.87 44.17 29.66 12.55 31.65 130.75 23.99 26.50 92.07 43.86 76.10 60.60 36.04 41.84 35.87 6.53 40.03 62.81 26.13 41.40 17.78 35.26
114.76 58.37 92.29 83.14 63.11 4.63 41.05 79.98 48.98 7.77 83.22 4.18 29.87 23.71 175.09 50.22 59.42 7.13 24.89 46.61 67.41 434.50 532.44 82.26 88.25 110.21 9.85 44.02 181.64 15.54 42.61 29.17 12.36 30.77 129.48 23.33 25.94 93.91 43.66 77.74 59.12 35.59 41.14 35.15 6.37 39.93 62.51 25.38 41.35 17.47 34.57
113.65 58.73 92.93 80.52 64.71 4.63 40.77 77.48 47.73 7.83 83.38 4.30 30.01 24.05 170.92 50.96 58.27 7.14 24.79 49.02 67.32 416.15 535.73 83.22 84.82 107.03 9.74 44.85 179.41 15.95 42.47 28.71 12.20 30.70 126.71 21.89 25.29 93.58 43.63 78.41 59.55 35.37 40.53 34.71 6.30 39.55 61.85 25.33 41.04 17.38 34.75
114.93 60.56 91.30 81.09 64.66 4.93 39.84 77.40 48.50 7.80 84.88 4.32 30.76 23.83 168.10 53.51 57.00 7.41 23.80 49.58 66.04 435.99 538.47 82.71 84.01 111.31 9.84 45.09 178.99 16.04 43.54 29.17 12.14 31.13 128.34 22.62 25.31 95.14 44.35 81.82 61.29 35.21 40.80 34.85 6.25 39.06 61.82 26.37 41.01 17.59 35.77
114.08 60.07 93.16 79.88 64.98 4.92 38.98 76.09 48.77 7.81 85.16 4.31 29.51 24.32 169.03 51.05 56.17 7.28 24.43 47.99 64.58 443.96 537.66 84.63 81.71 108.41 9.58 44.80 177.12 15.69 43.29 29.10 12.27 31.31 129.83 22.33 25.12 89.95 46.24 77.80 57.62 35.10 40.46 34.74 6.29 38.23 62.00 26.04 40.77 17.25 35.15
115.28 60.02 92.34 81.29 66.11 4.81 40.14 76.67 50.41 7.99 86.11 4.33 29.88 25.48 170.45 51.35 55.49 7.45 23.73 48.74 63.63 439.66 550.02 83.48 81.83 114.33 9.72 46.74 181.38 15.85 43.00 29.52 12.40 32.37 132.17 23.28 25.52 91.99 44.59 80.86 58.67 35.21 39.81 35.18 6.37 37.84 62.24 25.90 41.68 17.94 35.84
114.25 59.28 91.71 81.06 65.74 4.81 39.92 77.39 49.89 8.03 84.94 4.32 29.43 25.17 169.98 51.67 53.87 7.41 25.55 47.31 63.37 419.53 548.79 83.58 82.44 108.56 9.51 46.14 181.27 15.63 42.50 29.34 12.65 31.04 131.22 21.99 24.98 89.44 43.47 84.46 59.41 35.31 39.83 35.39 6.48 37.89 61.56 26.35 41.86 18.19 35.66
115.11 60.73 91.56 82.54 67.00 4.84 41.77 79.25 50.98 8.04 87.24 4.28 29.54 25.36 170.95 51.54 55.43 7.28 26.15 46.58 62.22 395.70 550.30 81.40 82.11 110.81 9.53 46.77 186.95 15.60 42.12 30.17 12.86 31.82 131.18 21.90 25.06 90.99 43.37 84.85 64.78 35.74 40.78 35.84 6.65 38.84 62.55 26.45 41.91 18.94 35.42
116.28 60.84 90.68 83.31 68.25 4.75 44.62 81.90 52.01 8.20 87.78 4.41 30.07 25.70 170.94 52.29 55.24 7.52 25.39 46.30 62.90 398.13 545.73 80.14 80.27 109.25 9.63 46.25 188.86 15.73 42.51 30.36 12.59 32.50 133.26 23.42 25.15 88.68 44.21 89.33 63.36 35.28 41.56 36.84 6.76 39.88 62.98 26.28 41.94 18.94 36.75
115.62 60.39 91.65 84.36 69.59 5.08 44.82 81.60 52.09 8.10 85.92 4.37 30.02 25.62 174.04 51.95 54.79 7.45 24.22 45.81 63.32 372.68 550.16 77.86 79.19 109.43 9.64 48.18 191.97 15.59 43.11 30.31 12.49 32.95 134.50 22.73 25.07 86.15 45.27 87.12 64.09 35.24 41.94 35.38 6.83 41.19 64.06 25.99 41.57 18.85 38.64
113.82 58.89 86.73 83.19 68.89 5.12 43.48 81.46 50.92 8.01 79.32 4.36 30.09 24.32 174.67 53.18 55.51 7.39 22.20 45.19 63.43 365.49 540.66 77.20 75.17 103.90 9.61 47.80 188.86 15.71 41.30 30.18 12.51 33.40 130.09 21.99 25.26 83.85 44.73 87.66 63.16 35.72 41.80 34.98 6.92 41.19 62.96 26.41 40.72 18.74 38.85
112.76 58.77 84.26 82.12 69.81 5.05 42.10 80.76 50.55 8.07 78.20 4.30 29.76 24.04 173.34 52.52 56.07 7.21 22.09 43.59 63.27 365.53 538.80 76.71 74.05 101.79 9.21 47.99 193.16 15.44 40.69 30.09 12.67 32.42 125.62 22.38 25.47 83.90 46.41 85.56 59.94 35.76 41.16 34.90 6.78 39.37 62.54 26.31 40.07 19.12 37.87
112.68 58.15 84.31 81.05 68.63 4.93 43.08 81.89 49.20 7.99 78.75 4.14 30.21 23.78 171.97 52.73 55.63 7.11 20.91 42.31 64.55 355.34 558.20 78.71 78.40 103.34 9.23 48.06 194.90 15.05 40.96 29.61 12.18 31.82 125.27 22.66 25.56 84.09 46.61 85.37 56.88 35.74 40.92 34.52 6.77 39.86 61.83 25.98 41.08 19.36 38.00
115.06 58.20 84.36 82.53 69.64 4.91 42.28 80.72 50.22 8.18 80.77 4.18 30.56 24.57 176.41 51.46 56.63 7.28 21.24 42.90 65.97 383.81 568.55 78.97 81.36 102.80 9.56 47.97 195.06 15.50 42.02 29.86 12.62 32.63 123.91 24.40 25.56 89.49 48.28 89.27 59.58 35.68 41.45 34.63 6.77 39.26 62.65 26.83 41.01 19.40 38.55
116.53 58.08 90.67 82.44 72.18 5.32 43.34 81.68 53.60 8.35 84.47 4.18 30.46 25.32 181.91 52.70 58.30 7.23 19.94 44.58 67.87 380.15 561.04 78.38 81.00 105.13 9.91 49.44 199.66 16.07 41.58 29.94 12.75 33.51 124.73 23.12 25.66 89.17 50.27 87.80 61.87 36.05 42.31 34.53 7.02 39.00 64.42 26.73 42.08 20.20 39.30
116.90 56.92 90.95 83.71 71.16 5.26 45.66 84.46 52.83 8.50 84.39 4.25 29.31 25.98 178.69 53.81 58.70 7.08 20.58 44.39 68.23 379.55 564.98 75.03 81.22 103.75 10.03 49.45 201.26 15.95 43.24 29.95 12.37 33.72 124.15 24.00 25.72 91.45 48.71 88.44 59.91 35.69 42.48 34.20 6.92 39.92 65.15 27.30 41.92 19.96 39.42
115.93 58.46 90.52 84.32 69.14 5.30 43.64 82.23 51.49 8.56 84.96 4.28 28.00 26.03 174.45 53.21 59.27 7.05 20.74 44.60 67.53 387.92 552.66 73.88 84.30 102.55 10.20 50.18 200.34 15.63 43.76 29.95 12.33 33.36 122.07 23.29 25.13 89.23 48.83 88.03 56.85 34.80 42.56 33.46 6.75 38.45 65.16 26.69 42.00 20.01 38.37
117.83 59.03 91.18 84.06 68.96 5.41 46.78 81.70 51.79 8.66 83.33 4.24 27.94 26.38 176.87 53.24 58.95 7.06 21.63 46.84 67.28 404.09 561.64 74.90 86.34 104.75 10.29 50.50 201.03 15.98 44.62 30.12 12.71 33.70 120.74 25.28 25.20 96.69 48.61 88.63 57.45 34.45 42.93 33.61 6.81 38.07 65.89 27.21 41.47 20.25 39.83
116.56 60.42 92.84 82.87 67.88 5.21 46.80 81.84 52.83 8.52 82.74 4.15 28.62 25.97 177.01 51.66 60.26 7.05 20.95 46.29 67.50 389.87 567.45 74.18 83.95 98.75 10.17 49.35 197.31 16.30 43.97 29.62 12.84 32.81 122.67 25.04 25.07 95.70 46.74 87.29 56.98 34.36 43.21 33.32 6.80 36.80 65.22 26.26 40.28 20.30 39.77
117.68 62.94 94.53 83.65 68.42 5.27 46.66 81.58 54.93 8.47 81.50 4.23 29.26 26.18 180.28 52.60 60.12 7.28 22.04 45.90 69.72 393.87 567.67 74.02 83.92 104.85 10.05 50.56 199.49 16.56 45.11 29.93 12.49 33.49 125.59 25.56 25.10 97.00 47.55 84.82 58.67 34.63 43.68 34.02 6.79 37.94 65.22 26.53 40.11 20.83 39.95
120.48 65.33 93.81 85.80 69.13 5.55 47.45 81.50 55.40 8.73 82.40 4.37 29.64 26.01 185.00 52.52 62.45 7.29 22.82 48.49 69.36 421.87 592.34 74.00 84.66 113.68 9.95 50.41 205.68 17.04 45.34 30.15 12.27 33.37 122.29 26.57 25.35 98.78 48.01 86.61 62.96 35.14 43.89 35.66 6.85 38.48 66.27 27.07 40.79 21.40 40.50
121.42 67.39 89.48 86.93 68.57 5.68 47.63 83.44 56.42 8.83 81.09 4.32 29.94 25.70 183.89 53.44 62.83 7.28 22.96 48.46 69.32 443.34 600.13 74.40 85.15 112.44 10.05 51.08 207.84 17.24 45.59 30.55 12.31 33.25 122.85 27.29 25.31 97.77 47.88 85.63 63.51 34.79 44.03 36.24 6.88 39.80 66.46 26.96 41.20 21.28 40.25
121.48 67.65 87.58 87.84 69.02 5.50 48.36 82.99 56.13 8.71 79.05 4.35 30.52 24.55 183.63 52.38 61.42 7.29 24.01 47.48 66.74 457.64 600.61 73.39 88.17 116.17 9.86 50.95 211.17 17.04 44.70 30.43 12.64 32.65 123.33 27.62 25.20 99.70 46.86 82.44 63.35 35.29 44.19 36.24 6.70 38.74 65.85 26.65 40.72 21.39 41.12
123.09 67.36 89.59 87.57 70.74 5.46 48.53 84.31 58.29 8.81 81.69 4.38 30.97 24.59 181.03 53.92 61.91 7.37 23.93 47.17 67.75 472.80 623.95 72.22 87.23 116.28 10.11 53.55 211.17 17.48 44.13 30.67 12.54 31.85 125.46 27.29 25.81 100.71 46.16 84.10 66.10 35.36 44.34 37.02 6.73 39.10 66.30 28.34 40.12 21.88 40.29
123.61 64.99 88.76 87.56 71.73 5.54 50.34 84.34 59.77 8.88 80.84 4.33 30.33 24.07 182.30 53.10 62.85 7.46 25.54 48.10 68.07 493.90 624.88 70.43 86.89 109.91 10.27 53.82 214.66 17.31 44.00 30.96 12.93 31.66 125.05 27.57 25.83 102.50 45.48 86.26 64.69 34.82 43.96 37.22 6.71 38.36 63.76 27.91 40.49 21.59 40.06
124.21 64.47 87.92 88.10 72.56 5.51 50.68 84.74 60.55 8.67 82.14 4.36 31.30 24.50 177.90 52.13 63.20 7.70 26.39 48.83 68.08 499.86 633.15 71.21 87.08 110.48 10.26 54.77 214.04 17.24 44.23 30.32 13.46 30.79 122.32 28.36 25.91 101.60 46.85 86.76 65.27 35.35 43.85 37.01 6.72 37.96 63.10 27.71 40.83 22.09 41.32
122.68 63.13 89.47 87.05 72.40 5.59 50.97 85.51 58.07 8.71 80.82 4.31 31.13 23.28 175.02 54.19 61.50 7.56 26.18 47.73 67.31 487.74 614.29 73.26 85.63 109.36 10.07 54.02 214.69 16.86 41.41 29.62 13.41 31.03 121.60 27.36 25.59 98.95 48.89 87.61 62.44 34.85 43.27 36.35 6.72 36.80 61.74 27.51 40.64 21.91 41.15
122.78 63.03 86.47 87.51 73.40 5.67 51.65 87.74 58.42 9.12 77.64 4.33 31.66 23.34 171.29 52.68 61.85 7.84 27.81 48.24 66.68 466.06 618.27 73.09 85.66 112.34 9.90 54.69 216.80 17.21 41.53 29.85 13.17 30.58 120.89 27.26 25.78 102.53 46.21 92.96 65.98 35.09 43.86 36.57 6.75 36.98 61.62 27.88 41.54 21.92 40.61
123.95 63.59 85.35 86.29 74.33 5.76 51.82 86.35 57.51 9.20 76.03 4.30 32.04 23.87 169.92 52.17 63.42 7.67 29.20 49.70 67.58 467.40 629.72 76.00 89.53 120.52 10.23 55.27 211.81 17.31 42.55 30.15 13.63 30.29 122.60 26.52 26.17 98.69 47.23 94.73 64.85 34.47 44.19 37.64 6.73 36.81 61.69 28.51 41.49 22.85 42.86
124.40 63.28 83.28 86.12 75.82 6.00 50.45 86.15 57.25 9.50 78.42 4.26 32.25 23.88 175.11 52.05 64.07 7.70 28.26 50.38 67.77 465.24 640.82 75.82 88.86 125.58 10.37 55.31 213.11 16.88 44.08 30.29 13.67 29.95 126.49 26.74 26.35 99.95 46.91 94.45 65.63 34.93 44.52 36.97 6.74 37.26 61.82 29.20 41.45 22.70 44.47
127.30 63.39 82.46 84.71 77.32 6.06 50.96 85.05 56.16 9.52 78.21 4.33 33.82 24.73 180.01 50.99 64.44 7.70 30.65 50.75 68.46 510.86 653.93 77.42 91.69 126.75 10.69 56.38 221.68 17.44 43.17 30.84 13.50 30.27 126.96 27.89 26.43 107.94 47.66 99.42 65.41 35.56 44.28 37.08 6.62 37.63 62.53 29.04 41.78 23.37 45.67
126.02 63.01 81.39 82.77 77.93 6.09 46.73 82.20 57.39 9.42 76.56 4.42 33.71 25.00 178.61 50.75 64.13 7.48 31.70 52.11 68.57 505.79 642.89 75.11 89.77 122.67 10.73 56.07 215.13 17.28 44.84 30.66 13.58 29.68 126.82 26.99 26.64 105.27 47.61 105.06 63.98 35.21 43.53 37.17 6.54 37.34 60.89 29.90 41.81 23.97 46.39
125.37 62.92 81.45 83.38 78.63 6.18 45.05 82.30 57.33 9.38 78.59 4.42 34.16 24.73 178.71 50.50 63.76 7.43 30.15 51.44 68.73 497.74 640.94 74.13 89.58 120.26 10.84 54.59 218.36 16.86 44.87 31.03 13.97 29.85 127.21 26.40 27.03 107.44 47.94 104.60 60.71 35.71 42.91 36.85 6.63 37.48 60.55 29.50 41.95 23.93 46.51
125.30 63.80 79.69 82.56 76.68 6.00 45.37 81.71 57.38 9.13 76.98 4.49 35.01 24.85 177.62 49.99 63.59 7.35 30.24 51.45 66.36 503.91 639.76 75.50 90.83 117.71 10.92 53.41 213.64 17.06 44.59 30.81 14.22 29.99 127.91 25.96 27.23 102.03 47.34 107.56 62.28 35.51 42.05 37.01 6.67 37.13 61.14 30.12 41.12 23.81 46.48
125.98 63.40 80.54 81.15 78.13 6.07 45.13 82.08 58.17 9.00 77.07 4.46 35.38 24.02 176.77 49.70 62.75 7.47 28.90 50.92 65.88 532.98 634.63 73.62 90.69 116.92 10.94 54.16 217.91 17.58 44.17 31.35 14.26 30.10 126.12 25.82 27.19 106.60 47.16 108.36 62.35 35.63 42.04 36.93 6.75 35.95 61.00 29.78 41.70 23.23 46.83
126.31 64.34 77.41 81.16 77.44 5.83 44.46 81.97 59.88 8.95 77.76 4.49 36.05 23.58 179.75 52.42 62.61 7.68 29.15 51.35 68.02 521.85 615.92 72.97 89.15 111.42 11.55 55.43 220.52 17.80 44.53 31.25 14.64 29.57 126.02 25.47 26.43 112.30 46.97 118.09 63.04 35.52 42.13 37.82 6.77 36.67 60.63 29.35 41.48 24.01 49.34
126.26 62.90 80.82 79.71 76.25 5.48 45.02 80.52 60.19 9.19 78.90 4.54 35.49 23.23 176.69 53.14 63.00 7.77 29.43 51.86 69.86 507.90 631.36 74.75 86.43 114.87 11.63 53.90 215.88 18.21 45.21 31.23 14.51 29.57 125.20 25.48 26.66 109.57 46.73 112.27 65.63 35.91 41.93 39.05 6.69 38.57 60.82 29.75 42.59 24.24 49.82
125.97 62.78 81.67 80.75 77.03 5.22 45.98 81.94 60.12 9.15 79.44 4.53 35.14 22.82 174.52 51.08 63.82 7.66 27.78 52.39 69.24 507.06 656.68 74.54 86.76 111.64 11.76 54.56 208.54 18.07 44.47 31.21 14.29 29.80 128.61 25.05 26.65 107.16 44.93 111.23 63.31 35.57 41.96 38.28 6.62 38.28 59.73 29.09 42.38 24.47 51.05
125.48 62.24 80.39 80.02 76.98 5.25 44.30 82.98 58.53 8.93 75.81 4.34 36.18 22.86 170.04 52.28 62.41 7.61 28.11 51.90 68.67 508.64 662.95 74.62 84.99 113.48 11.52 53.73 204.40 17.96 43.57 31.36 14.62 30.09 125.18 25.17 26.32 108.12 44.36 112.12 63.56 35.50 42.06 38.80 6.72 38.61 58.96 29.24 42.18 24.60 50.55
126.66 63.18 82.66 80.21 80.35 5.22 41.94 82.43 59.74 9.34 75.19 4.39 36.70 23.24 169.90 53.45 63.87 7.67 28.19 51.24 69.73 521.46 673.84 74.20 85.50 113.96 11.83 54.41 210.84 18.81 45.92 31.71 15.44 31.16 125.69 26.79 26.13 107.36 44.52 108.93 64.14 36.25 42.23 39.28 6.82 38.93 58.52 29.35 43.30 24.61 50.91
125.88 63.77 79.97 79.52 80.54 5.33 40.53 81.85 60.39 9.34 76.23 4.39 36.97 23.44 167.72 52.29 62.61 7.44 27.40 50.92 68.40 509.70 696.65 73.74 87.71 111.33 11.70 54.76 206.43 18.38 46.13 31.83 15.24 31.31 126.07 25.25 26.23 107.33 44.11 104.40 61.57 36.18 42.06 39.28 6.82 38.06 58.16 30.49 44.15 24.57 51.62
125.62 64.07 81.73 79.44 80.17 5.40 42.22 81.79 61.39 9.43 77.87 4.52 37.12 22.95 172.20 51.31 61.61 7.39 26.01 49.43 68.86 504.42 680.33 72.73 89.20 109.08 11.62 55.50 204.69 18.24 46.00 31.58 14.95 31.73 123.23 25.47 25.83 107.11 43.01 102.21 64.73 36.16 42.27 38.64 6.83 37.80 58.80 31.28 44.41 24.81 49.95
126.81 64.13 84.64 81.69 79.70 5.61 42.56 81.82 61.26 9.43 76.67 4.54 36.72 23.49 169.33 52.52 62.06 7.41 26.84 48.82 70.61 528.43 700.22 74.38 89.35 113.83 11.30 56.49 209.90 18.39 47.06 32.02 14.88 31.59 128.47 26.29 25.14 113.32 41.98 97.55 61.88 35.43 42.87 39.17 6.78 36.71 59.80 30.51 44.05 25.80 48.67
125.36 63.01 84.27 79.45 80.20 5.18 42.39 78.55 61.64 9.05 76.35 4.47 36.04 22.45 162.57 51.40 61.43 7.16 27.17 47.42 68.18 514.65 699.02 72.23 87.88 117.77 11.00 55.02 206.18 18.55 49.00 32.26 15.07 30.86 123.85 26.98 24.80 107.86 41.97 99.25 59.81 35.19 42.08 39.34 6.76 34.93 58.31 30.35 43.18 26.44 48.63
126.02 63.50 85.54 81.12 79.94 5.34 43.98 79.12 61.24 9.12 75.38 4.46 36.53 22.18 169.44 52.18 61.46 7.26 26.31 46.64 68.56 505.98 685.23 69.63 91.84 125.09 11.26 53.88 207.69 18.32 50.46 32.52 15.10 31.48 122.08 26.22 25.26 113.98 44.91 99.73 57.85 35.07 41.61 38.68 6.69 33.93 58.44 30.77 42.42 27.13 49.06
123.76 64.28 85.44 79.89 77.27 5.16 42.28 79.75 61.55 8.82 76.95 4.51 36.40 21.94 166.67 51.79 62.22 7.12 27.62 45.27 66.56 473.00 677.13 66.46 88.57 126.64 11.14 52.46 203.68 17.97 50.16 32.47 15.19 31.96 122.63 27.74 24.96 110.06 43.51 97.54 54.03 34.59 41.24 38.20 6.55 33.42 57.89 30.88 41.77 26.51 47.64
124.31 62.49 84.61 79.15 77.03 5.15 42.53 79.47 61.89 8.95 76.13 4.38 38.00 22.79 169.23 52.14 62.95 6.98 27.52 46.62 67.78 499.73 669.35 67.25 89.99 125.72 11.02 52.94 195.98 17.92 50.17 32.21 15.02 31.68 120.01 26.64 24.96 110.82 41.72 98.34 54.77 34.62 41.13 38.67 6.42 33.58 57.39 31.06 41.62 26.56 47.85
126.48 62.27 86.75 80.87 78.72 5.23 44.27 77.53 64.26 8.70 76.54 4.56 37.99 23.06 171.34 52.74 65.91 6.96 29.87 48.06 69.20 516.83 675.68 68.58 91.49 124.93 11.24 53.39 199.76 18.42 52.58 32.67 15.00 32.68 118.88 27.38 24.85 114.45 42.97 99.87 52.67 34.02 41.48 38.98 6.54 34.05 58.18 32.16 41.59 26.75 48.90
129.62 62.89 85.18 79.98 77.88 5.04 42.18 76.79 62.96 8.72 76.72 4.50 38.83 23.76 171.24 52.69 67.10 7.08 31.11 49.00 70.20 598.89 671.75 70.32 96.58 128.25 11.29 53.27 197.52 18.94 55.63 32.76 15.43 32.40 120.73 29.25 25.03 127.87 41.60 102.06 52.66 34.25 41.93 39.10 6.59 33.94 59.06 32.61 41.44 26.97 49.92
128.81 61.57 86.65 79.42 77.60 5.03 41.93 75.87 63.53 8.55 75.93 4.46 38.06 23.44 169.47 52.15 67.47 6.80 30.02 49.63 70.97 607.89 681.01 70.06 94.31 128.54 11.42 52.10 198.66 18.89 55.31 32.91 15.65 32.01 120.09 27.70 24.58 129.26 40.80 95.27 52.05 34.02 41.99 38.44 6.60 34.19 57.27 31.86 40.73 27.15 50.16
128.31 60.81 83.83 79.34 77.08 4.80 41.89 73.68 62.98 8.37 75.28 4.45 37.89 23.51 168.93 52.86 65.59 6.98 28.60 49.12 71.69 615.86 684.39 69.60 92.19 129.01 11.32 52.24 197.80 19.14 53.35 33.08 15.61 32.38 119.86 26.43 24.59 127.32 41.86 93.12 53.03 34.33 41.73 37.73 6.71 35.12 56.91 31.11 42.05 26.34 48.95
128.38 62.14 83.32 77.81 76.97 4.75 41.76 73.48 61.94 8.50 76.15 4.36 39.95 23.80 165.59 53.64 65.63 7.01 31.00 50.96 70.59 603.92 695.54 68.73 91.75 129.86 11.52 50.64 197.25 19.39 52.73 32.99 15.28 31.92 118.37 26.57 25.01 127.60 41.26 96.51 55.16 34.78 41.76 37.59 6.78 34.62 56.68 31.66 42.36 25.30 47.73
129.15 62.39 83.06 78.57 76.75 4.89 41.44 73.99 61.96 8.87 76.51 4.26 40.12 23.93 167.11 54.85 67.23 7.01 30.10 53.01 69.81 605.03 696.10 68.78 94.58 130.91 11.77 50.40 201.53 19.33 53.32 33.13 14.75 33.07 117.89 26.01 24.85 130.94 42.86 98.57 55.90 34.96 43.12 37.78 6.77 34.41 56.80 30.21 42.26 24.28 48.42
130.46 62.33 86.42 78.45 75.72 4.80 39.97 74.96 62.39 8.79 77.94 4.34 40.55 23.69 170.11 54.51 67.75 7.24 28.16 53.43 69.46 615.31 698.34 68.97 94.82 135.39 11.91 51.57 200.68 19.65 54.22 33.98 15.05 33.67 120.31 26.12 25.54 135.10 43.61 98.90 57.21 35.47 43.45 38.27 6.80 35.50 57.21 31.08 43.81 24.65 48.85
129.43 61.17 86.53 75.52 76.22 4.67 40.01 74.57 60.03 8.64 79.20 4.42 40.94 23.71 169.07 54.09 65.98 7.16 26.81 52.65 68.10 604.74 712.19 69.72 92.14 136.69 11.89 50.74 201.48 19.23 52.18 33.81 15.01 33.70 119.15 25.73 25.14 133.46 44.46 98.73 54.54 35.27 43.72 38.44 6.86 34.26 56.86 30.03 43.93 24.14 46.87
128.50 62.17 88.91 76.15 76.50 4.72 40.33 75.88 58.65 8.82 76.14 4.53 42.31 24.32 176.53 54.07 69.72 7.06 25.90 52.29 70.18 543.09 703.56 71.52 92.82 139.93 12.04 50.97 201.76 19.57 53.52 33.48 14.97 35.02 122.93 26.31 25.33 128.85 45.14 95.52 56.76 35.43 44.82 37.77 6.80 35.66 57.07 30.43 43.96 24.13 45.52
128.88 62.27 91.43 75.70 76.27 4.61 40.74 76.11 59.21 8.79 75.36 4.73 41.41 24.71 179.35 55.65 68.97 6.99 26.26 50.08 70.51 547.10 718.92 71.10 93.00 140.63 12.09 52.09 201.90 19.97 51.76 33.10 15.26 35.95 124.24 26.93 25.29 131.60 47.29 90.03 56.70 34.82 45.31 37.23 6.91 35.90 57.50 29.77 43.43 23.45 44.02
127.80 62.13 88.86 74.71 74.57 4.43 40.59 75.58 57.71 8.66 73.85 4.67 41.59 24.19 177.01 56.50 68.21 6.95 25.65 51.27 67.85 539.18 717.49 71.66 93.36 136.31 12.24 51.21 199.74 20.06 51.73 32.53 15.65 36.33 123.14 26.30 25.66 129.74 45.98 87.85 55.97 34.33 45.00 37.27 6.83 36.17 57.30 29.43 45.04 23.44 43.88
127.62 60.58 89.08 74.22 72.61 4.29 40.27 75.01 56.92 8.54 72.67 4.59 41.92 23.78 172.42 54.73 67.55 7.15 27.69 50.02 68.56 539.66 726.47 72.12 93.71 142.42 12.23 52.44 196.83 19.24 53.28 31.76 15.88 35.63 118.50 26.81 25.61 128.16 46.26 90.53 56.95 34.25 45.15 36.85 6.83 35.45 57.72 29.21 44.71 23.57 43.03
127.70 61.78 91.66 74.07 73.68 4.31 40.21 75.13 57.09 8.70 73.90 4.61 41.29 23.97 174.79 53.69 69.00 7.34 27.44 50.31 66.78 552.03 703.39 71.20 94.25 144.12 12.22 53.42 195.38 19.87 52.99 31.58 15.77 35.78 121.39 26.96 25.56 122.80 46.10 89.14 57.43 34.70 45.90 36.27 6.90 36.42 58.72 27.62 44.23 22.95 42.36
126.36 61.03 91.52 73.56 73.98 4.11 41.40 76.29 56.69 8.41 73.84 4.66 41.15 23.82 174.09 52.96 69.46 7.15 26.83 48.95 66.24 540.06 693.62 72.65 91.56 142.95 11.70 52.65 191.99 19.61 53.23 31.37 15.78 35.85 119.21 26.10 25.39 124.67 46.72 81.03 58.00 34.97 45.19 36.38 6.82 36.17 58.01 26.17 44.10 21.93 42.80
128.82 61.42 93.20 75.06 72.97 4.05 41.43 77.80 57.99 8.46 77.43 4.77 40.87 25.14 179.12 55.76 70.02 7.15 26.62 49.53 66.93 573.62 696.91 74.32 90.45 140.95 11.63 54.32 200.40 19.92 52.78 32.15 16.58 36.74 119.91 25.16 25.85 123.03 50.30 81.40 59.91 36.25 45.45 37.06 6.95 37.57 58.09 26.41 44.74 22.08 45.00
131.51 63.22 94.45 77.30 75.11 4.37 43.92 79.34 59.54 8.72 79.01 4.87 41.79 25.01 185.13 56.08 69.87 7.46 25.51 51.11 67.92 590.02 695.53 76.84 89.44 139.96 12.15 55.91 206.48 20.19 55.83 32.57 17.59 37.32 120.92 25.80 26.50 121.89 50.34 83.00 61.08 37.08 46.47 38.06 7.29 40.38 59.26 27.54 45.34 23.55 46.77
130.45 63.83 92.06 77.10 73.69 4.57 45.16 79.46 59.17 8.67 79.00 4.79 41.31 25.05 186.34 57.33 69.48 7.36 24.48 49.47 69.42 579.86 706.20 74.07 85.53 131.03 12.19 56.06 203.53 20.48 55.12 31.54 18.02 37.84 122.55 25.16 26.70 116.84 48.75 80.18 61.08 37.01 46.01 37.35 7.25 40.37 59.80 27.67 45.75 23.45 46.41
129.28 63.39 89.58 76.10 73.36 4.65 44.46 80.27 58.85 8.53 77.72 4.77 42.05 24.63 186.59 54.24 68.65 7.45 25.07 50.07 67.76 591.61 687.49 75.53 89.07 136.03 11.78 54.97 204.77 20.51 51.51 30.53 18.11 38.52 120.48 24.47 26.71 113.18 45.35 78.35 58.60 36.72 46.02 36.58 7.12 39.07 58.71 27.31 46.22 23.02 46.03
128.02 60.76 87.81 75.01 70.95 4.49 43.41 79.28 59.82 8.50 76.67 4.82 42.42 23.86 186.48 52.49 66.93 7.44 24.92 49.40 66.84 586.19 683.81 75.80 88.60 134.57 11.61 54.52 207.42 21.01 51.22 30.12 17.38 38.05 121.57 24.39 26.60 110.95 42.55 78.24 61.26 36.28 45.57 36.32 7.14 38.32 58.33 28.03 45.55 23.03 44.83
127.83 61.68 85.09 74.72 69.21 4.40 43.99 81.20 59.90 8.64 77.14 4.86 43.22 23.82 190.15 52.03 66.41 7.44 24.09 50.59 69.80 570.86 684.66 75.64 84.66 132.06 11.81 54.69 206.83 20.89 49.19 29.95 16.73 37.99 119.89 22.58 27.04 104.56 44.47 81.76 63.30 36.96 46.28 37.06 7.10 39.04 58.63 27.87 44.47 23.61 46.99
127.15 60.54 82.18 72.63 68.01 4.27 42.95 80.12 59.20 8.92 75.53 4.72 43.39 22.81 185.86 52.47 65.86 7.48 24.68 50.63 67.98 582.26 666.07 72.18 85.09 131.68 12.17 53.61 202.49 20.63 49.31 30.32 16.46 36.98 115.69 22.90 26.62 105.36 46.45 78.84 66.53 36.69 45.53 37.21 7.31 37.73 57.33 27.96 44.39 23.47 46.76
127.80 60.61 79.49 73.21 68.85 4.34 42.51 81.60 60.35 9.23 76.47 4.78 43.87 22.84 187.34 52.95 65.83 7.36 23.70 50.26 68.00 604.24 672.22 74.72 85.63 123.84 12.02 54.21 203.23 20.42 49.39 30.20 15.97 37.01 115.80 22.31 27.40 104.42 44.93 79.99 68.24 36.90 46.27 37.74 7.46 37.11 57.84 28.10 45.92 23.05 45.71
127.37 62.40 80.04 72.99 69.37 4.50 42.81 83.35 62.35 9.45 76.56 4.89 42.66 23.39 185.02 53.51 65.77 7.24 22.31 50.39 67.51 591.98 670.77 76.27 86.05 118.56 12.38 53.65 209.30 21.01 47.65 29.77 16.26 36.51 115.90 21.12 27.28 102.81 46.09 81.38 65.79 36.00 46.65 36.99 7.46 36.95 57.49 27.61 45.84 23.41 46.98
127.34 62.93 81.80 73.88 68.05 4.30 46.07 85.40 63.47 9.16 78.62 5.04 42.83 23.93 185.83 52.56 64.43 7.41 22.71 53.08 68.13 582.78 667.60 77.33 83.49 116.14 11.98 54.87 212.01 20.45 47.76 29.44 16.03 36.73 116.03 21.09 27.20 98.97 44.66 77.83 64.12 36.16 47.78 37.45 7.60 37.86 58.48 28.13 45.69 23.41 47.55
128.81 64.89 82.61 73.78 69.71 4.34 46.63 87.02 65.15 9.13 76.63 5.30 44.66 24.08 183.46 53.44 66.77 7.47 23.98 54.28 66.80 588.44 678.98 79.18 82.38 121.07 12.14 56.75 217.12 20.55 48.87 29.62 16.72 37.29 116.52 21.71 27.61 95.20 47.58 74.75 64.68 36.52 48.48 37.19 7.75 37.56 58.17 28.40 46.32 24.42 48.53
129.41 65.44 85.96 74.28 69.99 4.45 46.41 88.10 63.81 9.22 76.10 5.35 43.90 24.02 184.84 55.50 67.42 7.47 23.61 56.99 66.48 592.00 685.11 78.25 80.82 119.85 12.54 56.34 216.42 20.89 49.73 29.85 16.77 37.88 114.86 21.20 27.69 95.89 50.46 74.10 64.29 36.63 49.19 36.78 7.87 36.96 58.57 28.20 46.57 24.51 48.50
129.39 65.33 84.71 72.46 69.30 4.24 47.05 87.94 64.19 9.01 73.60 5.26 43.48 22.86 182.30 55.88 67.15 7.83 23.36 58.33 66.92 603.68 685.98 77.78 83.89 123.18 12.41 55.46 213.94 21.03 51.11 30.22 16.72 37.17 114.69 20.72 27.45 94.95 51.48 74.42 61.73 36.48 48.97 37.12 7.80 37.15 56.84 27.23 46.43 23.67 48.11
128.08 64.94 86.86 72.97 67.68 4.31 47.32 88.09 61.92 8.84 74.59 5.29 42.61 22.77 181.00 55.74 66.96 7.52 22.43 57.21 66.71 602.41 682.10 76.94 81.69 119.34 12.33 55.06 212.37 20.76 49.61 29.48 16.30 37.26 116.02 20.09 27.28 93.08 48.74 72.56 60.93 36.41 49.18 37.51 7.74 36.93 56.42 26.49 46.40 23.71 45.78
130.62 65.47 88.02 71.83 68.49 4.24 47.40 87.23 62.58 8.62 75.78 5.32 43.10 22.68 180.85 54.54 68.17 7.63 21.67 57.25 66.39 640.96 702.21 80.84 84.99 120.95 12.38 55.31 214.10 20.66 51.97 30.75 17.07 36.93 115.46 20.58 27.31 97.19 50.48 70.16 62.66 36.84 49.62 38.88 7.89 37.19 55.98 26.16 47.22 24.94 48.00
133.62 65.94 89.56 72.58 71.32 4.55 49.29 89.08 64.60 8.82 77.87 5.46 43.40 23.03 186.18 58.01 69.20 7.77 21.78 58.38 69.50 650.37 715.11 82.99 85.94 119.22 12.71 58.33 224.62 20.96 52.61 31.24 17.54 38.90 117.05 21.14 28.29 104.00 52.54 71.26 65.52 36.94 50.39 40.02 8.12 37.42 57.14 26.93 47.75 24.53 47.44
132.53 64.88 88.54 73.04 71.81 4.66 47.19 85.38 63.64 8.84 77.54 5.50 42.59 22.83 182.85 56.12 69.73 7.86 21.86 57.79 69.94 665.60 690.59 80.10 85.04 122.92 12.66 56.44 225.94 20.79 54.77 30.71 17.26 38.82 116.69 20.65 27.41 102.79 52.14 72.18 66.74 36.39 49.76 39.28 7.87 36.76 56.21 25.35 46.96 24.49 47.49
130.72 66.62 89.94 72.05 70.70 4.51 45.13 85.42 64.18 8.51 77.16 5.40 42.43 22.52 186.26 55.15 67.82 7.67 21.30 56.54 73.20 632.82 675.60 77.51 86.02 128.91 12.67 55.98 229.39 19.98 52.65 31.30 16.84 39.66 117.25 21.26 27.28 107.09 50.68 69.49 65.84 36.28 49.90 38.43 7.93 35.87 56.86 24.98 46.34 23.29 46.66
129.68 67.07 90.89 71.21 70.40 4.30 44.75 84.44 63.65 8.44 75.86 5.23 42.60 21.71 187.64 55.49 66.05 7.53 21.22 57.27 71.89 607.50 660.81 78.77 89.30 132.59 12.54 54.09 231.86 20.15 53.35 31.24 16.17 38.08 115.87 20.68 27.26 112.83 50.73 71.03 63.32 36.15 49.44 38.96 7.94 34.81 56.86 24.43 46.26 23.56 47.29
130.25 68.17 91.72 72.08 71.12 4.39 45.12 85.56 63.08 8.63 77.99 5.10 43.63 21.35 188.83 57.99 64.65 7.56 21.18 56.48 70.40 629.71 657.11 80.41 89.34 128.64 12.78 55.06 232.48 19.79 54.38 30.72 15.99 38.38 114.55 20.77 27.17 108.90 51.99 71.88 61.64 36.54 50.23 38.92 8.07 35.02 56.29 24.15 46.11 22.45 46.30
132.30 68.95 90.87 73.25 72.06 4.37 44.20 85.37 64.02 8.92 78.33 5.25 43.37 20.99 190.96 59.48 65.40 7.60 23.59 56.78 70.94 635.32 687.69 80.65 91.24 135.39 13.09 55.70 232.62 20.43 55.02 31.53 15.86 38.31 116.83 20.31 28.03 110.83 53.15 76.10 64.66 37.07 50.65 39.56 8.15 35.88 56.74 24.26 47.26 22.24 46.49
133.38 67.41 89.16 72.14 71.34 4.57 45.94 84.78 63.56 8.89 79.35 5.28 42.23 21.05 190.07 59.79 66.17 7.46 22.62 53.14 72.64 678.19 694.09 80.24 94.48 132.92 13.14 58.06 236.27 20.05 57.84 31.40 15.73 38.29 119.34 20.03 28.46 108.92 52.55 69.78 65.36 37.53 51.63 39.82 8.18 36.00 55.56 24.63 47.26 21.96 44.64
134.25 69.17 89.01 71.55 72.74 4.56 44.56 84.33 62.94 8.96 78.22 5.24 42.86 21.20 190.81 60.05 66.19 7.27 23.49 52.78 73.43 707.08 725.77 81.82 94.31 131.20 13.28 57.85 245.58 20.17 58.55 31.53 16.30 37.62 119.44 19.27 28.22 108.84 49.72 70.34 63.96 37.34 51.12 40.32 8.29 35.36 55.91 24.89 47.42 22.01 44.37
135.07 70.68 90.62 71.32 72.21 4.76 43.31 85.08 63.60 9.10 82.49 5.30 44.68 21.45 193.44 61.16 68.66 7.41 24.21 54.64 74.93 697.77 730.37 82.92 96.06 130.26 12.81 57.15 249.81 19.86 55.71 32.48 17.19 36.84 120.00 19.74 28.13 110.87 48.37 71.89 65.63 37.87 51.15 40.73 8.69 35.05 56.23 26.00 47.96 22.24 44.58
136.29 71.48 89.26 71.55 73.59 4.94 42.58 85.42 63.45 9.37 83.40 5.38 45.54 20.94 194.17 60.57 72.00 7.39 23.61 55.38 74.69 708.53 750.65 81.88 95.51 127.87 13.52 57.74 249.68 19.81 56.72 33.45 17.05 36.86 121.55 19.64 28.59 112.31 48.58 74.66 64.70 37.44 50.92 40.71 8.82 35.38 56.84 26.57 48.40 22.73 45.11
138.60 72.89 89.12 71.41 73.94 5.14 40.84 85.38 64.85 9.50 83.79 5.36 46.11 20.89 192.43 60.88 73.48 7.61 24.51 57.22 76.61 748.04 766.32 84.18 98.77 128.86 14.63 58.60 250.18 20.43 60.04 34.03 17.41 36.53 122.36 19.91 28.89 111.72 48.16 75.62 63.92 38.09 50.90 41.43 8.67 34.32 57.66 27.84 49.14 23.41 46.71
139.11 73.63 88.39 70.81 73.03 5.38 39.35 86.34 64.28 9.82 84.00 5.61 46.41 21.15 189.87 62.44 73.52 7.53 24.43 58.67 78.87 772.09 777.49 84.98 98.69 130.34 14.72 58.57 247.55 19.93 58.73 34.30 17.40 36.45 121.82 19.31 28.60 109.02 47.01 76.88 63.53 38.32 51.16 40.55 8.47 33.53 59.05 27.23 48.97 24.35 47.14
137.36 73.88 88.01 69.87 71.12 5.47 39.02 84.62 64.13 9.80 82.28 5.68 44.86 20.56 187.82 61.49 72.79 7.41 23.40 59.25 76.89 753.66 783.37 83.48 99.30 123.58 14.96 56.67 245.87 19.51 58.55 34.45 17.17 35.02 120.72 18.76 28.32 106.12 47.11 77.39 63.00 37.99 49.61 40.43 8.29 33.48 57.85 26.63 48.14 24.66 46.90
136.38 74.91 89.38 70.58 70.49 5.40 39.72 85.94 64.58 9.83 81.57 5.62 43.78 21.17 191.08 61.55 72.63 7.54 23.01 57.40 75.97 714.13 792.24 84.02 102.42 121.91 14.53 57.26 244.05 19.73 54.76 34.31 16.95 35.13 124.34 18.83 28.27 101.43 48.79 75.10 61.95 38.06 49.92 40.65 8.51 33.34 57.95 25.64 47.38 24.28 46.03
137.32 76.31 88.97 71.60 71.34 5.24 39.06 86.16 65.17 10.13 84.02 5.84 46.65 21.07 193.66 62.61 74.15 7.76 23.58 58.34 76.46 714.90 792.87 87.48 102.74 117.88 14.99 56.75 245.62 19.73 53.54 34.67 16.92 35.67 127.18 19.52 29.35 100.84 49.08 75.00 62.59 38.59 50.77 40.23 8.48 33.83 58.87 25.48 47.49 24.34 46.46
137.74 74.77 90.24 71.39 72.64 5.30 39.76 86.05 65.43 10.16 83.23 5.93 46.91 20.82 194.25 61.71 74.36 7.78 23.92 58.76 78.25 707.71 790.46 85.47 107.89 118.90 14.87 56.28 248.37 19.85 54.40 34.56 17.04 35.82 127.35 19.80 29.47 105.86 49.52 74.49 59.61 38.19 51.33 40.50 8.48 32.81 59.51 25.88 47.97 24.49 46.71
136.05 74.64 88.32 69.57 71.59 5.25 38.96 82.69 63.73 10.17 82.85 5.64 47.39 20.31 190.00 61.13 75.10 7.70 22.65 58.76 76.51 688.10 793.49 86.81 105.97 115.09 14.56 55.46 239.48 20.34 53.60 34.16 17.95 35.08 121.94 18.87 29.35 107.84 49.10 76.82 56.34 38.58 49.31 40.28 8.40 32.97 57.80 25.87 48.34 24.97 46.66
136.38 73.78 86.22 71.60 73.03 5.11 37.33 81.07 64.57 10.43 84.15 5.66 45.98 20.70 189.27 63.55 75.42 7.82 23.22 57.92 74.18 687.59 801.39 85.16 107.98 111.66 14.55 55.77 242.77 20.80 53.68 34.73 18.50 33.76 121.51 18.90 29.23 109.80 50.91 73.43 57.86 39.34 49.32 40.72 8.33 32.76 58.40 26.34 48.55 24.58 48.22
135.94 70.74 84.24 72.64 72.50 4.93 37.58 79.95 64.65 10.48 85.07 5.71 46.76 20.48 186.06 62.03 73.68 7.72 22.76 55.98 71.75 685.61 802.42 81.77 112.13 115.03 14.34 54.24 239.28 20.69 55.07 34.21 18.68 33.46 121.47 18.49 29.05 108.27 49.31 74.48 59.85 38.42 48.98 40.82 8.36 32.33 58.52 25.96 47.99 24.73 47.30
134.98 69.49 86.65 73.74 72.55 5.10 37.33 80.17 65.41 10.61 83.94 5.72 46.46 20.35 191.39 59.74 73.88 7.66 22.98 56.71 70.80 633.00 797.18 83.63 108.85 118.32 14.60 54.38 233.55 20.91 56.24 35.08 19.58 33.47 123.44 18.59 28.70 108.22 49.21 74.97 60.78 38.39 49.10 40.69 8.70 33.02 59.52 25.40 48.67 24.90 48.86
135.52 68.71 85.66 73.93 71.98 4.99 38.50 79.33 67.16 10.87 81.76 5.73 45.70 20.30 189.64 59.14 73.71 7.32 23.75 56.86 72.49 653.36 774.79 81.07 110.51 121.89 14.70 56.12 221.55 21.28 59.23 34.93 19.38 32.93 122.93 18.21 28.58 108.07 50.81 75.58 61.21 38.36 50.15 40.16 8.74 34.03 59.66 25.80 48.59 24.58 48.85
135.50 68.20 85.41 73.45 71.45 4.86 38.59 80.08 67.89 10.61 83.73 5.84 46.61 20.04 190.43 58.33 73.87 7.40 24.08 57.56 71.22 661.90 781.15 80.50 112.48 119.55 14.83 53.92 220.64 20.82 58.13 34.61 19.54 32.36 120.86 18.14 28.99 109.00 47.78 78.34 60.73 38.55 49.33 39.71 8.53 34.05 59.56 25.86 50.23 24.01 48.74
134.10 66.27 83.53 71.43 72.14 4.57 39.13 77.90 64.85 10.51 82.66 5.87 46.04 19.71 183.90 56.69 71.21 6.98 23.17 55.38 68.79 650.41 787.63 81.30 113.77 113.65 14.41 54.37 210.49 21.49 59.59 34.14 18.71 32.52 117.18 18.71 29.45 109.73 48.07 78.78 59.04 38.13 48.05 39.75 8.29 33.18 58.76 26.38 50.05 23.43 47.56
133.30 65.48 83.12 70.78 73.61 4.40 39.23 79.74 65.75 10.52 81.27 5.79 47.73 19.74 186.16 55.82 67.70 6.84 23.38 55.01 67.41 649.01 772.37 76.98 113.12 105.32 14.39 53.52 204.35 22.18 58.77 34.04 18.46 32.47 114.52 18.52 29.77 103.97 46.28 82.52 57.26 38.24 47.73 40.39 8.21 33.27 59.28 26.86 50.01 23.39 47.60
130.28 63.72 83.91 69.02 73.34 4.38 38.78 78.71 63.66 10.48 79.80 5.81 46.71 19.08 181.99 55.57 65.56 6.67 22.63 54.28 67.27 604.90 753.34 75.97 110.89 102.21 13.89 54.78 206.46 22.18 61.28 33.17 17.99 32.07 113.04 17.75 29.06 107.29 45.24 80.06 54.82 37.69 46.96 38.70 8.02 34.34 59.24 26.76 49.78 23.18 45.30
129.72 63.31 83.57 68.90 74.35 4.57 40.51 76.62 64.17 10.08 78.66 5.79 48.16 19.45 183.44 56.21 66.36 7.03 22.19 53.67 67.93 589.24 714.82 76.79 112.94 103.47 13.85 54.85 202.35 22.28 58.57 32.27 17.53 31.79 113.05 18.09 29.17 111.15 44.25 82.96 55.21 37.38 46.88 38.16 7.96 34.38 59.37 26.66 50.82 23.53 44.97
127.62 62.13 83.23 68.84 72.32 4.32 41.27 74.83 62.26 10.02 77.92 5.98 46.84 19.44 185.40 56.45 65.64 7.05 21.33 51.93 66.23 564.53 703.18 76.21 113.74 99.88 13.53 54.37 200.12 21.75 58.58 32.24 17.31 31.79 112.61 17.92 28.56 108.60 41.67 80.78 54.18 37.09 46.96 37.67 7.72 33.18 58.29 26.01 50.54 23.62 43.46
129.28 61.33 82.06 69.47 72.31 4.22 41.98 76.06 64.81 10.00 77.98 5.98 48.23 19.65 191.05 58.27 66.22 7.22 21.49 55.24 68.53 562.43 720.97 75.83 121.09 105.03 13.65 53.43 197.17 22.28 60.54 32.76 17.24 32.06 111.21 18.18 28.88 113.59 41.71 76.66 53.21 36.53 47.16 37.60 7.82 32.81 58.47 27.02 52.07 24.61 45.10
129.47 60.15 80.77 69.27 71.98 4.34 42.32 77.29 66.03 10.02 79.46 5.88 46.99 19.25 190.29 56.69 65.03 7.30 21.07 55.29 67.49 568.03 716.20 75.96 120.95 109.98 13.95 54.52 198.39 22.79 60.06 32.83 16.75 32.29 110.42 18.68 28.95 118.22 39.63 79.28 53.58 36.61 47.28 37.30 7.88 32.36 59.20 27.24 52.30 23.85 43.73
129.82 61.24 80.86 69.00 73.53 4.42 42.30 76.68 64.57 9.79 75.66 5.85 47.38 20.36 185.43 54.65 63.63 7.09 20.92 55.06 67.92 574.11 715.00 79.38 123.54 114.98 13.70 54.18 201.63 23.20 62.85 33.34 17.01 32.56 108.02 18.99 29.10 119.24 39.24 75.95 53.33 36.96 48.09 37.51 7.92 33.72 58.59 28.02 52.52 24.31 43.37
129.18 60.76 82.92 68.02 71.31 4.28 42.46 76.37 63.48 9.26 74.92 5.76 46.72 20.74 184.98 55.52 65.09 7.34 21.00 52.78 69.11 559.42 704.80 80.30 122.20 109.06 14.05 53.55 204.77 23.10 64.38 33.68 17.05 32.64 109.13 18.63 29.31 121.31 38.57 73.80 53.58 36.99 47.88 37.99 7.88 34.58 58.59 28.08 53.57 24.44 42.89
130.47 61.01 84.72 69.55 72.55 4.16 43.60 74.47 64.25 9.52 74.32 5.76 46.87 20.23 190.68 56.76 64.49 7.40 20.71 55.53 68.17 565.32 721.70 79.49 120.92 115.65 14.05 55.80 202.62 23.46 64.27 33.72 16.89 33.71 109.15 18.81 29.18 122.42 37.62 74.69 57.93 38.02 48.29 38.41 7.82 34.45 58.45 28.41 54.18 24.13 44.04
132.49 61.09 86.59 69.47 72.34 4.18 44.31 75.34 65.30 9.83 74.98 5.81 48.82 20.33 191.53 58.73 66.65 7.42 21.31 57.75 70.30 593.49 730.60 79.30 121.39 116.06 14.05 56.54 199.05 23.95 66.09 34.43 16.42 33.26 109.92 18.46 28.59 124.49 37.57 75.67 58.73 38.35 48.99 38.65 7.96 35.74 59.01 28.23 53.81 24.29 45.88
132.21 60.70 86.63 68.06 71.32 4.19 40.77 74.89 66.26 9.76 74.19 5.91 50.13 19.89 191.12 57.66 66.36 7.23 21.25 57.69 70.02 641.54 717.11 77.63 121.45 111.76 14.11 56.10 194.92 22.63 62.16 34.07 16.65 33.23 106.79 18.52 28.75 123.55 35.85 77.37 57.60 38.43 49.08 38.26 7.84 35.61 58.01 29.35 52.09 24.36 46.99
133.20 61.90 88.72 69.71 72.14 4.07 41.78 75.52 67.39 9.53 74.53 5.98 49.19 19.55 190.79 56.68 66.04 7.18 21.19 57.61 69.35 658.72 716.44 78.19 123.74 113.96 14.50 56.44 200.45 22.19 65.55 34.52 16.80 32.82 107.04 18.48 28.79 121.19 36.11 79.24 56.24 38.30 49.97 37.62 7.98 35.89 58.51 30.10 51.02 24.47 46.88
133.58 62.79 84.69 69.01 72.44 4.08 43.80 76.58 65.19 9.72 74.07 6.06 49.22 20.22 190.18 56.77 66.37 7.06 21.19 57.24 67.57 625.40 730.49 77.36 127.19 117.54 14.46 56.99 201.33 21.59 67.14 34.68 17.42 33.80 108.47 18.96 28.11 127.78 36.55 82.39 57.09 38.09 49.95 38.28 7.99 34.81 59.56 30.87 49.74 24.07 45.52
132.95 62.75 83.22 69.33 72.91 4.02 43.83 77.26 64.17 9.95 73.19 6.07 48.62 19.66 189.09 56.72 66.17 7.05 21.19 57.23 66.83 611.80 732.15 76.17 124.01 123.82 14.31 56.50 195.95 21.87 60.96 34.02 17.54 34.14 107.73 19.16 28.01 125.05 36.25 88.74 57.52 37.53 49.74 37.71 7.99 35.62 59.96 31.02 49.40 23.74 45.99
135.02 63.30 87.25 68.69 73.22 4.08 47.31 77.13 66.02 9.98 73.81 6.13 50.32 20.38 189.43 57.62 67.74 6.99 20.73 59.25 68.29 635.29 726.59 79.11 122.37 127.90 14.40 57.89 196.35 21.85 63.95 34.36 17.63 33.87 108.43 20.12 28.01 126.17 35.28 90.96 58.01 37.12 50.64 37.45 7.99 35.52 60.77 31.38 50.07 24.20 48.22
134.17 63.85 87.94 69.03 72.50 4.24 45.06 77.38 66.76 10.14 74.73 6.14 50.45 21.42 186.19 57.22 67.86 6.83 20.95 61.14 67.53 616.82 726.12 78.09 120.65 121.07 14.57 58.42 202.18 21.65 62.07 33.70 17.67 32.42 105.73 20.26 27.76 129.40 34.44 95.12 57.75 36.88 50.95 38.10 8.21 35.88 60.51 31.14 49.85 23.81 50.24
133.37 63.76 86.12 67.98 72.80 4.17 44.20 76.73 64.25 9.84 73.98 5.92 50.38 21.03 186.24 57.74 68.30 6.84 19.99 63.49 66.68 602.78 724.56 78.11 122.13 123.03 14.51 57.67 200.22 21.44 60.70 33.96 18.45 33.68 104.59 18.63 27.63 127.33 33.63 95.53 55.33 36.97 50.95 38.14 8.19 34.41 60.63 31.52 49.95 24.11 50.75
133.19 65.61 84.81 68.48 74.69 4.23 45.20 77.27 64.76 10.12 75.01 6.01 51.34 20.77 184.92 58.09 69.35 6.83 19.09 64.69 65.39 578.91 733.38 77.16 120.99 123.05 14.80 57.92 200.98 22.73 56.48 33.26 18.23 33.97 106.59 18.44 27.05 123.61 33.28 97.61 54.65 36.79 51.39 38.47 8.27 34.77 60.66 31.90 48.55 24.41 50.88
132.46 63.97 82.89 67.35 74.38 4.22 43.96 76.59 67.15 10.13 75.41 5.89 49.80 20.68 186.06 59.08 68.59 6.87 20.14 64.97 63.88 562.58 739.92 76.62 117.57 121.44 14.87 57.96 206.20 23.93 55.62 32.91 19.15 34.43 109.13 18.35 27.26 128.18 33.08 94.43 51.66 37.03 51.64 38.18 8.02 35.02 59.82 32.37 48.65 24.30 51.48
134.19 64.05 82.46 68.66 74.66 4.37 42.62 76.21 68.12 10.10 76.61 5.91 50.89 20.69 185.98 61.75 69.55 6.97 20.86 64.35 64.74 586.27 741.01 77.34 117.84 131.41 15.06 58.05 210.32 24.43 57.84 32.97 18.92 35.28 109.44 19.42 27.84 127.87 32.44 95.60 51.80 37.57 52.26 39.27 8.12 35.88 59.67 32.36 49.45 25.00 51.80
135.33 64.80 79.94 69.27 74.15 4.49 41.23 75.21 70.21 10.14 81.12 5.91 52.24 21.50 187.99 62.63 71.59 6.99 20.64 65.02 65.80 583.88 753.20 77.96 114.19 132.59 14.98 59.68 206.30 24.88 61.21 33.41 19.81 35.71 110.00 19.83 28.36 126.25 32.41 98.04 53.78 37.69 51.91 39.27 8.30 35.53 61.20 32.04 50.99 25.47 54.86
135.68 64.05 78.17 68.94 75.85 4.32 38.33 74.78 70.53 9.97 81.36 5.88 51.81 21.20 181.78 60.94 70.58 6.88 19.88 65.44 65.64 637.94 751.27 79.11 117.27 137.00 14.77 59.08 199.62 24.47 58.89 32.72 19.93 36.43 106.50 19.87 27.53 129.64 32.59 96.05 54.15 37.50 51.82 38.57 8.10 35.06 61.46 32.12 48.95 25.03 54.00
136.82 63.24 80.47 69.22 74.37 4.39 38.57 74.45 71.34 9.44 83.96 6.00 51.86 21.62 183.51 62.61 71.90 6.82 19.84 62.75 65.90 671.24 749.69 79.12 116.21 135.54 15.14 58.47 203.21 24.15 61.25 33.19 19.65 37.37 106.40 19.76 27.84 124.47 32.38 94.71 54.87 37.54 52.15 38.71 8.16 34.76 61.77 32.10 49.19 25.74 54.27
136.38 62.79 82.59 69.07 73.92 4.29 36.97 74.95 70.89 9.09 84.78 5.84 51.00 21.38 183.23 59.03 72.56 6.83 20.10 63.19 65.44 678.64 747.09 81.79 121.43 133.54 15.02 56.84 199.80 24.05 63.58 33.28 19.67 36.88 104.51 20.28 27.78 122.40 32.00 89.75 56.35 37.23 51.89 38.40 8.38 35.07 61.75 31.69 48.38 25.71 51.80
133.20 61.47 77.98 67.91 69.88 4.10 38.24 74.09 67.87 8.94 82.54 5.65 50.52 20.60 181.69 58.39 71.81 6.64 20.25 61.68 64.42 649.17 714.09 80.18 122.25 130.96 14.75 54.70 200.35 22.60 62.14 32.88 19.05 35.96 101.99 20.23 27.72 124.38 30.83 85.33 54.06 36.80 51.27 38.21 8.06 33.62 59.70 30.99 47.68 25.35 50.62
134.76 62.15 78.54 69.20 71.51 4.09 37.22 72.96 68.42 8.78 84.37 5.65 51.29 21.78 183.37 59.53 74.07 6.59 21.76 64.03 64.04 687.91 692.49 81.15 126.05 130.35 14.79 56.03 200.40 23.28 64.87 32.42 19.24 35.41 104.69 20.52 28.23 126.50 30.85 85.26 52.65 36.73 51.22 38.00 8.11 33.67 60.85 31.96 47.27 25.00 50.18
134.28 62.65 78.88 69.77 71.01 4.25 38.82 72.00 68.34 8.71 85.24 5.75 51.23 21.32 186.06 62.12 74.90 6.65 21.93 64.17 62.86 645.55 700.17 79.95 121.11 129.54 15.17 58.01 209.55 23.38 61.56 32.01 19.71 36.19 104.91 19.01 28.06 130.53 31.09 88.45 53.18 36.92 50.62 37.77 8.28 33.84 61.11 31.97 46.72 25.17 51.83
133.49 60.68 76.36 69.36 71.44 4.16 39.26 71.05 69.39 8.52 83.51 5.84 51.37 21.61 180.84 63.15 73.76 6.72 22.71 64.76 62.71 639.43 704.36 79.48 117.24 131.51 14.98 56.77 197.93 23.60 62.09 31.52 19.28 37.33 104.21 18.62 28.02 133.54 31.13 85.25 50.38 37.03 49.95 37.83 8.07 33.82 60.42 33.55 46.90 24.29 51.34
133.32 60.21 76.64 69.65 71.46 4.25 40.36 71.30 69.27 8.56 80.33 5.76 51.72 20.87 176.69 63.71 74.26 6.59 22.51 66.62 62.10 637.54 706.57 78.52 114.31 136.73 14.91 57.82 203.37 23.70 62.71 31.09 19.37 38.25 103.32 18.32 28.04 127.24 30.25 84.92 50.49 36.73 49.85 38.50 8.16 33.71 61.02 32.75 46.79 23.99 52.87
134.76 61.82 76.88 69.45 72.63 4.36 38.77 69.95 68.73 8.72 84.09 5.90 53.73 21.21 176.08 63.44 73.34 6.79 22.66 65.70 62.79 668.25 709.96 77.92 116.55 140.09 14.83 58.59 201.97 24.03 62.32 30.50 19.72 38.72 104.00 18.13 27.93 125.97 30.30 93.71 49.56 36.47 49.82 38.10 8.29 32.44 60.34 32.96 47.25 23.76 54.26
133.38 61.57 75.54 68.31 72.32 4.30 38.89 69.84 68.60 8.62 83.10 5.86 52.53 20.22 172.79 64.41 73.70 6.87 22.26 65.14 63.06 658.30 709.95 76.46 111.21 135.27 14.95 59.92 204.99 23.08 60.18 30.82 19.98 39.44 102.23 16.82 27.92 120.28 29.25 92.29 50.04 36.29 50.32 37.84 8.19 32.78 60.24 32.78 47.67 23.68 53.28
135.33 61.66 75.38 69.40 72.24 4.28 40.75 70.16 68.57 8.69 84.86 5.84 52.01 20.23 175.18 66.32 74.34 6.70 21.53 65.66 64.04 672.50 708.49 79.54 113.64 137.04 15.44 61.87 214.24 24.49 60.91 30.67 20.62 39.26 103.18 16.99 28.61 124.30 30.46 88.59 50.95 36.68 50.57 38.34 8.50 33.88 61.59 34.56 47.95 24.33 52.60
135.64 60.77 73.66 70.59 72.24 4.39 40.48 71.43 69.46 8.43 86.26 5.78 52.77 20.65 177.31 66.08 71.90 6.67 20.74 66.36 66.11 671.25 695.35 80.00 113.63 145.75 15.72 61.83 219.47 24.55 61.10 31.13 20.49 39.06 104.35 16.74 28.76 118.73 31.98 89.87 51.44 36.90 50.95 38.16 8.49 34.25 61.83 34.60 48.55 24.90 52.60
137.46 61.78 72.83 71.67 71.81 4.69 39.16 72.14 69.08 8.48 88.07 5.86 51.90 21.53 176.98 65.94 71.86 6.81 21.24 67.82 67.23 680.44 724.73 81.75 114.87 146.89 15.80 63.24 224.32 25.07 63.00 30.96 21.02 39.99 106.10 17.76 29.17 124.02 34.10 90.85 50.18 37.14 51.31 37.99 8.66 34.51 62.52 35.48 48.63 25.72 53.52
136.32 61.90 75.42 71.53 72.72 4.63 36.80 71.69 68.32 8.58 84.28 5.97 51.83 21.57 176.69 66.80 70.81 6.91 21.95 65.62 69.63 687.83 697.11 79.61 114.95 145.36 15.78 61.74 222.83 23.58 65.34 30.47 21.77 38.55 104.79 18.86 28.99 126.02 36.03 91.85 49.43 36.60 50.58 37.81 8.61 33.42 61.45 33.53 46.68 25.77 52.16
138.22 62.73 77.43 72.68 73.68 4.51 38.33 72.96 68.75 9.15 85.12 5.87 52.28 22.22 185.89 68.71 70.42 7.04 22.57 67.21 72.03 677.80 703.44 80.02 118.32 151.92 15.44 63.46 230.52 23.41 71.17 31.09 21.78 38.55 108.90 18.24 29.80 131.88 35.53 93.08 50.12 36.95 51.63 37.79 8.51 34.51 63.56 33.86 47.41 25.75 52.93
139.99 60.98 75.67 72.87 73.64 4.57 38.62 72.92 69.17 9.54 87.38 5.76 51.09 23.03 182.70 69.42 73.79 6.92 23.95 64.72 71.57 708.44 710.24 80.67 117.62 153.17 15.75 65.51 231.92 23.99 70.33 30.91 22.06 38.59 108.29 18.94 30.14 140.73 36.63 95.03 51.11 37.45 52.63 37.03 8.51 34.52 64.01 33.71 48.26 25.43 52.57
138.44 60.44 73.92 71.98 71.74 4.33 39.27 70.26 66.55 9.43 84.34 5.60 50.09 21.86 178.68 65.49 69.29 6.82 24.47 64.28 68.01 731.84 684.03 78.27 120.30 157.42 15.72 63.77 228.16 24.24 71.79 30.58 21.88 36.98 104.18 18.71 29.71 135.72 35.25 94.40 49.78 37.25 51.78 35.68 8.47 33.27 63.47 33.28 46.27 25.56 52.49
138.37 61.14 73.48 72.26 73.76 4.50 38.80 69.68 68.23 9.43 85.37 5.50 49.47 22.33 175.00 66.81 67.25 6.69 23.88 67.01 66.88 695.68 677.42 80.21 123.39 166.23 15.79 65.39 230.04 23.78 74.40 31.00 21.58 37.40 104.14 18.94 29.62 140.46 36.22 92.87 49.59 37.56 52.30 36.27 8.37 34.52 63.40 34.26 45.96 26.05 54.07
137.36 60.46 72.35 71.89 74.50 4.44 38.62 70.54 67.70 9.33 84.13 5.48 50.21 22.72 173.68 68.28 66.69 6.70 22.61 64.77 65.47 694.50 653.99 79.03 119.88 164.98 15.92 66.34 221.94 23.66 70.90 30.73 21.60 38.05 104.73 19.22 29.40 138.53 37.04 93.60 46.46 37.80 52.83 35.81 8.41 34.62 63.39 34.17 44.62 25.64 54.12
135.17 59.36 69.16 69.83 74.37 4.41 36.99 69.02 65.51 9.26 82.04 5.42 49.97 22.42 173.23 68.60 67.95 6.58 21.75 63.94 65.61 658.07 664.28 77.87 117.57 160.35 15.75 65.63 223.81 23.80 67.33 30.72 21.57 36.79 102.87 18.86 29.57 139.42 35.74 94.45 45.31 37.18 52.44 35.50 8.46 34.55 63.27 33.46 44.46 25.31 53.90
135.42 58.60 68.21 70.83 76.59 4.37 36.99 69.04 64.91 9.15 82.73 5.37 49.99 21.54 172.37 71.63 68.08 6.85 21.20 64.29 67.00 642.79 691.70 77.69 118.48 163.22 15.43 63.39 223.07 23.61 68.90 30.21 21.29 37.29 102.96 18.13 29.00 143.47 36.11 94.52 44.89 37.24 52.21 36.29 8.48 35.08 63.75 33.86 44.82 24.60 52.96
134.62 59.36 67.78 71.48 75.64 4.49 35.52 68.87 61.84 9.27 83.65 5.34 50.39 20.77 167.00 69.76 68.65 7.25 20.37 64.64 65.19 633.92 709.48 80.83 118.50 163.95 15.76 61.64 215.83 23.20 66.20 30.96 21.66 36.53 101.89 17.88 28.27 134.84 37.13 94.23 43.80 38.03 51.94 36.30 8.39 32.89 63.11 33.12 44.21 25.80 53.60
137.06 60.03 69.27 72.27 75.26 4.34 35.65 68.57 63.35 9.44 86.73 5.29 52.82 20.72 172.53 70.71 69.25 7.62 21.42 67.22 63.87 647.86 719.85 85.06 123.14 168.67 16.05 61.29 218.65 23.73 66.79 31.05 21.91 37.18 102.30 18.94 28.65 140.99 38.19 98.35 45.64 38.35 52.10 36.95 8.25 32.04 62.94 33.70 42.91 25.39 54.71
138.38 60.54 69.60 71.91 74.05 4.41 36.27 67.43 63.70 9.44 90.23 5.33 50.79 20.51 173.51 71.49 69.10 7.82 19.95 65.77 63.27 700.55 730.02 84.11 124.30 165.77 15.63 61.36 220.33 23.52 66.19 31.91 21.84 35.85 103.29 18.83 28.92 136.49 38.29 96.56 48.05 37.79 52.32 36.70 8.30 32.99 62.59 33.31 42.89 25.40 55.78
137.20 58.57 70.02 71.22 75.45 4.33 36.33 67.34 65.25 9.52 91.56 5.40 50.06 20.11 177.34 68.73 69.64 7.50 18.95 65.26 62.80 671.49 731.58 82.23 123.41 161.16 16.71 61.36 228.71 22.91 63.59 31.73 21.64 36.40 105.08 18.83 29.38 134.09 38.72 92.72 48.48 37.34 53.11 36.25 8.45 32.17 62.80 32.51 42.84 25.62 55.04
134.88 57.08 69.01 71.73 74.60 4.36 37.66 68.18 66.57 9.95 88.60 5.31 49.37 19.38 178.26 67.36 69.22 7.54 19.05 63.34 61.86 631.17 713.88 81.86 120.04 160.91 16.35 61.57 228.05 22.97 57.14 31.00 21.88 36.70 104.75 17.82 29.42 125.21 38.00 87.98 50.63 37.47 53.21 36.76 8.24 32.30 62.81 33.32 42.00 25.06 55.59
134.74 57.07 68.98 72.01 73.93 4.47 36.59 68.82 67.33 9.96 88.25 5.36 51.16 19.04 178.48 66.66 73.70 7.45 18.97 65.90 61.15 588.92 711.14 81.19 120.65 159.37 16.31 62.03 225.76 21.96 59.28 31.22 21.77 37.53 105.14 18.84 29.71 128.32 40.44 91.47 49.02 37.72 53.11 37.23 8.39 33.26 63.92 33.67 42.46 25.75 56.27
132.12 57.66 67.15 70.90 72.22 4.46 36.04 67.87 66.16 10.03 85.88 5.20 51.50 18.79 179.29 67.70 71.97 7.63 18.05 63.96 58.86 574.92 701.50 80.64 116.72 147.29 16.66 60.08 223.95 21.01 53.06 31.10 22.02 37.06 103.63 17.70 28.94 124.82 38.68 87.68 48.21 37.67 52.21 37.36 8.26 33.70 63.16 32.48 41.88 25.93 56.59
133.72 58.32 65.51 72.94 71.62 4.39 35.61 67.89 66.53 10.16 85.31 5.40 51.93 18.62 182.86 68.16 72.96 7.81 18.24 66.13 58.75 590.00 716.02 81.16 117.67 156.11 16.38 61.27 228.52 21.15 55.77 31.48 21.85 36.92 104.06 17.45 29.07 131.26 38.23 88.23 49.35 37.91 52.33 37.63 8.73 32.65 64.05 31.98 41.50 26.27 58.36
136.17 60.44 64.20 73.18 73.77 4.32 35.86 68.33 67.12 10.28 86.50 5.54 50.97 18.93 180.80 68.63 75.45 8.15 17.81 67.82 59.69 618.37 720.43 79.95 118.52 154.37 16.86 63.90 234.51 21.53 55.30 32.56 22.57 37.63 106.69 17.45 29.26 141.38 40.65 88.20 49.05 38.64 52.68 38.68 8.73 31.98 65.75 32.10 41.27 26.32 60.48
135.17 61.12 62.78 71.42 73.61 4.22 36.24 68.24 69.10 10.22 85.72 5.58 51.43 18.96 177.52 69.71 73.48 8.02 17.23 67.89 60.37 622.19 696.84 80.22 118.81 149.42 16.52 64.54 230.53 20.95 54.96 31.49 23.04 37.18 105.62 16.63 28.95 132.61 40.41 90.70 49.69 38.78 52.49 38.03 8.60 30.93 64.77 32.96 41.63 26.64 60.29
135.32 62.16 63.38 72.78 72.18 4.22 36.43 68.57 68.45 10.26 82.07 5.52 51.67 19.23 177.11 69.24 74.67 8.24 17.24 66.23 62.29 652.93 694.03 80.25 115.61 149.03 16.35 64.65 236.55 20.97 51.08 31.14 22.74 37.56 103.93 16.51 28.72 131.18 41.16 90.02 47.67 38.64 52.50 37.80 8.50 31.51 65.31 32.84 41.74 26.43 58.89
134.67 61.82 64.52 72.12 71.34 4.13 34.94 68.40 66.81 10.24 80.39 5.42 53.79 18.59 177.85 66.77 71.86 8.11 17.56 69.19 60.91 671.74 686.80 81.06 116.31 143.94 15.82 62.40 239.50 20.92 49.35 31.15 22.73 36.99 104.94 16.53 28.77 129.27 41.11 90.05 48.50 38.94 51.55 37.26 8.36 31.14 63.81 33.57 40.85 26.47 57.59
133.85 61.76 63.15 70.77 70.03 4.11 34.14 68.06 67.88 10.16 80.42 5.29 52.85 18.28 178.10 67.17 70.70 8.32 17.99 70.82 61.82 681.98 664.55 78.76 115.08 141.13 15.30 62.06 241.91 20.28 49.44 30.47 22.70 37.20 106.73 16.14 28.41 126.76 40.52 91.25 50.43 38.71 51.96 36.24 8.53 31.37 62.94 32.91 40.13 26.56 56.87
135.94 60.58 62.32 70.45 69.78 4.17 33.23 68.57 69.32 10.34 80.95 5.33 54.06 18.53 175.43 69.94 69.85 8.51 18.58 73.35 64.02 706.17 698.51 79.84 117.33 135.66 15.67 59.40 241.16 21.43 49.70 31.17 23.11 38.21 107.91 16.66 28.45 128.50 40.09 93.24 50.36 40.02 51.55 36.97 8.63 31.82 63.11 33.11 41.37 27.34 57.98
134.32 60.58 62.14 70.60 67.94 4.02 31.36 66.90 69.04 10.32 78.42 5.29 53.71 18.56 171.92 69.78 69.25 8.56 18.03 73.12 62.47 661.37 706.20 81.81 118.90 137.71 15.38 59.09 240.34 21.65 49.47 30.79 22.64 38.57 107.31 16.00 28.37 126.67 40.95 97.06 49.44 40.01 51.50 36.52 8.82 31.36 62.44 32.12 41.57 27.68 58.21
133.67 58.49 61.20 70.46 67.69 3.92 31.62 67.51 68.82 10.22 79.01 5.21 52.27 18.04 172.84 67.68 69.85 8.53 17.25 70.08 62.65 678.43 697.91 84.11 118.55 142.76 14.74 57.28 242.09 21.61 47.26 30.72 22.33 38.41 106.50 15.70 27.84 129.56 41.37 88.51 51.06 39.05 51.64 36.58 8.67 31.47 61.96 31.46 40.92 26.43 56.68
132.57 58.47 61.39 68.03 65.54 3.77 31.26 65.89 67.92 9.84 77.43 5.23 52.47 17.48 170.98 68.14 69.27 8.49 17.11 69.98 61.53 656.83 696.36 83.87 118.11 137.78 15.10 55.58 245.96 21.15 46.75 30.50 21.83 38.94 104.49 16.05 28.09 132.18 44.28 84.78 51.11 39.23 50.77 36.74 8.77 31.31 60.92 30.83 41.79 26.92 57.86
137.18 59.32 63.44 70.33 66.96 3.83 32.77 67.04 69.23 10.43 79.98 5.39 54.62 17.86 175.76 69.25 68.70 8.61 18.01 71.11 62.92 700.41 717.15 86.86 124.92 145.70 15.72 56.20 254.17 21.34 50.05 30.90 21.68 40.72 108.20 16.84 29.43 139.69 44.56 90.67 51.87 40.38 52.63 37.69 9.06 32.17 62.53 30.39 42.63 27.20 58.22
138.12 61.59 65.32 69.95 68.25 4.01 31.86 66.25 69.93 10.35 80.71 5.43 54.52 17.79 176.02 70.60 70.46 8.47 17.70 72.01 63.91 700.70 720.50 87.83 124.38 146.67 15.71 55.41 260.91 21.35 52.95 31.43 21.23 41.15 112.21 17.57 29.63 147.83 46.06 93.32 50.58 40.26 53.11 38.13 9.22 31.27 62.32 29.41 42.05 27.46 58.84
140.07 60.27 65.61 70.55 68.12 3.96 29.58 66.81 66.95 10.64 79.72 5.37 56.65 17.53 178.37 71.40 71.36 8.65 17.97 74.73 64.16 741.38 724.70 90.37 127.97 156.75 15.74 55.34 258.06 21.40 52.74 32.04 21.97 41.17 112.24 17.54 30.07 146.71 46.83 95.65 51.33 40.50 52.94 38.63 9.08 31.00 63.00 30.10 42.02 27.21 60.75
136.41 59.66 66.96 69.45 66.12 3.83 29.73 64.71 67.05 10.29 77.64 5.31 55.01 17.35 171.03 69.11 71.57 8.49 17.67 73.63 63.95 688.71 710.12 91.01 126.54 157.27 15.78 55.68 258.24 21.63 50.67 31.07 21.08 39.33 112.04 16.96 29.35 146.02 45.85 88.82 51.10 39.74 52.32 37.81 8.86 29.94 60.98 29.26 41.83 26.53 59.40
135.31 58.42 65.46 69.89 65.73 3.94 30.29 65.68 64.98 10.06 78.35 5.24 56.32 17.16 173.27 70.78 69.36 8.45 17.26 74.55 63.42 666.15 690.96 92.09 123.49 155.95 15.54 56.82 261.08 21.73 49.85 31.26 21.65 38.63 112.97 16.26 29.45 145.68 46.27 86.83 50.30 40.03 52.76 38.41 8.75 28.96 61.40 28.87 41.97 26.42 57.91
135.93 57.09 65.64 69.08 67.70 3.80 31.90 68.05 64.47 10.18 78.54 5.34 56.93 17.42 172.80 70.86 72.03 8.36 17.09 75.81 63.23 658.85 668.93 93.56 125.87 161.27 15.41 58.03 262.36 21.15 49.67 31.58 21.21 39.62 112.85 16.19 29.69 149.40 46.60 86.33 49.11 40.02 53.71 38.50 8.86 28.83 62.13 29.11 41.73 27.36 58.12
135.38 57.51 67.30 68.64 68.24 3.78 32.00 69.32 62.52 10.08 79.02 5.50 55.49 17.05 177.89 70.70 71.30 8.39 17.16 74.37 62.90 655.57 664.32 93.10 123.62 153.45 15.36 57.10 266.55 21.06 48.72 31.51 20.74 40.27 114.11 16.54 29.38 152.00 47.91 84.44 46.73 40.38 54.01 37.40 8.94 30.13 60.19 29.93 41.93 27.72 57.63
134.98 57.37 66.10 68.90 66.14 3.71 32.96 69.60 63.56 10.16 78.66 5.34 53.41 17.11 176.31 69.51 70.00 7.90 18.01 72.49 61.63 686.87 644.97 89.06 124.22 153.61 15.65 56.96 261.47 20.68 48.10 31.22 20.86 40.38 115.33 16.52 29.23 158.74 45.69 80.86 47.75 39.41 53.37 37.59 8.65 29.63 59.25 29.74 41.51 26.96 55.00
133.60 57.88 67.06 68.10 64.92 3.76 33.22 69.75 64.21 10.17 77.36 5.36 51.79 17.18 179.19 69.98 72.45 7.60 16.64 70.14 60.34 652.63 627.82 88.79 123.62 152.15 15.50 57.56 265.05 20.32 47.01 31.68 21.36 40.83 114.96 15.77 29.18 157.69 46.05 78.08 50.05 39.23 53.29 37.67 8.76 29.37 59.05 29.18 41.21 26.89 54.51
134.61 58.76 68.72 70.39 66.32 3.82 32.83 69.70 64.33 10.06 75.67 5.37 53.20 17.18 180.24 68.09 71.75 7.71 17.53 68.93 60.25 666.03 652.53 89.97 126.18 156.30 15.72 55.90 264.14 20.76 47.87 31.73 21.36 39.30 114.46 16.11 29.45 165.01 46.54 76.78 49.78 39.10 53.06 37.39 8.82 28.53 57.94 29.36 41.21 26.87 55.84
134.54 58.52 69.42 70.41 66.34 3.94 34.33 71.75 61.67 10.45 78.18 5.52 52.35 17.57 181.89 71.23 72.47 7.56 17.93 70.67 61.37 637.63 649.06 89.86 126.90 155.97 15.68 55.65 265.97 20.52 47.00 31.12 21.97 40.06 114.14 16.00 29.43 171.91 45.66 72.89 51.44 38.65 53.43 37.51 8.87 28.74 59.52 27.96 41.44 27.39 56.03
134.10 58.47 68.61 70.98 66.06 3.79 33.81 71.24 61.47 10.52 75.70 5.41 51.85 17.41 184.93 69.45 73.49 7.60 18.52 68.03 62.51 647.79 642.54 88.40 130.15 165.87 15.89 55.15 260.67 20.50 47.77 30.16 21.21 40.23 114.34 16.06 28.87 173.09 43.55 69.36 50.83 38.40 54.42 37.21 9.03 28.68 59.42 26.82 40.64 26.69 54.03
131.53 57.93 69.91 70.24 66.45 3.83 33.41 70.50 60.48 10.13 75.32 5.54 49.82 17.35 179.97 67.82 73.26 7.48 18.50 66.44 62.99 624.22 637.69 89.73 121.87 162.16 15.88 56.37 259.92 20.22 47.01 29.48 20.91 40.34 115.71 16.10 29.17 161.58 42.02 67.68 50.76 37.32 54.10 36.44 8.87 29.39 58.55 26.72 39.74 26.29 52.38
131.67 57.87 67.94 69.76 67.26 3.76 32.43 70.47 59.57 9.75 73.70 5.48 50.26 17.08 179.82 68.04 73.52 7.44 18.98 67.25 62.59 635.38 639.43 93.89 119.87 163.38 15.88 55.88 256.19 20.14 45.75 29.41 21.21 40.25 115.82 15.71 29.14 169.30 41.54 70.55 50.39 37.22 53.95 36.75 9.02 28.22 58.16 26.23 39.81 26.28 51.79
130.29 56.75 65.94 69.92 67.19 3.58 31.04 69.18 58.57 9.96 73.37 5.29 50.05 16.48 173.52 67.39 69.46 7.38 18.08 65.31 61.20 655.96 613.27 95.21 119.11 167.81 15.62 53.87 245.77 20.10 44.68 29.30 21.17 39.66 114.50 16.44 29.16 173.63 42.07 65.14 50.81 37.21 53.11 36.51 8.75 28.09 55.55 25.58 39.15 25.40 51.08
132.89 59.03 66.33 70.51 66.88 3.67 31.07 68.75 60.78 10.20 76.10 5.54 50.38 16.74 178.53 69.49 69.69 7.32 18.09 64.53 63.39 709.28 608.98 92.67 126.05 177.93 15.53 52.40 246.57 19.85 46.27 29.96 20.65 39.51 113.94 16.98 29.26 174.18 41.86 66.00 54.31 37.38 53.41 36.38 8.84 29.12 56.33 24.73 40.07 25.01 50.40
132.29 57.39 66.54 70.81 64.58 3.79 31.19 68.28 60.42 10.19 74.29 5.48 51.21 16.64 180.95 68.81 67.18 7.25 17.67 64.93 63.97 714.96 602.61 96.31 125.77 186.87 15.48 51.70 241.73 19.40 46.05 29.19 20.25 38.82 111.00 16.31 29.59 173.44 40.82 66.11 52.03 36.71 53.94 36.17 8.79 28.79 56.67 25.11 39.58 24.73 49.76
133.40 57.17 63.34 71.77 65.53 3.88 31.46 67.40 60.52 9.98 72.29 5.56 51.88 16.04 180.43 70.70 66.20 7.21 18.23 64.46 61.62 758.37 611.17 97.59 125.37 187.34 15.33 50.55 242.60 19.73 48.57 29.38 20.39 39.14 108.97 16.37 29.39 170.69 41.13 65.27 51.87 36.97 54.14 36.31 8.68 28.46 56.01 25.15 39.79 24.88 49.41
133.32 56.72 63.04 72.82 66.49 3.90 32.61 66.94 59.96 9.88 71.95 5.60 52.59 16.16 182.25 69.27 66.66 7.06 18.10 65.08 62.52 734.25 605.77 101.71 123.79 182.64 15.50 51.74 251.23 19.66 49.21 29.93 20.90 39.43 106.74 16.85 29.15 173.35 42.14 65.90 51.27 37.91 53.18 36.58 8.67 27.61 56.24 26.31 40.30 25.22 50.14
134.53 58.27 62.99 72.65 66.77 3.89 32.13 64.96 59.50 9.92 75.40 5.44 54.66 15.95 178.93 69.98 66.68 7.24 18.36 64.18 60.77 766.44 614.70 100.60 122.92 190.17 15.38 50.72 243.53 19.24 48.82 30.51 21.18 39.04 105.62 17.58 29.25 174.81 42.02 65.63 49.68 37.61 53.86 37.65 8.48 26.90 55.89 25.51 39.84 26.30 52.17
129.84 57.38 62.20 71.50 65.73 3.69 31.00 64.84 58.44 9.70 72.74 5.17 53.30 15.67 178.23 66.77 64.22 6.84 17.06 63.09 59.50 705.21 608.46 96.95 124.02 172.06 15.11 49.41 238.18 18.45 47.26 29.62 21.35 37.61 103.90 16.63 28.17 174.43 39.66 62.21 47.78 36.71 52.23 36.87 8.09 25.91 54.98 25.30 38.82 25.32 50.73
130.13 57.58 63.09 69.34 65.07 3.64 31.49 65.29 58.01 9.77 74.08 5.12 54.42 15.61 180.32 67.21 64.46 6.79 17.89 62.49 57.94 728.57 592.70 93.48 124.68 175.35 15.27 48.07 230.28 18.35 47.46 29.32 20.89 37.72 104.34 17.52 27.26 177.98 38.60 61.95 46.12 35.92 52.23 36.56 8.05 26.22 53.63 25.09 38.23 24.87 52.28
130.83 56.69 61.17 67.94 65.92 3.47 31.90 66.02 56.24 9.68 73.47 5.13 54.43 15.22 177.98 68.26 63.51 6.77 17.84 61.29 55.92 779.47 591.04 91.18 128.47 173.57 15.21 47.79 227.30 17.77 44.49 29.43 20.77 37.87 101.05 17.64 26.19 179.49 37.21 61.08 46.58 35.74 51.94 36.12 8.12 25.93 53.53 26.24 38.33 25.04 48.99
131.13 56.78 63.04 66.26 63.90 3.48 30.55 64.95 57.48 9.63 73.69 5.06 53.94 15.23 180.82 70.99 63.90 6.90 17.79 61.83 56.43 797.52 596.48 90.17 126.54 165.48 15.19 49.34 222.80 18.44 44.98 29.84 20.35 37.53 100.86 17.66 26.36 172.47 37.23 62.44 48.19 35.56 51.69 36.12 7.94 26.09 54.39 26.53 38.53 25.59 49.16
128.94 55.89 63.25 66.09 64.95 3.57 31.08 65.20 56.60 9.44 72.60 5.19 54.30 15.31 185.32 71.48 63.42 6.70 17.76 64.04 58.06 730.08 599.44 88.77 118.21 157.05 15.66 49.40 221.25 18.14 44.29 30.00 20.33 37.89 98.57 16.82 26.53 167.67 37.61 62.15 49.81 35.60 50.95 36.75 7.97 26.31 55.17 26.31 38.17 25.76 48.70
130.76 57.12 65.14 67.73 65.94 3.58 30.90 66.13 58.14 9.66 73.09 5.42 56.29 15.18 188.84 72.99 64.45 6.84 17.59 64.57 57.91 729.55 608.04 91.91 126.53 160.27 15.70 50.87 226.41 18.55 44.87 30.31 21.43 38.49 99.46 17.33 26.96 168.23 38.83 61.80 49.90 35.80 51.24 36.62 8.12 26.74 55.42 26.64 38.30 26.23 48.30
130.68 57.10 64.94 69.47 65.83 3.74 31.46 68.40 58.80 9.88 73.36 5.33 56.25 15.78 190.92 73.77 64.44 6.90 18.14 63.70 58.08 736.39 615.44 92.10 125.45 151.87 15.98 50.48 224.79 17.91 44.98 30.46 21.14 39.41 99.87 16.81 26.87 168.52 37.22 59.22 47.78 35.60 51.69 36.35 8.18 27.20 55.96 25.67 37.99 25.94 47.45
129.98 57.51 65.34 69.11 68.20 3.84 31.83 69.19 60.78 9.90 72.60 5.39 57.31 16.14 192.40 75.60 64.00 6.80 18.89 66.79 61.10 698.81 617.09 91.52 123.60 144.73 15.76 51.79 226.40 17.84 44.18 30.62 20.71 39.70 99.76 16.44 27.40 168.07 35.74 60.12 48.41 36.54 52.25 36.10 8.24 27.18 55.54 26.21 38.29 26.27 47.26
128.67 56.63 66.42 69.22 68.47 3.78 30.92 68.74 59.68 9.75 74.05 5.52 56.13 15.44 192.63 74.57 63.56 6.59 17.90 65.98 61.90 692.72 599.26 89.70 118.98 145.35 15.81 51.97 226.88 17.54 40.73 30.43 20.69 40.23 100.17 16.88 26.65 172.57 36.46 57.72 47.34 35.93 52.27 35.73 8.30 27.10 54.77 25.24 36.79 26.37 47.31
127.26 57.64 67.21 68.12 64.27 3.75 30.99 67.30 59.52 9.61 73.13 5.53 55.26 15.04 190.22 74.61 63.01 6.55 17.63 67.84 62.62 682.41 599.28 89.28 113.95 151.64 15.70 50.50 228.15 17.07 41.92 29.63 20.26 40.03 99.76 15.52 26.28 158.91 37.18 57.33 47.75 35.79 52.60 35.32 8.16 27.45 54.19 24.87 36.78 26.74 47.52
128.17 57.96 67.50 69.41 65.78 3.67 32.14 66.52 58.69 10.00 71.69 5.61 57.61 15.57 193.28 75.89 63.27 6.67 18.36 69.10 62.07 665.43 615.43 90.74 114.36 148.38 16.17 50.19 219.96 17.68 42.26 30.04 20.55 42.25 102.58 15.08 26.20 159.72 35.62 57.72 49.58 35.83 52.98 35.81 8.16 26.67 55.35 25.22 37.87 27.25 48.64
130.13 58.64 68.77 69.15 68.19 3.83 32.69 65.84 60.70 9.90 73.01 5.66 59.12 15.75 194.57 77.84 63.04 6.57 17.93 67.82 63.12 688.04 626.03 87.23 117.86 156.33 16.41 50.32 218.39 18.60 42.87 30.44 19.82 42.36 105.64 15.84 25.86 158.06 36.41 57.72 49.40 35.99 54.19 36.21 8.18 26.62 56.26 25.54 37.86 27.60 49.38
128.81 57.73 67.68 69.35 67.82 3.66 31.74 65.18 59.37 9.67 71.87 5.56 57.08 15.38 193.18 76.45 62.31 6.42 17.76 65.95 60.50 722.83 601.32 85.92 116.74 159.21 16.34 49.34 212.53 18.11 42.40 30.18 19.71 41.43 104.55 15.13 25.50 149.51 35.29 56.61 50.14 35.69 53.17 36.00 8.07 26.08 55.43 24.76 37.76 26.86 46.15
126.81 56.16 69.22 69.39 68.23 3.67 32.69 66.32 59.92 9.97 72.61 5.72 56.62 15.15 196.42 75.69 61.79 6.36 18.60 66.39 60.59 626.96 592.98 85.91 119.14 152.78 16.42 49.80 213.86 18.16 41.62 31.01 19.29 41.05 106.10 15.15 25.96 146.91 35.34 58.31 51.55 35.71 53.23 36.45 8.13 26.05 55.56 25.53 37.69 26.78 46.35
126.73 56.79 67.43 70.78 69.26 3.71 33.26 66.85 59.15 9.94 71.22 5.73 55.97 15.57 194.51 75.84 62.26 6.58 18.60 68.21 60.75 612.06 595.09 86.82 120.55 152.72 16.58 48.42 208.14 18.93 40.95 30.86 18.81 42.27 104.39 15.22 26.45 143.95 34.64 58.26 51.01 35.87 53.90 36.90 8.10 26.40 55.60 25.87 38.40 26.45 47.29
127.18 57.63 66.88 69.98 68.55 3.73 33.42 65.03 58.90 9.76 70.44 5.69 56.78 15.79 195.14 76.59 60.14 6.54 18.11 68.08 60.38 615.60 601.73 87.83 121.89 154.28 16.80 48.62 209.74 19.08 41.85 30.46 19.17 42.44 105.79 15.95 25.99 158.54 35.60 56.13 48.32 36.23 52.97 36.60 8.14 26.22 55.34 25.92 38.36 26.49 47.96
126.38 56.70 65.82 70.34 68.57 3.70 33.32 63.50 59.77 9.72 69.59 5.67 56.23 15.55 195.33 76.34 57.28 6.42 17.61 67.19 58.31 634.57 588.77 88.34 124.64 153.94 16.64 47.60 207.15 18.39 42.45 29.16 18.71 41.88 106.79 16.40 25.72 161.60 34.95 53.85 45.04 35.51 52.74 36.13 8.03 26.50 54.98 25.24 38.17 26.15 46.59
125.72 55.88 65.32 70.96 66.31 3.74 32.22 62.85 60.51 9.66 71.68 5.76 54.66 15.70 198.61 75.10 56.70 6.48 17.91 67.46 58.91 628.41 577.10 86.93 125.42 155.15 16.97 47.09 209.40 18.59 43.85 28.57 18.23 42.14 107.27 16.59 25.46 162.12 34.14 52.76 47.69 35.49 51.60 36.01 7.79 27.07 53.87 25.00 38.61 25.92 45.82
128.60 55.51 64.79 70.31 66.71 3.77 32.09 62.76 62.02 9.78 73.00 5.83 55.14 15.93 199.70 73.97 56.43 6.60 18.48 67.37 58.57 679.02 592.75 89.54 130.86 156.51 17.25 47.27 210.55 18.49 44.42 29.21 18.61 41.13 108.60 17.07 25.71 176.68 33.60 55.22 49.53 35.61 52.18 35.94 7.61 27.30 53.68 25.58 38.95 27.12 47.36
128.23 55.13 65.72 68.91 67.16 3.66 31.05 62.51 61.08 9.77 74.37 5.83 55.23 16.59 199.79 74.05 55.85 6.42 18.39 66.24 60.41 676.03 587.45 88.10 129.16 156.29 16.65 48.07 207.88 18.41 44.57 28.62 18.93 42.20 109.40 17.22 25.84 181.45 33.02 54.37 51.39 35.10 52.37 35.43 7.60 26.87 53.24 25.78 40.15 26.32 47.29
127.83 55.88 65.93 70.38 66.35 3.62 31.82 62.52 62.19 9.66 75.61 5.69 54.86 16.98 200.66 73.04 56.46 6.28 19.51 66.45 60.44 673.27 585.79 90.26 125.58 158.94 16.81 47.52 207.27 18.01 42.58 28.93 18.88 42.53 107.65 17.44 26.00 174.73 33.16 52.29 48.75 35.59 52.02 35.07 7.66 26.56 53.90 26.13 41.34 26.01 47.17
127.71 55.73 63.26 70.86 68.07 3.66 30.15 62.17 61.63 9.40 76.63 5.58 54.58 17.21 199.69 71.79 56.63 6.22 19.65 67.05 61.86 688.57 575.90 90.73 127.26 161.62 16.35 46.55 206.19 17.72 41.72 28.68 19.03 41.28 105.75 18.00 26.60 177.53 32.60 53.38 47.93 35.92 51.69 35.07 7.73 26.17 52.84 25.84 42.32 26.17 46.92
128.06 56.76 64.32 68.54 69.43 3.72 30.44 61.33 58.56 9.42 75.49 5.61 56.08 17.06 204.53 73.93 57.75 5.97 19.49 67.36 64.60 683.50 591.37 89.90 126.63 162.73 16.74 45.97 210.43 17.28 42.48 29.14 19.87 41.92 103.62 17.44 26.88 168.50 32.02 53.94 47.82 35.80 51.62 35.72 7.58 26.53 53.00 27.48 41.92 25.94 47.13
128.24 55.00 62.98 67.25 71.15 3.77 30.03 60.61 59.44 9.42 75.71 5.76 57.31 16.90 200.42 72.60 59.38 5.91 18.91 68.43 64.52 696.29 600.42 89.05 124.91 161.22 16.27 47.16 207.84 17.79 42.83 29.80 19.88 42.61 103.12 17.33 26.39 158.13 31.71 54.17 47.86 35.37 51.52 36.52 7.58 27.00 52.52 27.08 41.40 26.06 47.97
128.46 54.23 64.71 68.32 70.61 3.67 29.00 60.01 60.84 9.31 75.78 5.86 56.54 17.16 202.20 74.05 56.95 5.86 18.24 70.12 64.50 702.15 613.15 90.65 124.89 163.19 16.22 47.43 204.75 18.35 43.43 29.75 19.99 43.29 104.20 18.01 26.28 157.66 31.86 53.62 45.93 35.23 51.82 36.20 7.76 27.25 51.78 26.29 40.84 25.66 49.52
130.01 56.02 66.64 67.78 73.30 3.59 29.01 60.76 62.65 9.44 77.35 5.77 57.62 17.43 211.28 78.44 58.10 6.04 18.22 72.74 67.67 677.12 644.77 91.67 124.75 167.94 16.82 48.92 210.87 18.75 41.51 30.64 19.12 43.89 106.70 18.20 26.40 153.90 31.27 54.98 49.19 35.62 53.24 36.68 8.11 27.96 52.87 25.98 41.86 26.71 50.07
128.58 54.90 63.65 67.63 73.20 3.51 28.44 61.05 63.13 9.82 75.91 5.74 57.08 17.34 209.33 77.68 57.54 6.23 17.39 72.26 65.64 650.92 636.51 91.24 120.82 167.10 16.70 47.74 206.18 18.72 41.47 30.07 18.35 43.53 105.78 18.22 26.38 162.65 31.68 56.40 47.02 35.59 52.98 36.85 8.10 27.42 53.01 25.75 41.44 26.96 49.64
127.60 54.16 63.70 67.33 72.18 3.61 27.42 60.63 62.04 9.93 75.50 5.94 57.57 16.65 204.60 76.87 56.98 6.14 17.27 71.97 64.95 644.57 650.73 91.14 116.02 165.45 16.63 47.85 205.06 18.68 42.39 30.15 18.20 42.52 102.00 17.86 25.59 165.24 31.64 55.71 48.83 35.33 52.77 36.25 8.02 26.91 53.68 24.60 41.33 26.58 48.56
126.18 54.27 63.35 65.02 71.63 3.72 27.03 60.64 62.37 9.84 76.26 6.11 58.18 16.48 204.71 75.20 59.18 6.07 17.27 73.82 62.12 609.04 632.89 89.27 113.72 161.53 16.77 49.08 203.37 18.87 39.60 29.18 18.71 43.27 100.70 17.50 25.78 172.51 31.19 55.32 47.08 34.91 52.50 36.07 7.95 27.41 53.71 24.23 41.96 26.74 48.91
126.54 52.80 60.96 63.73 71.03 3.71 27.17 60.36 60.83 9.52 75.03 6.05 57.95 15.88 204.38 76.27 57.11 5.92 18.11 71.94 60.26 642.48 639.26 87.39 117.98 165.67 16.33 47.53 201.61 18.41 41.42 29.24 19.30 41.57 99.85 17.58 25.83 167.90 31.05 53.40 46.83 34.77 52.48 36.76 7.97 26.56 54.18 24.42 41.74 25.86 48.07
128.96 55.03 62.19 66.20 72.25 3.80 27.76 60.73 61.50 9.76 76.01 6.35 58.38 16.33 210.37 78.38 58.08 5.97 18.98 72.53 61.08 665.04 642.87 91.29 118.68 165.54 16.69 47.37 210.14 18.30 43.48 29.70 20.11 42.69 103.75 18.08 25.72 181.67 30.07 53.83 45.94 35.23 53.78 37.09 8.16 26.83 55.53 24.94 42.27 25.19 48.20
129.08 54.46 61.68 66.04 72.19 3.60 27.11 61.10 62.13 9.55 76.57 6.22 58.46 15.91 208.19 75.34 59.26 5.83 18.88 73.18 60.82 683.52 628.09 89.95 119.38 170.31 16.55 47.91 205.53 17.96 41.61 29.89 20.50 41.37 104.60 18.04 25.83 178.96 30.29 56.35 49.47 34.57 53.81 36.24 8.15 26.61 55.65 25.04 41.22 25.35 49.75
128.85 55.77 65.16 65.43 69.27 3.47 26.46 63.15 59.96 9.24 78.41 6.34 55.10 15.55 209.97 75.78 60.19 5.69 18.07 73.23 58.74 707.26 632.44 91.45 119.80 162.44 15.83 47.30 213.91 17.61 41.58 30.30 20.64 39.43 105.00 17.86 25.38 174.88 30.25 57.84 49.51 34.31 53.97 36.54 8.19 26.51 54.02 23.16 40.35 24.99 50.68
130.15 56.71 66.15 65.36 70.67 3.59 25.87 62.82 59.06 9.20 78.07 6.46 56.45 16.00 214.47 78.30 61.35 5.88 17.86 74.89 58.71 702.96 635.91 96.17 121.34 172.04 16.06 46.96 215.93 17.78 41.51 29.85 20.54 39.81 104.05 17.86 25.84 179.36 30.33 61.38 51.72 33.81 54.74 37.07 8.17 26.58 54.78 23.67 40.05 25.46 51.01
130.66 54.80 66.68 63.43 70.18 3.58 25.85 62.16 57.80 9.03 74.61 6.29 55.00 15.52 204.93 78.05 59.55 5.93 17.70 75.94 57.87 736.76 661.18 96.40 123.52 173.09 15.85 45.13 208.40 18.22 40.41 29.04 20.96 38.35 102.49 18.65 25.64 182.85 30.80 61.67 52.78 33.21 54.69 37.35 8.09 25.82 53.77 23.75 40.86 25.22 51.80
132.87 55.84 67.79 65.08 71.05 3.83 25.78 63.53 60.49 9.17 77.07 6.42 55.61 15.60 206.52 80.29 60.22 6.02 18.73 78.03 59.23 760.40 665.21 94.67 130.50 173.94 15.80 46.19 212.27 18.29 40.39 28.83 21.30 38.91 105.41 18.59 25.51 182.63 31.29 62.41 54.12 33.81 55.72 37.43 8.01 26.40 54.62 24.38 41.32 24.77 53.29
132.60 56.34 68.99 64.29 71.28 3.88 25.81 63.74 60.69 9.16 78.69 6.51 56.30 15.77 206.59 77.04 60.31 6.10 18.06 77.87 58.44 757.36 673.30 95.41 128.80 170.97 15.14 46.70 216.26 18.41 38.62 29.14 20.83 38.68 102.56 18.75 25.19 176.98 32.70 62.49 53.94 33.57 55.27 37.55 8.03 26.63 55.44 24.24 40.75 24.70 53.63
132.21 57.66 70.17 65.53 71.26 3.88 26.46 64.61 59.74 9.33 79.88 6.61 55.51 16.43 206.29 78.37 61.09 6.10 17.31 76.91 59.76 722.35 682.98 98.00 126.50 172.34 15.19 48.10 219.75 18.48 37.97 30.07 20.28 39.49 104.52 18.82 24.77 168.30 32.83 60.34 52.91 34.16 55.15 38.42 8.30 27.14 56.32 24.39 41.70 25.00 53.53
130.78 57.24 69.39 63.37 69.95 3.75 26.23 64.39 57.41 9.05 78.03 6.29 54.69 16.69 202.35 77.23 61.68 6.00 17.19 77.38 59.66 710.50 689.62 95.31 127.01 178.11 14.80 46.81 217.16 18.24 37.58 30.08 19.93 38.85 101.00 18.49 24.47 162.44 32.34 60.17 50.95 34.19 54.73 38.63 8.17 26.82 55.64 23.99 40.53 24.61 51.88
129.12 56.25 67.52 63.13 69.86 3.87 26.56 65.32 57.74 9.19 77.39 6.26 55.38 16.34 202.90 77.70 62.34 5.90 17.42 77.52 59.28 682.41 684.58 95.29 122.66 177.34 15.05 46.85 216.87 18.21 36.76 29.81 20.10 38.18 100.03 18.74 24.56 156.53 32.04 58.75 49.15 33.56 54.13 37.06 8.24 26.99 54.57 23.16 41.29 25.01 51.02
131.11 57.51 67.39 62.56 69.23 3.95 26.57 66.16 57.15 9.03 77.32 6.19 55.76 16.51 206.36 74.88 61.44 5.97 17.99 77.18 58.88 713.37 721.87 94.00 125.28 177.70 15.86 46.28 221.71 18.33 36.15 31.27 19.99 37.55 98.92 17.70 24.80 164.82 32.09 62.01 47.92 33.70 54.32 37.93 8.39 26.44 55.01 23.26 41.38 25.52 49.74
129.90 57.53 66.18 62.11 68.95 4.08 26.61 63.76 55.52 8.94 77.15 6.31 53.30 15.92 206.29 74.32 62.11 5.93 18.44 77.05 57.45 711.97 713.79 94.62 120.82 176.17 15.46 45.89 226.59 17.49 37.75 30.79 19.97 37.02 98.91 17.39 25.49 163.50 31.24 59.51 48.07 33.78 53.93 38.00 8.42 25.92 54.47 23.46 40.10 25.57 49.11
130.60 56.41 66.64 62.69 67.84 4.16 26.93 63.58 55.47 8.85 78.24 6.45 53.66 15.80 205.70 76.38 62.39 6.28 18.84 77.49 56.63 692.92 704.38 96.58 124.53 179.38 15.61 46.65 229.17 18.17 39.50 31.19 20.03 37.47 100.16 17.64 25.41 164.29 31.64 58.61 48.88 34.64 54.28 38.06 8.42 26.61 55.88 24.19 41.32 26.44 50.66
130.84 55.82 66.39 60.74 68.24 4.15 27.13 62.49 55.44 8.94 79.24 6.45 54.55 15.42 203.96 76.70 59.96 6.25 19.52 75.27 58.84 695.00 701.66 98.06 129.74 184.58 15.46 47.30 226.88 18.35 39.10 30.81 19.94 37.78 101.28 17.70 25.30 167.07 31.80 60.11 47.05 34.32 54.67 37.76 8.38 26.99 56.69 22.91 40.75 25.74 49.75
131.69 55.24 66.81 60.26 67.72 4.17 26.24 62.55 54.32 8.63 80.42 6.44 54.88 15.35 203.10 74.67 57.80 6.23 19.56 73.95 59.03 707.84 720.17 98.47 133.57 187.03 15.57 47.40 227.90 18.45 40.48 30.60 20.11 37.73 100.54 18.35 25.44 179.21 32.83 60.04 45.69 34.80 54.86 37.20 8.13 26.65 56.85 22.35 39.61 26.51 49.48
130.61 55.33 66.65 60.84 69.67 4.13 25.98 63.84 54.17 8.64 77.38 6.52 55.38 15.89 205.76 74.40 57.14 6.36 19.15 75.49 56.97 669.70 713.67 99.77 133.15 185.26 15.68 47.79 234.70 18.43 40.19 29.98 20.79 38.30 102.32 18.05 25.71 178.50 32.84 58.05 45.17 34.82 54.24 37.55 8.10 27.15 56.55 22.43 39.97 27.03 49.01
131.90 54.71 69.51 61.81 68.12 3.96 26.89 64.97 54.42 8.88 76.51 6.34 56.20 15.95 201.57 75.27 58.61 6.16 18.94 76.72 57.18 679.07 743.22 104.50 136.04 180.27 15.69 48.22 229.50 18.25 38.24 30.03 20.56 39.73 106.37 18.36 25.27 180.45 33.81 58.54 45.04 34.70 54.42 37.95 8.02 26.68 56.35 23.20 39.32 27.31 50.80
132.39 53.78 69.29 62.27 68.18 3.90 26.69 65.48 53.73 8.72 74.70 6.29 56.50 16.36 198.99 76.33 59.36 5.97 18.07 75.25 56.23 676.35 771.73 103.37 138.18 177.00 16.04 47.98 231.50 18.27 38.02 30.58 19.83 40.75 107.38 18.60 25.78 181.06 33.34 57.94 45.37 34.92 54.81 38.59 8.16 26.53 55.81 23.91 39.41 27.62 50.66
133.25 53.08 70.56 63.58 68.46 3.80 27.63 66.55 55.26 8.66 75.74 6.60 57.59 16.83 201.54 77.93 59.35 6.06 19.00 76.66 57.78 654.51 766.75 106.12 139.73 180.37 15.99 48.62 228.84 18.41 39.42 30.98 20.48 41.56 110.83 18.63 26.73 184.44 33.91 59.54 46.77 35.83 54.57 38.77 8.19 26.49 54.70 24.96 40.14 26.96 51.45
132.89 52.08 69.92 62.20 67.86 3.88 27.28 65.09 54.78 8.32 73.49 6.58 56.38 17.17 198.60 75.81 59.58 5.89 18.37 74.28 55.34 676.90 741.31 104.30 137.84 181.27 15.62 49.28 230.39 18.93 41.81 30.87 21.16 42.85 110.14 18.14 25.88 184.92 33.02 58.57 46.31 35.56 55.35 38.48 8.13 25.64 55.89 25.49 38.40 27.45 51.14
135.43 53.37 68.36 62.68 68.60 3.88 27.11 65.61 55.39 8.43 74.78 6.75 57.05 17.47 196.70 77.82 60.09 5.98 19.42 71.99 55.74 691.67 741.65 105.04 147.31 196.94 15.51 49.90 232.60 19.57 44.53 31.31 20.53 42.90 113.61 19.25 25.37 205.31 32.41 57.24 45.64 36.07 55.88 39.41 8.25 25.63 56.20 26.06 39.22 28.18 50.86
134.01 52.91 66.99 62.44 66.61 3.69 26.36 63.72 56.06 7.98 73.61 6.60 55.78 17.70 194.93 74.65 60.49 5.89 18.81 71.85 56.49 669.63 720.35 102.95 147.64 198.51 15.20 48.90 232.64 19.13 43.54 31.46 20.41 42.92 110.61 19.46 25.07 214.56 32.27 59.73 46.97 36.11 55.66 39.28 8.13 25.40 55.55 25.58 38.87 27.83 50.33
134.50 52.71 66.27 61.17 67.66 3.60 25.70 63.95 55.05 7.81 73.76 6.73 56.68 17.50 196.96 76.19 59.32 5.91 19.53 68.96 56.89 693.33 718.97 101.88 143.95 204.35 15.26 48.88 230.83 18.75 42.78 31.23 19.87 43.95 112.28 19.83 25.21 213.93 32.00 60.80 45.92 35.59 56.21 39.46 8.15 26.56 55.65 26.00 38.21 27.91 49.66
135.41 52.78 69.73 60.34 67.88 3.52 25.75 64.24 54.68 7.98 74.19 6.73 57.13 17.46 197.28 77.27 59.49 5.94 19.01 67.10 56.73 718.03 689.42 101.32 148.36 202.96 15.26 51.03 234.67 19.41 43.80 31.62 20.16 45.85 113.79 20.69 25.44 208.72 31.80 59.34 46.38 35.68 56.39 39.07 8.24 26.13 56.32 26.41 38.82 27.54 49.93
136.40 52.19 68.54 60.63 68.71 3.60 25.64 64.17 55.52 8.11 72.09 6.77 58.32 17.27 196.14 75.72 61.62 5.89 18.18 66.80 56.15 752.98 717.24 100.60 146.91 202.59 15.11 50.03 230.74 19.30 45.05 31.41 19.91 45.24 110.99 20.70 25.08 205.83 30.61 59.17 49.87 36.03 57.55 39.05 8.28 25.87 56.40 26.33 38.44 27.53 50.60
135.78 52.13 67.37 61.05 68.29 3.78 26.57 64.55 57.17 7.99 71.15 6.71 60.60 17.30 197.52 75.68 62.34 6.01 18.12 63.63 55.19 703.28 719.59 100.80 144.71 210.40 15.55 51.88 234.31 19.28 47.60 31.50 19.96 45.00 110.31 20.39 25.67 195.98 31.18 60.04 49.77 37.06 58.43 39.04 8.11 26.05 57.23 26.88 39.13 27.63 52.69
137.09 54.15 64.87 60.91 69.53 3.73 26.90 65.86 57.28 8.10 71.51 6.65 61.66 17.59 200.37 76.64 63.44 6.06 18.26 65.26 55.72 704.54 692.94 101.19 146.89 224.21 16.14 52.21 231.93 19.42 45.74 31.30 19.68 45.08 108.91 20.51 26.16 206.17 32.32 64.68 51.71 36.92 59.05 38.01 8.14 26.83 58.06 27.57 39.77 28.11 53.32
140.49 55.82 64.48 59.96 71.36 3.62 27.18 66.46 56.96 8.24 70.68 6.64 63.67 17.63 203.59 78.30 64.39 6.16 19.37 66.72 58.07 743.62 738.21 100.44 147.97 228.80 16.57 50.61 236.83 19.75 47.55 31.92 20.34 45.91 108.61 20.93 26.15 221.04 32.93 61.97 53.32 37.10 59.69 38.78 7.95 26.45 59.22 28.50 41.53 28.45 54.64
139.65 54.91 64.96 59.78 70.10 3.50 26.85 67.69 55.54 8.07 70.14 6.59 63.08 18.24 206.45 75.62 66.02 6.33 18.58 64.20 58.57 722.41 730.77 98.60 146.35 219.79 15.82 50.82 234.53 19.78 47.11 32.50 20.71 46.88 108.26 20.51 25.50 226.32 33.63 61.68 53.22 37.04 59.08 38.86 8.10 26.70 59.40 28.09 41.84 29.14 55.56
138.17 55.35 64.66 60.15 70.45 3.61 28.19 69.09 56.15 8.14 70.43 6.77 64.14 18.37 204.14 78.81 64.28 6.33 18.45 65.37 60.86 680.23 727.17 93.81 143.89 214.40 15.47 50.01 232.48 18.81 44.60 32.35 20.66 48.36 111.76 19.60 25.43 220.57 33.42 58.48 52.73 36.54 59.21 39.27 8.01 27.26 59.02 29.57 41.33 29.22 54.17
139.60 55.30 64.52 60.37 71.53 3.71 29.07 69.38 55.31 8.06 69.51 6.66 64.38 18.32 202.64 79.10 64.56 6.17 19.78 67.54 62.07 681.99 761.07 95.74 144.74 223.30 15.48 51.63 236.73 19.38 43.38 32.78 20.84 47.40 111.68 19.05 25.29 221.06 33.87 61.32 53.41 36.67 59.42 39.69 8.13 26.76 58.38 29.36 41.17 30.48 55.57
138.49 53.82 62.67 61.56 70.02 3.67 29.13 69.80 53.30 8.30 68.55 6.70 64.04 17.97 199.42 79.40 64.52 6.24 20.12 64.45 60.76 643.68 784.80 94.60 146.71 215.65 15.51 51.65 238.37 18.91 42.63 32.32 20.34 49.24 110.94 17.84 25.63 219.21 33.81 62.51 52.95 36.91 58.54 39.94 7.98 27.10 58.13 29.38 40.08 30.63 56.47
139.68 53.06 62.83 62.09 69.82 3.79 28.22 70.45 53.59 8.16 68.00 6.69 64.64 17.59 200.94 76.61 63.31 6.24 20.62 62.03 61.57 650.80 796.01 94.68 156.04 219.69 15.43 52.81 238.88 19.12 45.02 32.54 19.95 48.69 110.53 17.68 25.52 238.40 32.94 65.22 53.21 35.98 58.72 39.63 7.77 27.25 57.22 29.14 39.29 31.49 56.90
137.55 52.58 62.09 61.56 69.27 3.69 28.26 68.70 54.12 8.02 67.38 6.81 62.29 17.35 196.63 78.26 62.56 5.88 19.24 62.47 61.22 600.68 812.82 92.22 158.35 215.40 14.60 52.04 235.07 18.45 45.49 31.95 19.37 48.10 109.57 17.87 24.55 246.00 32.87 67.08 50.04 35.13 58.73 39.48 7.83 25.87 55.67 28.02 39.08 31.05 56.17
137.49 54.50 64.69 61.55 70.56 3.69 28.49 70.18 54.35 8.32 69.29 6.66 63.83 17.66 203.86 79.13 63.20 6.07 19.98 61.60 62.11 537.15 810.75 92.57 160.56 214.14 14.75 52.73 235.06 18.60 46.16 32.24 20.03 49.39 110.10 17.16 24.85 252.55 33.26 67.16 51.46 35.62 59.72 39.94 7.95 26.25 57.19 28.20 39.45 30.48 57.37
136.18 54.77 62.79 61.79 71.56 3.68 28.85 71.44 54.48 8.48 69.10 6.69 65.86 17.26 204.56 77.99 63.31 6.04 19.66 60.18 60.09 526.06 801.47 91.59 157.56 211.98 14.77 52.79 234.55 18.11 45.53 31.89 20.55 48.58 107.09 17.03 24.91 248.21 33.20 66.65 51.22 35.29 60.29 40.06 7.99 24.68 55.79 26.36 39.66 29.36 55.56
134.15 52.81 60.52 60.87 70.00 3.63 29.42 70.16 53.03 8.21 67.50 6.53 67.60 17.06 202.11 76.53 62.85 5.95 19.38 61.28 60.28 531.07 780.43 92.85 154.69 216.86 14.51 51.38 231.10 17.10 44.28 31.03 20.44 46.47 105.66 16.97 24.32 234.18 33.02 66.07 50.42 34.57 60.20 38.99 7.75 24.91 54.23 25.72 38.59 28.40 54.98
135.59 54.07 62.04 63.51 71.53 3.61 29.60 72.12 51.94 8.36 69.68 6.57 69.10 17.14 206.97 76.27 65.84 5.99 19.14 61.52 62.64 548.29 779.79 96.13 148.94 207.32 14.67 52.08 237.36 17.33 48.54 31.34 20.23 46.52 106.72 17.22 24.74 238.23 32.84 69.05 50.15 35.07 61.34 39.87 7.99 25.24 53.96 25.79 38.85 28.51 55.30
133.85 54.07 60.72 63.09 70.22 3.48 28.39 71.70 51.42 8.10 67.48 6.32 67.36 16.52 206.15 73.51 62.95 5.91 19.57 59.60 61.68 524.50 789.76 92.26 146.67 217.08 14.41 51.27 231.50 17.18 47.65 31.41 19.15 46.98 107.05 16.95 24.41 237.46 34.22 66.60 49.96 34.61 60.88 39.79 8.10 25.09 52.71 24.29 39.20 28.30 55.83
135.84 53.92 60.52 64.12 70.90 3.59 30.38 71.95 51.14 8.08 70.63 6.29 69.28 16.89 210.30 76.08 61.09 5.91 20.34 59.56 63.16 529.46 788.91 94.17 154.46 227.75 14.45 50.67 233.93 17.15 49.09 31.14 18.86 47.18 107.43 17.03 24.75 236.39 33.78 70.89 51.31 34.21 62.55 39.50 8.30 25.80 53.21 24.51 38.92 29.07 55.85
135.54 54.11 57.30 65.27 69.99 3.43 30.39 72.03 53.05 8.15 71.51 6.32 72.31 16.65 209.70 76.14 62.20 5.86 20.40 60.00 61.38 512.01 784.26 93.16 153.16 224.94 14.24 52.04 235.72 16.79 47.45 31.61 18.60 47.76 107.15 16.20 24.56 231.18 34.04 72.13 54.80 34.37 63.46 39.17 8.42 26.21 53.32 24.55 39.49 29.91 54.64
133.99 53.79 56.74 64.71 71.60 3.40 29.84 72.37 52.63 8.07 72.43 6.24 71.22 16.65 204.97 71.81 61.54 5.90 18.98 61.68 59.71 507.78 770.41 91.98 151.82 224.10 13.86 50.27 228.03 16.57 47.96 31.41 18.88 47.22 106.44 15.38 25.03 231.78 33.46 68.35 51.95 34.37 63.18 38.45 8.32 26.31 52.78 23.64 38.27 30.12 56.44
134.63 55.69 54.57 63.94 71.39 3.36 29.38 73.75 51.78 8.23 75.60 6.29 72.16 16.68 204.15 72.94 60.58 5.90 19.64 60.83 60.17 513.14 768.04 91.98 152.08 231.06 13.52 51.34 229.50 16.32 48.99 31.70 18.46 48.04 107.00 16.11 25.73 225.72 32.38 70.76 52.95 34.76 63.73 38.57 8.43 26.30 52.71 23.85 38.70 30.53 55.98
136.17 57.14 55.33 66.01 73.76 3.51 29.93 73.38 51.20 8.50 79.06 6.27 71.22 16.86 207.72 71.40 60.69 6.00 20.58 64.98 60.73 517.70 783.15 92.97 157.04 226.80 13.82 52.60 236.66 16.62 49.43 31.96 18.72 48.26 108.65 16.70 25.79 221.20 34.40 68.10 52.76 34.67 64.46 39.44 8.60 26.78 52.96 24.03 37.65 31.56 56.96
136.85 56.82 54.77 66.07 72.64 3.41 30.73 73.95 51.85 8.38 79.16 6.57 70.67 16.93 209.62 70.81 60.06 5.99 19.58 64.46 62.66 540.07 790.61 94.70 157.35 231.14 13.47 51.55 240.80 16.50 48.51 31.87 19.15 49.01 108.05 17.04 26.01 219.66 34.04 63.47 51.36 35.35 65.19 39.81 8.72 28.30 52.51 24.34 38.09 31.09 56.82
135.80 57.64 54.95 64.93 73.75 3.46 30.92 73.03 52.81 8.50 77.83 6.65 70.11 16.83 204.36 70.77 59.97 5.92 18.53 64.25 63.45 517.57 776.02 95.50 151.32 227.48 13.69 50.25 240.69 16.63 49.63 31.91 19.52 49.75 107.93 16.92 25.94 208.88 34.85 67.74 53.88 34.91 65.12 39.79 8.73 28.81 52.76 24.34 38.26 31.05 57.64
133.29 56.15 53.22 65.32 74.99 3.42 29.17 72.77 51.24 8.50 77.15 6.56 68.35 16.53 201.40 68.52 59.05 5.77 18.55 63.85 62.47 492.56 778.09 96.34 148.91 225.21 13.56 50.13 234.26 16.18 46.51 31.02 19.29 48.29 108.97 16.96 25.25 208.93 34.13 68.34 51.90 34.30 65.14 38.59 8.58 28.67 52.04 23.81 37.06 29.99 57.11
134.05 55.09 53.07 65.39 75.17 3.28 28.31 72.20 50.35 8.46 75.27 6.56 68.59 16.94 203.52 67.40 59.66 5.71 17.95 63.25 63.36 506.47 794.51 96.88 152.39 229.37 13.94 50.43 234.48 16.76 49.19 30.60 19.27 47.93 111.43 16.94 25.36 215.54 35.09 64.93 49.36 34.74 65.56 37.95 8.52 28.81 52.08 23.04 37.23 30.01 58.19
135.81 54.80 53.93 65.47 76.19 3.34 28.36 73.99 51.13 8.56 74.77 6.31 68.60 16.85 206.01 67.42 61.05 5.71 17.74 65.79 64.71 528.38 813.56 99.78 154.11 231.20 14.16 51.13 237.41 17.16 51.50 31.16 20.22 48.31 112.62 17.29 25.28 216.36 34.06 64.71 49.24 34.63 66.35 38.22 8.47 28.74 51.54 23.62 37.62 31.25 58.00
135.23 55.21 52.69 64.54 77.14 3.41 28.29 72.95 52.66 8.61 76.05 6.15 67.99 17.00 202.99 65.04 59.94 5.73 17.05 64.30 64.04 533.87 804.93 98.85 151.95 232.08 14.06 51.10 233.12 17.36 53.47 30.18 20.26 47.39 112.57 16.56 25.63 210.97 34.63 66.14 49.34 34.59 66.58 36.91 8.63 28.18 51.02 23.93 37.56 32.11 58.07
135.45 56.81 51.48 64.56 79.55 3.47 28.66 72.67 51.64 8.72 76.34 6.05 68.85 17.03 204.93 65.35 59.27 5.71 16.80 65.91 61.67 532.97 821.76 98.52 150.26 226.20 14.67 52.25 236.09 17.45 56.24 30.68 20.37 48.30 114.12 16.78 25.83 195.31 34.13 61.34 49.72 34.29 66.34 37.00 8.86 28.81 51.15 24.51 37.89 32.80 61.41
134.18 55.60 47.84 64.84 79.42 3.51 27.23 71.46 51.55 8.68 72.54 5.81 67.71 17.14 201.95 63.86 57.57 5.57 16.04 66.17 60.70 549.11 796.28 96.86 147.91 223.90 15.18 52.69 232.62 17.52 55.63 30.57 20.22 48.21 112.71 16.74 25.95 191.77 34.05 63.61 47.87 34.27 66.35 36.40 8.75 27.71 50.09 24.74 38.39 32.81 60.77
134.29 55.98 46.78 64.01 80.28 3.47 27.11 70.53 50.98 8.70 71.36 5.75 65.28 16.65 198.56 60.62 60.31 5.74 15.82 66.88 60.07 563.18 807.34 94.92 150.00 229.59 15.42 51.75 235.64 17.00 53.64 30.86 20.00 46.56 111.91 16.88 25.79 188.57 34.27 63.60 46.59 34.35 65.57 36.85 8.78 27.45 50.25 25.86 39.54 32.22 61.28
132.92 55.79 48.58 63.00 80.80 3.49 27.36 70.16 52.69 8.63 74.99 5.93 65.14 17.15 199.32 59.18 59.84 5.82 15.51 66.72 62.58 535.26 791.50 94.92 144.79 224.08 15.06 52.52 241.04 16.28 54.64 30.85 20.07 46.54 113.61 16.17 26.02 180.03 33.25 61.06 47.85 34.16 65.18 36.65 8.86 27.69 50.22 25.64 40.34 33.20 62.30
129.63 55.64 47.66 63.28 77.80 3.34 26.79 67.52 51.31 8.48 74.63 6.04 63.46 16.75 197.77 58.51 57.81 5.83 14.85 62.39 62.64 480.86 799.12 93.29 140.78 221.71 14.11 51.53 235.29 15.75 51.33 30.90 20.06 46.34 112.58 15.87 26.10 179.04 31.61 59.93 48.48 33.70 64.65 35.73 8.86 27.84 50.30 25.49 40.45 30.90 60.80
130.88 55.55 49.06 65.45 76.72 3.32 27.35 69.16 52.89 8.49 75.07 6.20 63.43 17.17 202.73 60.07 60.13 5.97 14.88 63.59 66.18 461.54 795.85 93.62 142.91 234.72 14.21 52.17 240.13 16.03 51.13 31.07 19.79 47.76 115.65 15.74 26.00 181.93 31.19 59.71 48.92 33.68 66.17 36.63 9.10 28.40 51.53 25.76 41.05 31.51 61.70
132.29 56.00 49.10 66.38 75.76 3.32 27.24 68.85 51.84 8.81 75.97 6.33 63.14 17.29 202.44 58.82 60.08 5.91 15.22 65.09 64.64 505.10 786.60 92.23 147.07 244.15 14.64 51.75 239.51 15.78 49.42 30.81 20.00 47.85 115.44 16.28 25.55 183.63 30.63 60.12 50.51 33.68 66.70 36.45 9.24 28.39 51.56 24.56 40.80 31.72 62.63
132.12 56.87 48.26 66.27 74.76 3.25 26.06 69.42 51.49 8.85 73.16 6.40 65.16 16.84 202.34 60.08 58.69 6.00 15.28 65.57 62.79 506.21 793.90 96.56 145.17 237.93 14.33 50.95 244.88 15.89 51.11 31.14 19.93 48.85 116.22 15.47 25.90 180.11 30.38 61.47 48.33 33.60 66.35 36.51 9.31 28.43 51.52 24.75 41.14 33.10 61.76
131.17 56.16 47.90 64.93 74.28 3.21 26.19 66.81 51.00 9.01 71.13 6.28 63.79 16.53 199.95 58.14 58.28 5.88 15.47 64.95 60.37 506.51 814.32 96.02 143.91 227.74 13.92 49.67 242.66 15.73 51.56 31.40 19.82 46.64 115.33 15.49 25.55 172.19 29.87 63.09 48.51 33.20 65.60 36.59 9.14 27.16 50.76 25.98 41.07 34.51 62.65
130.92 57.54 48.44 65.03 75.12 3.14 25.93 64.55 50.36 8.76 70.56 6.45 63.64 16.68 199.96 57.16 57.58 5.93 16.01 64.49 59.07 512.88 788.74 97.19 149.48 223.04 14.23 50.08 246.76 15.98 52.03 32.12 19.97 46.24 116.36 15.21 25.30 165.76 29.94 64.44 48.53 33.05 64.57 36.22 9.06 27.27 50.33 25.45 41.02 34.45 63.31
131.32 57.04 47.96 64.03 73.93 3.19 26.17 66.95 49.80 8.68 71.64 6.68 64.16 17.37 205.31 57.54 57.82 5.98 16.44 62.18 59.30 496.76 795.22 96.31 149.79 225.77 14.20 50.16 258.01 15.78 53.97 32.22 20.03 46.42 118.72 14.94 24.98 169.24 30.05 63.43 48.05 32.66 64.20 36.92 9.19 27.39 51.01 25.31 40.83 35.07 64.03
132.45 56.17 47.95 64.19 74.29 3.23 26.05 67.63 49.66 8.27 69.63 6.59 65.85 17.07 205.16 56.22 58.01 6.10 16.23 60.89 56.14 533.99 812.58 97.15 151.04 221.74 13.82 48.24 247.83 15.81 56.35 32.94 19.36 44.72 118.83 15.37 24.72 180.19 29.71 64.59 48.80 32.23 63.60 37.41 8.88 27.73 51.08 24.88 40.87 35.39 64.28
134.16 56.67 48.09 62.91 75.45 3.27 25.68 67.17 50.41 8.18 70.66 6.48 64.48 17.20 203.14 56.68 57.20 6.10 15.98 60.32 55.74 564.46 850.14 99.35 151.97 222.92 13.79 47.27 241.81 16.58 58.22 33.45 19.31 44.86 115.79 15.86 25.08 190.11 30.61 63.88 49.03 32.04 63.07 38.10 8.73 27.60 51.03 25.19 42.70 34.68 63.11
132.26 54.61 46.96 63.20 74.86 3.12 24.92 64.91 49.26 7.85 69.27 6.37 63.93 16.96 197.70 55.35 57.75 6.07 15.91 60.55 55.81 542.56 812.43 96.96 157.25 216.82 13.60 46.89 233.92 16.73 55.17 32.67 19.23 43.97 113.18 15.95 24.60 196.90 29.98 66.26 47.67 31.56 61.95 37.58 8.63 27.21 50.74 25.37 43.06 34.44 64.84
132.64 54.27 46.79 63.04 76.23 3.07 24.72 64.87 48.22 8.09 69.72 6.43 61.67 16.83 203.21 57.56 56.38 6.04 16.30 62.17 57.08 552.98 804.78 99.18 160.88 216.76 13.61 46.94 234.49 16.83 54.24 32.74 18.51 45.27 116.03 16.36 24.48 195.76 29.49 65.40 48.02 31.26 63.01 37.13 8.41 26.72 51.03 25.63 43.21 33.58 65.06
132.66 54.44 47.55 63.38 77.51 3.04 24.95 64.43 50.01 7.83 68.61 6.37 62.64 16.59 199.04 57.54 55.70 6.10 16.82 62.71 57.54 579.02 784.57 96.46 156.72 211.58 13.77 47.00 234.53 16.83 54.32 32.01 18.87 45.85 113.44 15.98 24.74 199.17 29.06 66.37 48.06 31.66 62.25 37.75 8.34 26.55 51.07 24.91 42.45 32.70 66.31
132.82 55.83 46.00 62.52 77.74 3.03 23.78 66.00 49.77 7.99 69.29 6.47 64.97 16.97 200.04 60.36 56.67 6.17 16.46 64.73 57.05 564.01 785.43 98.80 153.85 212.33 13.88 46.66 240.15 16.72 52.99 32.10 18.85 46.26 111.97 15.14 24.91 205.37 29.49 66.93 46.43 31.91 62.00 38.27 8.53 26.68 50.19 25.44 43.04 33.65 67.30
129.76 53.61 44.04 61.69 75.02 2.90 23.04 64.99 49.05 7.85 65.74 6.35 62.54 16.02 195.49 58.34 54.76 6.08 16.80 63.35 55.47 577.90 757.26 97.36 152.80 197.74 13.17 46.08 235.60 16.15 52.88 30.84 18.21 44.69 109.61 14.40 24.36 204.20 30.28 63.52 44.57 31.21 60.44 37.22 8.35 25.98 48.41 25.15 41.29 32.40 64.23
128.67 53.29 43.42 61.89 75.24 2.88 22.64 64.12 48.84 7.71 64.30 6.49 60.66 16.46 196.48 60.54 55.07 5.94 16.27 59.38 56.39 583.56 761.79 99.64 152.61 195.23 13.13 44.85 234.78 15.63 51.48 29.81 18.01 44.05 109.15 14.54 24.30 197.13 29.32 62.84 43.30 31.02 60.62 36.81 8.24 25.65 48.21 24.15 42.35 31.63 61.82
129.56 53.94 43.10 63.59 74.38 2.90 22.58 63.75 48.21 7.78 61.72 6.53 60.27 16.97 199.65 61.20 55.67 5.95 16.77 59.16 57.50 593.60 769.33 99.43 151.98 197.44 13.03 44.51 233.03 15.31 53.08 30.89 18.19 43.76 108.57 15.52 23.88 205.96 27.76 62.90 46.32 30.76 60.74 36.56 8.24 26.10 48.99 24.16 42.23 32.15 62.71
131.27 53.27 44.50 62.83 73.79 2.97 22.02 63.42 50.69 7.79 62.60 6.49 58.90 17.11 198.48 62.13 56.77 5.99 17.79 56.64 57.61 645.69 754.21 100.46 154.15 200.97 12.78 43.99 236.91 14.99 53.97 30.23 18.27 45.08 110.41 15.47 23.63 218.81 27.98 64.68 44.39 30.32 60.87 36.16 8.42 26.73 48.81 24.20 41.33 31.92 63.62
130.24 53.20 43.59 63.27 71.83 2.85 21.73 62.88 52.00 8.03 62.81 6.40 57.20 17.18 196.66 62.00 57.30 6.00 18.04 55.33 58.35 651.88 759.42 96.79 154.08 193.07 12.42 43.11 235.99 15.21 50.42 30.65 17.98 45.63 113.03 14.46 23.52 206.85 28.34 59.12 44.56 29.95 60.87 35.97 8.39 25.97 48.29 23.78 40.94 31.71 63.43
130.34 53.75 44.53 63.38 74.28 2.93 22.17 62.94 51.44 8.40 62.15 6.54 57.90 16.88 200.90 64.97 55.72 5.76 17.33 57.06 59.50 634.83 765.87 96.90 155.30 196.21 12.48 43.66 237.05 14.76 46.34 31.05 18.06 47.16 113.15 14.50 23.55 198.24 28.69 55.74 46.26 29.94 61.27 36.03 8.59 26.31 49.07 24.64 40.51 32.43 64.26
130.31 54.78 43.30 62.46 71.84 2.84 22.15 63.59 51.53 8.47 61.85 6.64 57.27 16.31 202.73 65.04 54.74 5.82 18.21 57.05 61.07 647.47 756.27 96.33 152.43 192.12 12.28 44.43 235.63 14.81 49.11 31.33 17.97 48.04 115.79 14.30 23.62 202.94 28.14 54.21 45.68 29.65 60.94 36.09 8.56 25.47 48.73 24.54 40.17 32.54 64.13
129.44 56.04 43.39 62.69 72.74 3.07 22.31 62.97 52.70 8.59 63.78 6.52 56.20 15.88 202.61 64.19 54.53 5.89 18.01 57.44 62.34 631.97 750.37 95.54 148.78 185.45 12.38 45.16 232.46 14.69 50.55 30.98 18.04 47.22 118.12 13.81 23.92 196.88 28.62 54.17 45.92 29.96 61.44 37.40 8.57 25.96 48.52 24.09 39.92 31.22 64.19
129.76 56.79 43.31 62.04 71.41 3.02 22.26 63.76 53.03 8.48 62.97 6.42 55.19 15.47 201.48 64.45 53.97 5.79 18.78 58.99 61.25 684.97 760.73 95.45 147.39 186.93 12.02 43.98 230.90 14.28 48.39 30.41 17.97 47.56 119.13 14.21 23.95 181.18 27.65 53.35 45.13 29.73 60.58 37.44 8.54 26.25 48.35 23.28 40.03 31.36 62.76
128.94 57.03 43.07 62.58 72.09 2.97 21.74 64.04 52.81 8.36 61.07 6.42 55.77 15.36 202.18 63.36 52.24 5.67 18.50 59.28 60.69 682.44 748.05 98.87 150.17 179.66 12.10 44.42 232.85 14.23 47.13 30.43 17.82 46.81 117.99 13.99 23.80 182.74 27.38 52.58 45.44 30.01 60.51 36.73 8.51 26.32 47.58 22.49 39.47 31.60 61.92
129.57 56.07 43.32 62.96 70.35 3.05 22.02 64.57 53.38 8.24 60.63 6.32 56.85 14.78 202.11 62.79 50.24 5.74 17.60 60.49 62.47 688.21 762.71 100.45 153.47 179.57 12.24 45.00 243.51 14.18 46.58 30.38 17.82 45.77 119.09 14.18 23.91 187.22 27.83 50.87 45.00 29.90 60.32 36.52 8.43 26.80 47.46 22.77 39.45 32.52 63.20
131.53 57.93 42.87 63.31 71.03 3.15 22.35 65.73 54.39 8.24 60.73 6.42 56.32 15.85 207.54 62.99 50.43 5.88 16.98 61.54 64.37 699.42 799.08 102.18 145.93 185.05 12.44 46.53 245.32 14.00 48.12 31.20 18.06 48.28 123.11 14.23 24.39 189.85 28.17 49.11 47.12 30.35 60.86 37.34 8.59 27.34 48.46 23.87 39.12 33.06 63.87
129.61 57.63 41.65 62.20 70.61 3.05 21.50 63.90 54.69 8.00 58.18 6.31 56.99 15.18 204.64 61.68 50.21 5.67 17.35 62.91 62.42 665.10 787.71 103.29 147.68 184.70 12.17 45.11 241.97 14.23 48.47 31.29 18.39 45.63 123.38 14.15 24.37 187.32 28.64 50.36 46.42 29.98 59.86 36.90 8.58 26.41 47.93 23.79 39.38 32.49 64.33
127.82 56.06 41.42 61.08 69.47 2.88 21.14 62.25 53.54 7.82 58.20 6.06 55.92 14.78 198.75 60.44 47.84 5.45 17.32 62.65 61.16 680.03 755.72 102.24 149.86 186.70 11.72 43.30 243.39 13.81 50.19 30.53 17.69 45.14 120.39 14.44 23.85 182.85 28.11 48.71 46.14 29.97 59.66 36.38 8.39 25.14 46.94 22.78 37.94 31.10 61.00
129.51 55.98 42.29 60.57 70.39 2.87 20.60 61.59 53.40 7.99 58.09 6.11 56.37 15.08 199.99 59.93 47.72 5.42 17.01 63.23 61.84 709.72 780.17 106.04 155.39 185.26 12.01 45.65 243.38 14.13 50.87 30.50 18.10 44.68 120.66 14.68 24.53 182.51 27.33 49.80 46.17 30.25 59.60 36.85 8.52 25.94 46.96 23.15 38.33 31.32 59.53
128.29 56.45 42.55 61.35 69.59 3.00 20.86 60.47 53.84 7.89 59.08 6.18 56.55 15.31 202.64 59.40 47.35 5.46 17.29 63.26 62.89 677.15 766.05 107.40 153.17 181.94 12.07 46.93 249.15 14.12 50.52 30.44 17.84 43.85 120.92 14.01 24.40 173.26 27.86 49.63 47.39 30.21 60.35 36.68 8.67 26.58 46.94 22.67 38.45 32.11 58.65
130.08 57.81 43.15 62.64 71.93 2.98 20.70 61.20 53.91 7.90 60.89 6.49 56.09 16.42 209.83 59.77 47.80 5.51 16.93 62.87 64.20 672.36 787.54 108.01 156.19 192.60 11.98 46.46 253.91 14.21 52.30 30.31 18.59 45.44 122.74 14.20 24.54 179.69 28.67 53.17 47.52 30.29 60.54 36.35 8.73 27.37 47.18 22.85 38.51 31.73 58.77
132.53 57.93 44.93 63.71 71.68 3.07 21.73 63.20 54.45 7.84 62.00 6.91 58.67 16.82 217.41 61.14 48.58 5.63 17.01 63.02 64.73 677.79 790.81 108.87 156.49 198.95 12.54 46.61 259.34 14.62 54.02 31.72 18.60 46.34 126.66 14.25 24.70 185.14 29.28 55.96 48.37 30.15 61.15 37.50 8.97 28.78 48.48 23.71 37.88 31.69 59.16
129.95 57.25 43.16 63.23 69.69 3.12 21.56 62.81 54.24 7.65 60.78 6.90 58.39 16.61 211.02 59.51 48.06 5.54 17.10 63.65 64.23 617.60 787.86 105.00 151.19 197.92 12.37 45.83 243.89 14.84 53.43 31.73 18.85 46.40 124.67 14.39 24.32 182.65 29.34 59.07 48.27 30.36 60.79 37.45 8.85 28.18 47.24 23.56 37.37 32.01 59.45
132.57 58.54 43.00 64.64 71.40 3.24 21.80 63.29 55.79 7.82 61.57 6.77 61.10 16.99 210.05 60.66 47.36 5.83 17.31 66.22 65.33 626.15 794.42 105.74 155.67 205.54 12.52 47.16 242.36 15.11 57.52 31.74 19.14 48.12 126.20 14.54 24.01 186.26 28.56 63.52 50.74 30.36 61.15 38.53 9.09 29.01 48.60 25.40 37.63 32.72 61.60
132.85 60.43 42.95 64.76 72.20 3.27 21.66 61.87 56.71 7.62 61.61 6.81 60.14 17.47 207.46 60.39 47.55 5.97 17.21 68.10 64.15 636.37 798.12 106.32 155.12 200.88 12.45 48.12 244.72 15.19 57.41 32.42 18.57 47.89 129.65 14.47 24.30 180.75 27.93 64.34 47.89 30.30 61.22 39.48 9.16 29.19 48.65 25.58 38.10 33.88 62.61
130.82 58.36 41.35 64.25 70.67 3.29 21.36 62.83 57.67 7.57 62.67 6.75 58.33 17.37 206.66 60.09 46.44 5.92 16.63 66.92 64.04 597.72 785.54 102.88 153.65 199.69 12.59 49.48 247.62 15.34 54.60 32.01 18.93 46.12 130.82 14.45 24.24 187.27 27.01 63.01 45.26 30.21 60.01 39.48 8.99 29.53 48.05 26.92 37.98 33.31 61.23
128.48 56.83 39.74 61.97 70.31 3.20 21.32 61.72 56.78 7.47 62.86 6.48 57.06 16.96 204.09 57.45 46.19 5.83 15.76 67.31 62.16 576.45 781.57 98.82 148.94 186.85 12.33 48.94 250.08 15.31 55.23 31.09 18.65 46.06 128.56 14.41 23.80 179.41 26.65 65.47 44.55 29.68 58.86 38.53 9.12 29.02 48.15 26.97 38.04 32.68 61.46
126.07 57.05 38.79 61.13 68.41 3.11 20.45 61.77 55.70 7.72 62.57 6.22 55.05 16.65 205.10 58.26 47.77 5.75 15.40 62.51 65.14 537.72 771.97 95.62 149.39 175.30 12.10 48.58 244.23 15.27 52.29 30.61 18.97 47.27 127.69 14.04 23.16 178.44 25.58 62.85 45.79 29.55 58.71 37.61 8.79 28.87 48.16 26.31 37.69 31.85 61.74
126.83 57.88 39.79 62.48 69.09 3.07 20.86 61.81 56.50 7.93 63.79 6.23 55.56 16.84 211.01 57.46 49.52 5.62 15.60 63.15 64.38 560.67 776.08 95.19 143.36 178.67 12.30 50.09 252.24 15.31 54.00 30.49 19.42 47.51 126.29 13.53 22.91 172.11 25.27 62.33 47.36 29.60 59.18 37.45 8.84 28.91 48.43 25.42 37.84 31.41 61.74
128.37 58.92 40.08 63.55 70.45 3.09 21.10 62.19 56.80 8.12 64.05 6.32 56.05 17.05 205.06 55.71 49.28 5.58 16.21 65.15 64.66 584.05 764.05 96.78 142.68 181.82 12.51 49.33 250.13 15.85 55.67 30.77 19.67 48.01 131.77 14.02 23.46 181.42 25.08 63.95 48.87 29.91 59.08 38.01 9.00 29.51 48.66 25.51 38.41 32.28 61.17
129.55 58.59 39.87 62.31 69.78 3.02 20.34 62.41 55.71 7.93 63.70 6.42 56.87 16.41 206.17 56.52 48.75 5.53 16.04 61.91 64.14 639.13 794.68 97.08 139.00 181.53 12.23 48.76 248.32 15.91 55.68 31.41 20.28 46.45 132.12 13.58 23.57 176.74 26.43 62.61 46.04 30.12 58.41 38.30 9.08 29.90 49.55 25.79 37.98 32.31 60.90
131.67 58.50 40.35 62.51 69.92 3.11 21.21 63.03 56.14 7.80 62.65 6.44 55.91 16.98 209.87 55.98 51.55 5.62 15.80 63.35 66.01 676.90 825.20 95.23 141.61 176.25 12.77 48.92 253.96 15.84 54.87 31.63 20.33 47.00 133.06 13.61 23.74 180.51 27.72 61.38 46.44 30.29 57.10 39.01 9.20 30.23 49.85 25.93 38.41 32.54 60.81
129.06 57.51 39.15 61.06 70.38 3.07 20.60 61.89 53.86 7.60 62.17 6.40 56.49 16.24 204.78 53.44 49.73 5.56 15.26 63.55 66.51 630.17 813.71 94.20 137.00 174.66 12.40 48.63 252.59 15.32 53.72 31.21 20.19 46.66 132.26 13.50 23.10 181.16 28.33 60.99 48.24 30.27 56.77 38.58 9.19 29.84 49.83 25.67 37.60 31.20 61.56
131.08 58.00 40.75 63.50 71.04 3.07 20.36 61.58 53.43 7.54 60.12 6.50 56.64 16.57 204.86 54.74 49.47 5.59 14.74 65.00 69.29 687.22 787.43 95.21 140.54 182.57 12.45 47.94 250.42 15.84 52.51 30.62 19.90 46.02 133.59 13.55 22.77 195.34 27.58 62.16 50.02 30.05 57.02 38.91 9.36 30.04 49.65 26.92 38.07 31.16 61.84
129.80 58.19 40.03 63.50 70.86 3.10 19.82 61.62 51.12 7.07 59.29 6.47 54.02 16.92 200.36 51.51 48.01 5.59 15.29 64.25 68.26 709.04 778.29 94.02 139.69 175.22 12.41 47.53 253.85 15.51 49.36 29.97 19.56 45.07 131.50 13.28 22.54 189.79 27.94 60.03 49.64 30.00 56.50 38.02 9.28 29.64 48.77 27.53 37.45 31.71 60.24
129.83 60.67 40.42 64.63 68.95 3.08 18.46 62.50 52.94 7.02 59.37 6.65 53.82 16.57 201.21 51.48 49.50 5.57 15.61 63.05 69.00 696.35 807.97 94.12 139.14 171.78 12.22 48.59 261.82 14.93 49.33 29.99 19.47 45.70 132.61 12.96 22.67 188.73 29.17 58.74 50.39 29.58 56.66 37.85 9.43 29.47 48.87 27.93 37.68 31.87 58.73
130.20 58.95 39.19 63.12 68.10 3.04 18.06 60.73 52.09 6.89 59.55 6.57 55.88 16.37 196.99 50.08 49.21 5.52 15.88 61.53 65.02 721.79 793.29 93.60 145.20 177.90 12.12 47.48 258.66 14.82 48.69 30.32 19.12 44.60 131.01 13.61 22.64 199.93 30.13 57.66 47.30 29.39 56.58 37.82 9.15 27.97 47.90 27.81 38.07 31.30 60.18
128.50 57.67 39.87 62.16 65.59 3.01 18.07 60.01 50.27 6.72 57.26 6.59 55.11 15.72 195.43 48.85 48.38 5.49 15.56 60.23 65.02 697.62 781.29 90.75 149.17 178.44 11.81 45.48 257.86 14.32 45.02 29.65 18.43 44.07 130.29 13.32 22.38 204.69 30.29 60.01 48.95 28.99 55.47 37.03 8.92 27.44 46.73 28.38 38.44 30.06 60.13
131.56 58.13 42.76 63.77 64.30 3.00 17.91 60.33 51.33 6.80 57.27 6.61 56.40 16.40 196.44 49.78 49.05 5.72 15.05 62.13 65.14 751.26 781.74 91.33 149.93 185.84 11.87 45.50 256.60 14.71 46.87 29.84 18.66 45.40 131.31 14.07 23.01 215.45 31.83 60.61 48.31 29.49 57.12 37.91 9.01 27.13 46.36 29.37 39.41 30.44 60.74
131.83 59.34 43.37 64.43 65.09 2.99 18.05 61.12 52.87 7.00 57.50 6.83 57.05 17.09 197.53 49.24 49.65 5.72 14.85 63.00 63.64 728.80 776.90 91.07 149.84 187.92 12.13 45.27 259.34 14.98 45.49 30.05 18.64 48.20 132.74 14.57 22.82 210.34 31.97 62.81 49.25 30.20 57.77 38.28 9.42 27.79 46.36 29.40 38.63 30.54 61.16
132.56 56.37 42.95 63.82 65.50 3.01 18.53 63.37 51.92 7.05 58.73 6.75 56.84 17.55 194.24 48.24 49.79 5.80 15.33 62.87 64.73 740.71 779.76 93.54 147.49 186.86 12.11 46.01 263.81 15.41 46.85 30.03 19.01 47.85 134.33 14.84 23.15 217.79 32.23 61.39 47.90 30.63 57.90 38.34 9.57 27.70 45.68 29.91 38.26 30.91 61.62
132.55 54.73 41.51 61.56 63.34 3.05 18.69 62.67 51.81 7.08 58.73 6.53 56.02 17.73 191.96 48.85 50.26 5.75 14.67 62.74 65.21 781.44 759.56 98.03 149.49 188.76 12.21 44.59 263.93 15.23 45.13 29.92 18.41 46.07 134.11 15.17 23.35 215.67 31.73 61.43 47.45 30.95 58.15 37.06 9.46 27.23 44.56 30.19 37.93 29.93 61.22
134.29 55.04 41.35 61.95 66.59 3.18 18.49 61.69 52.34 7.15 57.96 6.45 56.46 17.52 194.57 48.26 49.62 5.83 15.62 63.91 64.50 776.48 772.58 100.60 150.84 200.71 12.47 44.58 266.93 15.34 46.42 30.52 19.18 46.21 133.88 15.60 23.83 226.89 32.20 64.11 49.86 31.31 57.67 37.71 9.61 27.87 44.38 31.03 39.10 31.08 61.68
137.34 57.36 41.99 61.50 67.60 3.28 18.26 62.05 51.91 7.21 58.86 6.47 58.96 17.28 195.36 48.81 49.84 6.05 15.15 64.14 65.46 830.18 772.86 99.16 154.96 210.44 12.69 44.79 267.47 16.04 49.26 30.42 19.07 48.21 131.68 15.89 24.25 226.88 32.45 69.36 51.08 31.57 58.59 37.08 9.62 27.64 45.15 31.25 38.97 31.87 64.36
135.53 54.85 41.52 59.71 66.00 3.16 17.19 61.37 51.37 7.14 56.45 6.24 58.60 17.04 190.47 48.70 49.33 6.13 14.99 66.19 62.19 844.72 784.35 97.96 146.57 204.46 12.69 43.43 268.39 15.97 49.59 30.95 18.54 46.51 125.65 15.46 24.09 212.26 31.89 69.23 49.11 31.24 57.80 36.97 9.32 26.50 44.33 30.75 38.67 31.57 64.28
133.03 53.22 40.34 58.94 65.21 3.02 16.70 61.50 49.52 7.23 54.34 6.19 58.17 16.76 185.03 47.97 50.96 5.92 14.55 63.43 60.56 826.73 760.05 96.01 145.61 199.32 12.47 42.81 262.28 15.43 49.47 31.09 18.87 44.82 122.05 14.56 23.67 206.66 31.46 69.07 49.20 30.77 57.05 36.19 9.17 26.71 43.72 30.55 38.14 30.95 61.21
135.34 53.73 39.90 59.00 65.20 3.02 17.28 61.92 48.63 7.27 53.66 6.16 59.60 17.13 187.63 48.65 51.04 5.97 15.25 65.07 60.24 878.67 774.58 98.87 150.97 199.82 12.40 42.47 267.32 15.36 52.12 31.19 18.30 44.56 122.92 15.33 23.53 207.31 31.83 69.41 49.08 31.45 57.26 36.12 9.23 26.05 43.43 30.64 38.48 30.58 61.89
133.55 53.46 39.61 57.28 65.08 2.93 16.25 60.92 47.08 7.29 51.60 5.84 57.57 16.53 182.84 48.93 50.19 5.93 14.62 64.24 59.12 876.11 761.51 97.36 154.54 203.54 12.50 41.67 255.02 15.08 55.79 30.04 18.40 42.18 119.35 15.67 23.61 205.87 32.52 64.40 45.75 31.50 56.43 35.32 9.25 25.77 42.55 30.24 38.58 30.41 59.54
133.21 53.15 38.35 56.86 64.13 2.96 16.15 62.69 48.58 7.43 51.93 5.86 58.66 16.84 181.82 50.88 49.19 5.93 14.85 63.07 59.28 864.65 747.59 95.84 156.88 205.19 12.41 42.33 250.99 15.25 54.25 30.44 17.96 42.29 118.21 15.07 23.68 203.78 31.98 61.44 48.82 31.39 56.80 35.38 9.26 26.62 42.66 29.86 38.68 30.44 59.77
131.47 52.63 38.35 55.93 64.92 2.80 15.89 63.37 47.59 7.27 50.93 5.77 58.11 16.52 178.52 49.72 48.54 5.93 15.15 63.08 58.62 844.77 728.63 94.88 153.38 198.82 12.07 42.95 245.74 15.25 53.80 30.27 18.02 42.22 119.42 14.76 24.03 192.26 31.83 62.70 48.42 31.62 56.13 35.81 9.27 26.80 41.91 29.83 39.24 30.25 61.04
131.97 52.50 38.98 55.86 65.40 2.66 15.02 64.17 48.29 7.24 50.82 5.74 58.61 16.23 182.07 50.02 50.17 5.88 15.09 63.78 57.00 865.19 746.98 98.57 151.50 195.06 12.33 42.26 246.97 14.73 53.19 30.22 18.55 42.18 116.89 15.25 23.57 195.12 33.58 59.17 48.44 31.80 55.16 35.90 9.16 25.76 41.33 28.13 39.83 30.02 62.55
129.64 53.13 38.48 56.41 66.62 2.70 14.90 64.45 47.15 7.27 51.69 5.76 59.23 16.85 181.60 50.93 50.45 5.86 14.87 64.14 56.12 774.31 762.39 99.13 151.54 191.41 12.59 42.45 240.20 14.39 52.15 30.11 18.34 41.87 115.14 14.84 23.17 186.94 32.34 61.11 51.70 31.73 56.02 36.07 9.20 26.53 41.04 27.81 39.82 30.09 60.99
127.36 52.07 38.51 56.23 66.47 2.74 15.17 64.21 44.70 7.19 51.16 5.80 58.23 16.89 178.61 49.11 50.19 5.91 14.88 64.74 56.06 708.03 778.19 99.08 146.77 198.66 12.71 42.15 231.65 14.41 50.94 30.33 17.86 40.61 113.27 14.16 23.29 191.18 32.38 59.47 51.25 31.54 55.74 35.38 9.35 26.76 40.63 27.70 39.84 29.22 59.84
127.45 53.33 38.54 56.89 66.04 2.74 15.66 66.49 43.95 7.22 53.43 5.91 58.43 16.84 178.33 48.89 50.15 6.01 14.51 66.49 54.50 693.60 791.16 98.89 144.57 188.59 12.54 42.69 234.18 14.37 52.20 30.11 18.26 40.93 112.55 13.74 23.66 186.72 31.89 60.41 53.50 31.93 56.11 35.59 9.39 27.44 40.84 28.59 39.72 30.07 61.24
128.61 54.35 38.97 57.57 67.20 2.78 16.67 65.15 43.22 7.24 53.72 5.89 59.20 16.77 173.51 48.21 49.02 5.98 14.97 66.28 53.73 669.28 794.85 102.31 154.48 197.59 12.49 43.32 231.57 14.52 54.69 29.83 18.78 41.64 113.15 15.19 23.93 195.02 33.43 61.53 52.03 32.12 57.22 36.15 9.49 27.06 40.35 29.16 39.66 31.07 61.97
128.43 53.45 40.13 55.82 68.16 2.67 17.68 65.00 43.17 7.11 52.07 5.66 59.92 16.18 171.07 48.69 49.73 5.89 15.67 63.55 53.25 689.42 780.28 103.71 155.51 198.63 12.54 43.73 222.24 14.35 55.80 29.17 18.94 40.69 108.51 15.16 23.73 197.42 32.56 59.54 51.81 32.16 56.38 36.00 9.48 26.95 39.60 29.20 39.63 30.90 60.23
128.61 53.59 41.44 56.40 67.39 2.66 18.17 65.61 44.21 7.05 50.66 5.66 59.77 16.35 174.22 50.39 50.46 5.87 16.53 65.63 53.51 666.80 781.41 107.34 154.20 193.41 12.63 45.16 229.27 15.18 56.93 29.33 19.26 41.43 110.09 15.02 24.63 188.60 33.11 58.64 53.98 32.15 57.83 36.87 9.59 27.76 40.58 28.94 39.42 31.47 60.02
131.68 53.59 41.42 56.55 69.28 2.65 17.79 65.38 44.35 7.35 51.23 5.67 60.67 16.59 173.29 52.45 49.58 6.00 18.12 64.83 54.46 728.99 793.61 108.62 157.97 198.13 13.19 45.62 223.01 15.39 57.59 29.99 19.40 41.86 109.80 15.75 24.73 197.40 33.77 60.62 49.66 32.35 57.84 36.61 9.91 28.46 40.93 28.94 40.84 32.00 62.49
132.17 54.50 41.14 56.38 69.64 2.58 17.63 65.75 43.43 7.57 53.05 5.57 61.58 17.18 176.17 51.77 49.27 5.97 16.84 65.95 54.30 730.63 793.35 109.63 155.38 207.16 12.93 46.30 224.86 15.57 61.72 29.91 19.74 42.35 108.67 16.01 24.84 192.67 34.68 60.53 50.98 32.76 57.43 36.29 9.90 28.46 40.30 28.78 41.70 32.64 62.80
134.20 54.96 40.31 57.58 68.94 2.66 17.61 67.66 43.34 7.64 53.38 5.45 64.05 16.52 178.08 53.27 48.15 6.14 16.90 66.72 57.09 749.91 818.07 109.25 159.28 209.89 13.23 45.80 223.29 16.01 62.87 29.99 20.34 43.20 111.94 15.81 24.98 199.26 34.44 60.61 50.92 32.32 57.98 36.57 9.77 29.07 40.90 28.97 41.88 33.55 63.10
133.53 55.84 39.65 55.93 70.02 2.72 17.33 67.21 43.65 7.56 53.96 5.40 63.96 16.30 173.86 53.29 48.44 5.93 16.47 68.01 57.27 740.35 819.77 110.26 158.11 206.69 13.61 45.44 223.11 16.36 62.55 29.99 20.53 42.62 109.20 15.23 25.09 194.60 34.09 61.04 50.95 32.43 57.46 35.87 9.69 28.98 41.09 29.63 41.63 33.95 62.83
132.38 54.35 38.12 55.22 71.34 2.71 17.20 66.66 43.52 7.63 54.11 5.28 63.41 15.94 168.16 51.37 46.72 5.75 16.93 66.97 56.08 765.92 791.11 109.62 155.38 206.09 13.24 44.17 222.54 16.21 61.36 29.91 19.66 41.03 107.26 14.57 24.84 190.41 34.12 61.60 46.93 32.19 56.19 35.33 9.70 28.08 40.41 30.78 41.51 34.74 61.98
134.50 54.84 38.99 54.99 73.86 2.83 17.23 66.37 43.34 7.76 54.57 5.38 64.34 16.14 175.26 51.20 47.60 5.66 16.88 69.12 57.23 808.79 772.78 113.91 160.69 202.85 13.04 44.43 234.41 16.25 63.87 29.58 19.35 40.10 109.09 15.16 24.92 196.58 33.99 64.08 47.67 32.39 55.89 35.44 9.85 28.80 40.62 30.97 42.40 35.20 63.56
136.12 56.04 38.85 55.98 73.20 2.90 17.61 67.14 43.33 7.78 54.84 5.37 65.40 16.12 171.54 49.77 48.34 5.67 17.12 70.15 57.95 842.25 790.45 115.34 163.10 202.13 13.16 43.82 236.09 16.49 63.85 29.52 19.30 39.61 107.00 14.95 25.05 200.26 35.71 64.96 46.02 32.62 55.49 35.71 9.83 27.87 39.76 32.09 41.68 36.01 64.87
135.31 54.36 38.75 56.09 73.45 2.89 17.09 66.06 43.05 7.50 54.49 5.40 64.97 16.29 172.95 51.12 47.15 5.47 17.03 68.07 58.60 852.06 769.24 114.60 162.95 208.32 12.90 44.04 236.39 16.09 64.07 29.57 19.24 38.40 104.40 15.78 25.01 198.96 35.48 60.04 45.50 32.18 55.40 35.77 9.87 27.72 39.23 32.07 41.53 35.47 63.01
133.24 52.33 38.40 55.49 73.57 2.77 17.07 65.50 42.40 7.18 53.14 5.31 63.94 16.19 171.35 51.14 46.95 5.36 16.42 65.09 57.62 850.55 755.55 112.52 161.42 207.54 12.59 43.15 227.30 15.68 59.39 29.14 19.36 37.93 102.37 15.40 24.88 185.57 35.03 57.89 47.22 32.20 54.21 35.96 9.52 27.06 38.30 31.65 40.89 34.66 61.69
132.21 51.07 36.90 55.01 71.37 2.79 18.57 65.78 43.52 7.13 54.06 5.45 63.80 16.05 171.62 50.60 48.29 5.24 15.38 65.90 58.50 846.82 754.30 110.12 163.87 194.56 12.33 42.56 227.21 15.21 59.68 28.66 19.46 37.69 102.90 14.98 24.98 177.75 33.82 54.07 50.32 31.57 53.76 35.28 9.46 27.27 38.23 31.17 39.76 33.70 60.32
133.49 52.81 37.13 55.98 71.45 2.79 18.62 66.24 44.92 7.14 56.18 5.61 66.25 16.39 174.88 50.91 47.99 5.22 15.84 70.16 59.59 867.59 749.29 111.02 160.88 187.49 12.75 43.42 231.32 15.41 57.15 29.16 19.84 38.37 105.74 14.74 25.52 175.81 33.60 55.13 50.02 32.25 54.19 35.30 9.54 27.84 38.61 30.68 39.93 35.18 63.54
133.00 53.04 36.53 55.91 71.29 2.82 17.98 65.63 45.40 7.31 56.42 5.70 64.72 15.97 176.67 51.21 47.53 5.25 15.22 70.33 59.79 875.62 739.05 113.78 152.69 186.13 13.00 44.18 232.08 15.36 55.65 29.35 19.58 39.32 106.44 14.68 25.73 170.63 34.38 56.93 49.56 32.42 53.77 35.16 9.55 27.61 38.80 30.54 39.60 35.10 64.04
131.76 52.97 35.37 55.99 71.22 2.77 17.34 65.54 43.64 7.40 56.27 5.71 61.34 15.85 171.22 49.26 47.10 5.25 14.52 68.48 60.85 894.30 730.96 116.23 149.87 180.36 12.91 43.23 232.40 15.21 55.61 28.95 19.21 39.67 104.00 14.29 25.06 165.93 32.90 56.27 49.36 32.34 53.40 34.66 9.33 27.28 38.99 29.69 39.27 34.37 63.82
131.58 52.10 35.36 56.12 70.28 2.66 17.02 64.34 43.25 7.22 55.85 5.57 61.76 15.75 167.74 48.93 46.65 5.17 15.05 72.46 60.85 891.62 731.29 114.84 153.19 186.17 12.89 42.83 231.81 15.19 54.15 28.34 18.96 39.14 101.21 15.15 24.90 166.42 32.53 56.52 47.63 32.42 52.05 35.50 9.27 26.60 38.08 29.45 39.54 35.41 65.44
129.37 52.81 35.67 57.76 70.88 2.57 16.63 64.21 42.52 7.13 55.62 5.47 61.43 16.18 163.59 47.89 45.83 5.18 14.66 70.09 59.92 815.30 733.49 115.19 157.55 185.94 12.53 41.95 225.09 15.76 53.95 28.45 18.74 37.99 100.35 15.29 24.77 161.80 32.83 58.14 46.67 32.41 52.24 35.23 9.14 25.78 38.56 29.24 39.67 36.16 64.44
128.46 53.07 35.99 57.62 71.63 2.59 16.40 64.30 40.92 7.27 54.32 5.38 61.46 15.99 161.57 47.15 44.22 5.06 14.49 68.59 59.09 821.65 734.70 114.28 155.95 175.17 12.21 41.54 233.72 15.52 52.40 28.38 18.68 37.71 98.44 15.54 24.53 162.34 33.91 55.08 46.83 31.98 51.86 35.03 9.06 25.48 37.79 29.46 38.29 35.17 64.16
126.51 53.02 35.90 57.00 72.01 2.53 16.28 63.24 40.46 7.03 54.44 5.39 60.94 16.10 163.77 47.08 44.82 5.03 14.76 68.81 58.03 772.87 750.94 113.76 149.64 168.14 12.20 40.74 234.53 15.47 51.59 28.38 18.69 37.45 101.07 15.51 24.30 152.22 35.24 54.05 47.29 31.68 51.66 35.42 8.82 25.31 37.43 29.23 37.54 34.64 64.14
127.25 53.65 35.52 57.04 74.21 2.53 16.60 63.97 40.98 7.05 54.39 5.34 60.20 16.26 163.90 47.12 44.92 4.82 14.90 69.45 57.23 753.13 781.61 116.80 153.60 172.23 11.88 40.97 236.78 15.25 51.71 28.62 18.25 39.41 101.17 15.64 24.13 159.15 33.29 56.75 49.19 32.12 52.21 35.90 8.87 25.71 38.04 29.22 37.11 33.70 63.04
127.67 52.62 36.90 56.44 74.57 2.55 15.91 64.97 42.28 7.08 54.65 5.53 58.00 16.30 163.08 48.01 43.97 4.63 15.11 66.31 57.02 770.22 785.54 113.83 154.38 173.77 11.84 40.88 233.62 15.03 55.67 28.28 18.78 39.33 102.35 16.19 23.96 165.26 31.51 59.60 47.98 32.27 52.12 35.50 8.96 25.46 38.75 28.38 37.42 33.40 62.20
127.73 51.78 38.62 55.79 73.98 2.45 15.77 65.00 43.47 7.24 53.26 5.44 57.01 16.05 164.03 47.29 45.19 4.65 16.08 64.50 57.67 745.63 781.28 117.53 160.04 167.03 12.00 39.75 227.05 15.29 57.08 28.36 19.44 39.74 101.68 16.29 23.98 166.71 32.65 58.29 50.60 32.35 51.84 36.06 9.14 25.62 39.46 29.41 37.09 33.86 63.63
129.10 52.34 38.93 55.53 75.60 2.58 15.61 65.87 44.18 7.44 53.99 5.44 57.77 15.92 168.19 49.03 44.66 4.73 16.18 66.49 57.97 725.78 789.14 117.81 167.17 175.63 12.00 40.55 227.67 15.85 56.63 28.96 20.03 40.06 103.71 16.64 24.65 164.35 33.00 56.93 54.57 32.97 53.72 37.00 9.29 26.48 40.16 30.07 37.11 34.22 63.69
128.20 51.35 40.50 56.59 76.75 2.65 15.17 64.22 44.32 7.36 53.38 5.34 57.92 16.37 169.46 48.66 43.42 4.77 15.61 66.94 56.45 689.12 795.48 115.05 166.65 179.03 12.20 40.68 229.58 16.20 56.54 28.45 19.76 40.51 102.71 15.62 24.79 169.86 33.49 58.32 54.19 32.77 53.77 36.64 9.25 26.12 39.98 29.33 36.57 34.01 64.79
125.98 50.42 41.10 56.24 75.51 2.63 15.30 63.62 43.66 7.24 53.25 5.36 58.02 16.73 171.05 48.07 43.28 4.64 15.77 63.95 55.72 637.67 780.58 114.25 166.17 186.80 12.53 40.48 223.71 16.27 55.77 27.92 19.97 40.02 101.23 14.74 24.39 169.88 32.83 55.97 54.68 32.21 53.80 35.69 9.21 25.69 39.71 28.30 35.62 33.86 62.86
126.07 51.66 41.84 56.22 76.12 2.69 15.57 63.50 43.54 7.35 54.02 5.26 57.85 15.99 172.13 47.88 43.41 4.68 15.92 62.13 54.67 644.14 782.81 110.02 168.30 181.59 12.36 39.62 220.23 16.39 53.03 28.37 20.47 41.88 100.54 14.59 24.27 173.34 30.32 53.89 55.13 32.50 53.70 35.86 9.24 25.65 40.33 28.62 36.05 33.61 61.95
124.84 50.99 43.12 55.35 76.07 2.64 15.67 64.54 43.20 6.98 54.44 5.24 56.05 15.86 173.97 45.95 43.65 4.51 15.90 59.31 56.04 634.48 779.02 109.59 167.50 171.56 12.28 40.19 214.69 16.33 52.45 28.60 20.59 40.14 97.86 13.73 23.73 170.77 31.49 55.40 54.41 32.39 53.73 35.92 9.13 25.06 39.94 28.16 35.24 33.18 60.31
128.10 50.77 43.22 56.45 76.42 2.62 16.33 65.98 43.70 7.10 54.19 5.54 57.39 16.21 180.99 46.86 45.93 4.62 15.85 61.56 57.74 651.83 789.64 110.95 178.46 181.18 12.66 41.05 221.59 16.50 54.64 28.60 20.66 40.35 96.60 14.34 24.56 182.74 30.55 57.31 58.52 32.65 54.83 35.58 9.17 25.61 40.69 28.62 34.77 34.27 63.72
129.26 51.06 42.73 56.31 76.16 2.67 16.64 65.96 46.34 6.99 53.95 5.67 56.68 16.24 176.30 47.10 46.05 4.59 15.05 64.29 57.67 674.32 825.38 110.10 178.85 183.88 12.67 40.86 218.44 17.51 53.30 28.29 20.28 40.05 98.12 13.71 24.34 186.51 30.55 55.75 57.44 32.53 56.08 35.49 9.34 25.99 40.76 28.62 34.54 33.74 64.86
127.37 48.90 40.62 55.55 77.42 2.62 15.93 65.02 44.96 6.73 52.57 5.56 55.13 15.93 175.07 47.82 44.80 4.51 15.00 64.50 55.81 665.14 810.40 105.92 180.84 178.92 12.96 39.91 220.52 17.38 53.78 27.72 19.77 40.01 97.98 13.50 24.32 174.57 30.37 53.77 57.61 31.73 55.67 34.86 9.04 26.06 40.34 27.68 34.58 33.33 64.31
128.34 48.68 40.06 55.87 80.35 2.58 16.65 65.93 45.77 6.74 52.03 5.48 54.65 16.03 175.84 48.95 44.53 4.53 15.04 65.26 55.12 687.99 809.21 104.24 182.83 177.51 13.06 39.03 217.79 17.27 56.41 27.96 19.79 39.72 96.43 13.95 24.31 180.08 29.64 55.02 60.63 31.96 55.34 34.35 8.82 26.20 39.78 27.90 34.74 32.70 63.72
131.46 48.95 40.14 55.83 81.91 2.59 16.49 67.15 46.04 6.99 52.54 5.46 56.60 16.07 175.47 48.44 44.43 4.57 14.83 68.58 55.45 742.79 815.04 107.87 188.80 184.78 13.22 39.40 216.00 17.86 58.14 28.64 20.04 39.17 95.48 14.49 24.62 182.28 29.72 56.25 61.25 31.85 55.52 35.18 8.97 26.96 40.14 28.61 34.88 32.72 68.35
132.03 48.98 39.19 56.46 81.73 2.63 16.96 67.35 46.01 6.92 53.85 5.46 57.03 16.20 174.53 49.30 43.30 4.63 15.01 70.67 54.86 750.01 813.64 107.31 191.76 187.44 13.08 38.59 216.49 18.12 58.44 28.91 20.35 37.97 95.45 14.27 24.35 178.23 30.17 59.19 59.58 32.05 55.25 34.72 9.04 27.22 39.78 29.01 35.50 33.08 70.38
131.88 49.59 38.34 56.48 82.69 2.67 16.30 68.09 45.82 6.59 53.90 5.37 58.25 16.44 173.97 49.14 42.15 4.67 15.45 70.08 54.56 750.82 810.83 106.10 192.66 191.78 13.07 38.18 213.82 17.82 57.98 29.20 20.58 37.83 95.70 13.85 24.35 174.09 29.42 59.67 58.33 32.32 54.27 35.14 8.94 25.57 39.23 29.70 36.17 33.30 72.63
132.06 48.86 37.38 57.09 81.61 2.62 17.07 68.06 45.62 6.47 54.61 5.29 57.20 16.26 174.69 49.48 41.68 4.71 15.55 67.04 54.76 762.36 788.83 104.27 190.31 195.52 13.39 37.85 210.04 17.38 59.93 29.93 20.44 36.90 93.91 14.99 23.86 178.20 30.55 62.52 58.23 32.28 54.08 35.20 8.94 25.92 39.31 29.68 36.19 33.43 71.03
131.04 48.38 36.59 56.37 80.26 2.62 16.86 69.76 44.08 6.56 52.57 5.17 56.69 16.09 171.80 50.45 42.28 4.69 16.66 67.10 52.67 754.14 787.61 103.94 186.59 190.26 13.34 36.37 213.45 17.64 60.39 30.09 19.91 36.24 93.70 14.48 24.24 179.86 31.62 59.94 56.16 32.05 53.34 34.77 8.91 25.16 38.53 29.87 36.40 33.89 70.71
132.11 48.59 36.12 56.78 81.13 2.59 16.83 67.90 42.52 6.51 52.41 4.98 56.39 16.12 171.98 50.40 42.65 4.73 17.66 65.53 50.82 803.64 779.97 107.02 192.65 194.23 13.32 37.58 218.64 17.27 62.77 29.23 19.49 36.31 93.98 15.19 24.17 188.38 31.65 57.21 52.54 32.34 53.15 33.82 8.72 24.75 38.21 29.61 36.30 32.88 68.66
128.32 47.79 34.64 56.58 80.99 2.48 17.20 66.78 41.24 6.44 52.42 4.98 55.20 15.04 167.87 47.96 41.82 4.55 16.43 64.87 51.08 780.56 758.90 104.90 184.88 183.33 12.98 36.53 216.88 16.56 59.60 28.63 18.01 35.37 92.86 14.14 23.57 183.25 30.47 53.16 50.16 30.51 52.67 33.27 8.70 24.60 37.19 28.34 34.83 31.59 68.50
127.51 47.21 33.89 56.71 79.71 2.59 17.03 66.75 40.71 6.29 51.27 5.03 55.01 14.41 170.50 46.53 42.20 4.60 15.34 63.97 51.05 758.36 757.92 106.06 192.15 178.87 12.79 35.28 218.41 16.04 59.68 28.50 18.09 36.15 91.85 13.81 23.77 185.25 30.27 53.90 51.14 30.48 51.20 33.28 8.48 23.46 37.11 27.88 34.22 31.03 67.86
126.29 47.38 34.37 56.44 78.46 2.57 17.86 66.62 41.04 6.44 51.17 5.09 54.66 14.27 168.34 46.79 41.87 4.64 14.46 65.99 49.70 735.00 748.05 102.25 190.65 172.45 12.67 35.81 226.19 15.88 60.53 28.34 18.00 36.41 91.51 14.16 23.88 181.93 30.65 52.74 48.45 30.64 50.67 33.17 8.56 23.52 37.10 27.09 34.04 31.40 67.17
126.06 47.76 34.45 57.34 79.99 2.58 17.79 65.87 40.26 6.60 51.83 5.08 54.10 14.64 173.47 48.65 42.09 4.65 14.68 65.11 49.81 684.31 764.36 103.64 191.42 177.62 13.36 36.18 228.46 16.25 59.23 28.97 17.89 36.94 92.38 14.30 24.34 181.40 31.95 52.08 48.75 30.62 51.25 34.05 8.56 23.19 37.22 26.70 33.85 31.18 67.77
125.64 46.47 34.08 57.08 78.81 2.60 17.99 64.99 41.06 6.60 51.77 4.99 55.21 14.21 177.77 48.97 41.02 4.71 14.09 64.11 48.39 687.98 754.18 102.28 193.10 176.48 13.64 36.03 227.62 16.07 58.03 28.61 18.03 35.72 91.08 14.39 23.96 183.59 30.14 51.97 49.66 30.87 51.47 33.99 8.43 22.87 37.92 26.22 33.75 30.47 67.75
125.54 45.82 32.45 56.63 75.53 2.54 17.35 64.88 41.05 6.58 49.74 4.94 55.54 14.06 173.14 47.89 39.87 4.59 14.40 61.50 47.48 720.35 762.95 102.03 195.05 175.18 13.58 35.92 231.05 15.56 58.83 27.95 18.03 35.92 90.20 14.49 23.81 182.89 30.33 50.75 48.55 30.55 50.05 33.61 8.12 23.08 37.73 25.83 33.64 29.88 67.01
125.70 47.02 33.04 56.32 77.08 2.52 17.17 64.72 41.99 6.53 48.89 4.90 55.48 13.91 177.64 48.94 40.67 4.56 13.75 61.56 46.60 714.35 786.36 102.65 190.54 178.71 13.35 36.52 236.92 15.34 62.35 28.03 17.55 36.24 91.10 14.82 24.11 170.37 30.34 51.62 49.12 30.75 50.42 33.58 8.35 23.02 37.68 25.60 34.04 30.02 68.05
127.98 47.17 34.34 56.02 79.14 2.63 16.89 64.97 42.43 6.67 49.17 4.82 56.06 13.78 176.28 49.93 41.67 4.60 14.78 65.00 46.15 720.56 795.41 100.20 198.92 181.85 13.87 36.84 238.41 15.73 64.27 29.23 18.12 36.09 89.15 15.86 24.88 182.50 31.19 52.53 49.89 31.10 50.46 34.49 8.35 23.15 38.32 25.22 34.99 30.47 70.10
129.48 47.34 33.66 56.83 79.84 2.59 16.95 65.01 41.73 6.69 49.20 4.79 57.13 13.60 172.05 48.32 42.12 4.94 15.46 65.39 45.70 728.86 826.38 99.96 198.58 183.58 13.90 36.89 237.31 16.23 66.81 29.42 17.75 36.50 87.02 16.21 25.69 188.85 31.88 53.41 49.66 31.56 50.99 35.44 8.26 23.03 38.36 25.56 36.30 31.52 70.92
129.71 47.26 33.24 57.18 79.45 2.59 16.82 65.48 41.25 6.64 48.45 4.86 57.12 13.59 172.24 49.11 41.51 4.87 16.04 63.00 45.31 741.90 809.48 99.47 200.27 187.29 14.06 36.53 236.87 16.35 65.43 28.56 18.29 36.46 85.30 16.65 25.84 192.96 31.07 55.71 50.68 31.54 50.71 35.29 8.36 22.81 38.55 25.65 35.40 31.13 71.14
129.93 46.35 33.39 57.38 75.88 2.52 16.63 65.61 40.45 6.64 48.90 4.86 56.31 13.64 173.07 49.62 41.06 4.67 15.97 60.67 45.05 753.38 814.83 101.52 202.72 190.50 14.16 35.93 232.94 15.97 62.91 28.64 18.54 37.35 86.09 17.01 25.28 195.54 31.40 57.27 49.41 31.18 51.33 35.15 8.35 22.40 37.92 25.35 35.31 30.69 69.97
131.64 46.22 32.29 58.21 77.49 2.45 16.08 64.34 41.64 6.73 49.40 4.90 57.91 13.81 172.48 49.10 40.97 4.58 16.50 60.50 45.77 793.11 823.12 99.75 202.70 197.93 14.13 35.54 230.51 15.95 65.23 28.56 18.47 37.12 84.67 17.13 25.12 200.62 31.39 58.89 49.92 31.30 52.56 35.01 8.47 22.26 37.35 26.74 35.11 30.54 70.12
129.61 46.13 31.94 56.99 77.13 2.34 15.98 63.00 41.68 6.55 50.14 4.85 57.06 13.36 169.68 49.16 39.83 4.55 15.83 58.44 44.94 785.50 808.67 95.20 199.98 186.34 13.78 34.97 226.44 15.73 62.92 28.50 17.71 36.11 82.03 15.83 24.56 200.07 30.53 60.32 49.21 31.08 52.47 34.67 8.39 21.50 37.83 26.27 35.49 29.79 68.29
128.19 45.33 31.48 56.60 76.02 2.26 15.81 62.51 41.84 6.61 49.80 4.82 55.62 13.37 168.59 49.56 39.59 4.55 15.33 55.94 44.70 745.20 807.50 93.90 204.49 183.66 13.49 35.50 225.82 15.71 63.04 28.37 17.43 36.16 80.49 15.61 24.56 204.67 28.55 60.33 50.20 30.65 53.19 34.50 8.45 21.89 37.80 25.73 36.00 29.44 65.25
131.75 44.63 31.76 56.22 76.83 2.27 16.01 63.21 41.88 6.53 49.99 4.96 56.93 13.05 174.30 48.73 38.81 4.60 16.39 57.30 46.22 792.00 790.74 94.83 224.61 186.80 13.82 36.75 224.86 15.94 66.00 28.51 17.20 37.35 82.30 15.83 24.60 210.96 29.79 62.20 53.41 31.11 53.89 34.26 8.56 22.51 38.69 26.07 36.29 29.89 67.91
128.54 42.47 32.62 55.27 73.29 2.25 16.01 63.64 41.03 6.48 49.92 4.87 55.08 13.32 174.77 48.59 38.07 4.57 15.78 58.56 45.48 734.46 793.41 92.54 220.52 187.43 13.53 35.51 223.16 15.93 67.26 27.41 16.74 37.15 82.45 15.77 23.77 195.62 30.54 58.67 49.60 30.66 53.42 33.80 8.47 22.80 38.24 25.97 34.97 29.63 66.22
129.80 42.07 32.92 55.50 73.36 2.32 15.82 64.61 41.36 6.74 48.64 4.82 55.58 13.19 176.29 48.68 36.99 4.67 15.83 56.23 46.14 775.84 765.69 91.30 226.89 196.58 13.41 35.55 223.73 15.76 67.53 27.57 16.81 37.65 83.70 15.45 24.27 205.24 30.16 57.49 49.66 30.84 53.87 32.94 8.51 22.90 38.02 26.45 35.10 29.24 63.92
128.76 40.78 32.55 54.70 73.24 2.34 15.61 64.39 41.72 6.78 47.17 4.82 53.00 13.02 177.01 47.79 36.40 4.62 15.70 56.44 44.74 734.44 792.20 87.45 239.13 199.22 13.27 35.62 223.55 15.55 67.25 27.61 16.52 36.55 81.74 15.18 24.12 205.90 28.75 55.13 50.83 30.21 53.26 33.87 8.38 22.69 37.44 25.91 34.71 28.65 61.48
131.46 39.91 32.78 53.46 73.17 2.35 15.98 64.78 41.58 6.73 45.39 4.88 52.92 12.82 175.50 46.77 36.53 4.57 16.22 57.16 42.99 825.57 786.27 90.32 244.92 202.56 13.37 35.33 219.66 15.15 71.90 27.48 16.59 36.70 80.80 15.30 23.49 202.21 28.92 61.43 49.75 30.46 51.96 34.03 8.28 21.97 37.27 25.03 34.92 29.17 62.86
132.07 41.60 32.68 53.40 71.92 2.27 16.10 66.37 42.14 6.74 45.63 4.95 52.15 12.74 176.07 46.54 38.10 4.67 16.47 58.35 44.49 814.96 769.25 89.41 253.52 201.69 13.83 36.94 225.46 15.25 73.78 27.58 17.41 36.86 82.03 14.89 23.90 205.10 29.76 62.45 48.28 30.56 51.55 34.47 8.21 22.34 37.08 24.97 35.25 29.53 62.76
134.83 41.73 32.90 54.14 72.47 2.29 16.45 66.75 41.69 6.77 46.02 5.06 52.50 12.27 182.15 47.83 38.43 4.60 17.35 60.29 45.15 863.78 763.51 91.65 260.35 208.71 13.75 37.30 226.76 16.03 76.15 27.83 17.47 38.08 81.09 15.29 23.94 210.83 29.29 64.81 47.78 30.71 51.42 34.97 8.22 22.96 37.06 24.45 34.02 29.98 64.98
136.95 42.66 33.86 54.60 73.36 2.38 16.31 66.12 41.96 7.02 47.75 5.19 53.14 12.44 185.76 49.14 38.88 4.67 17.65 59.08 45.84 903.19 750.76 96.16 262.33 212.34 14.04 37.88 227.04 16.00 79.66 27.64 17.07 38.82 83.24 15.44 24.52 216.86 29.52 63.10 49.05 31.21 51.68 34.67 8.47 22.78 37.55 25.11 34.66 30.72 66.49
139.32 43.74 34.46 55.93 75.56 2.46 16.59 68.45 44.15 7.05 50.93 5.20 54.92 12.98 189.78 49.78 40.79 4.83 17.10 61.49 47.45 915.42 767.96 96.97 257.56 215.23 13.97 37.97 228.33 16.71 82.68 28.76 17.00 40.65 88.18 15.37 24.86 216.61 28.59 65.64 49.85 31.61 52.96 35.86 8.84 22.58 38.30 25.53 33.98 31.44 68.68
141.25 44.19 35.57 57.52 77.03 2.46 16.46 67.20 45.32 7.06 52.10 5.25 54.48 12.94 187.52 51.64 41.59 4.79 16.42 62.03 48.20 965.12 777.27 98.67 259.69 211.82 14.15 38.66 232.63 16.69 86.62 27.93 17.19 40.27 89.37 15.62 25.37 220.11 28.61 64.85 49.64 31.76 52.87 36.16 8.68 22.00 37.92 25.81 34.47 32.15 70.39
145.05 45.21 35.92 58.94 79.22 2.51 17.10 67.93 47.62 7.40 51.54 5.36 54.84 13.32 188.00 50.62 42.09 4.74 16.76 62.39 47.67 1014.99 799.89 99.09 264.77 222.93 14.90 39.64 232.70 16.96 89.37 29.43 17.78 40.39 90.36 17.48 25.69 232.65 28.33 67.05 51.92 31.86 53.31 37.48 8.76 22.06 38.86 25.77 35.18 31.77 69.40
144.48 46.55 34.93 58.35 80.54 2.49 17.59 67.96 47.81 7.47 50.45 5.34 55.24 13.03 183.91 48.54 42.85 4.68 17.43 62.25 49.15 1009.83 799.88 97.41 263.62 221.88 15.18 39.20 232.82 16.76 88.09 29.36 18.48 40.51 90.31 17.92 25.27 222.67 27.43 69.02 52.47 31.91 52.73 36.53 8.76 22.21 38.66 24.83 34.65 32.41 70.44
145.09 47.31 35.09 58.62 81.76 2.48 18.26 68.94 47.37 7.63 50.44 5.54 55.62 13.45 186.23 47.62 43.13 4.94 17.72 64.51 50.26 990.27 792.49 98.35 267.59 219.17 14.63 39.38 238.59 16.54 91.77 28.79 18.31 41.04 90.35 16.73 25.05 234.71 27.54 71.49 53.85 32.69 52.74 35.41 8.96 23.50 39.25 24.97 34.35 33.23 72.04
144.17 47.66 35.36 58.02 80.54 2.45 18.79 69.40 47.31 7.59 51.51 5.48 56.17 13.70 188.53 48.21 43.74 4.95 18.04 65.73 50.96 949.75 806.50 98.35 268.57 213.13 14.40 40.05 235.93 15.81 93.83 28.50 18.61 41.80 89.73 16.24 24.99 220.79 27.58 72.40 54.85 32.73 52.60 35.61 9.07 23.71 38.53 25.51 33.84 33.63 71.69
144.86 48.12 37.71 58.77 80.67 2.49 19.41 71.33 47.95 7.90 53.11 5.61 57.69 13.78 192.52 48.89 44.16 4.91 17.99 69.13 51.82 932.40 808.92 95.20 265.29 216.87 14.51 40.44 246.60 16.14 99.82 28.33 17.95 41.84 90.77 15.95 25.26 217.06 27.86 73.72 52.62 33.16 54.37 36.40 9.02 24.24 38.71 26.85 34.17 34.91 70.69
148.54 47.94 38.95 59.55 82.74 2.51 19.52 71.67 49.24 8.29 53.77 5.75 57.36 14.14 191.69 49.56 43.66 4.99 18.10 71.17 52.59 1009.31 832.65 96.63 271.00 218.35 14.88 40.84 253.30 16.55 101.38 28.70 17.91 42.56 92.20 15.83 25.42 217.76 27.94 74.73 52.78 33.30 54.27 36.12 9.09 24.18 39.68 26.53 33.81 37.29 73.08
149.75 49.02 39.97 58.93 83.47 2.61 20.55 72.74 49.81 8.38 52.57 5.71 58.36 14.11 190.01 50.17 44.29 5.06 17.99 72.01 51.21 1007.18 834.49 95.58 272.86 219.98 14.87 40.67 252.00 17.08 103.95 28.58 18.30 44.03 92.77 15.69 25.94 226.48 27.80 75.69 54.38 33.39 54.86 36.75 9.12 24.59 39.80 26.63 34.08 37.66 72.91
150.65 49.32 41.25 59.68 84.97 2.51 20.50 72.84 49.47 8.89 51.03 5.54 58.20 14.02 183.97 50.17 43.02 5.10 17.27 72.37 51.73 1030.53 819.89 96.47 279.13 220.39 15.12 40.45 250.34 17.36 104.90 28.64 18.39 43.26 91.60 15.59 25.88 234.84 27.38 74.85 57.59 33.01 54.66 37.03 9.14 24.70 39.91 27.42 33.30 37.15 73.40
151.11 49.64 42.43 59.75 86.81 2.51 20.39 73.67 49.87 8.90 50.64 5.54 58.89 14.07 182.28 51.32 44.52 5.15 17.55 70.36 53.31 1034.25 834.76 95.41 277.47 218.59 14.87 40.90 250.31 17.25 105.90 27.93 18.10 43.92 92.44 15.94 25.51 237.16 28.34 73.56 58.49 32.98 55.38 37.17 9.12 24.64 40.45 26.77 33.67 36.30 73.72
152.66 51.02 44.25 59.76 85.27 2.49 20.67 76.50 50.61 9.12 50.14 5.67 60.76 14.49 184.46 52.92 44.76 5.28 18.06 72.67 55.54 991.58 854.68 96.82 288.55 231.73 14.55 43.31 249.49 17.80 106.21 28.22 18.29 45.26 94.28 15.83 25.60 237.15 28.78 80.02 59.69 33.24 56.88 37.23 9.14 25.09 40.19 26.92 33.70 36.86 74.29
153.82 51.33 45.27 57.85 87.13 2.47 21.60 77.29 49.50 8.95 52.13 5.60 61.51 14.47 184.17 54.16 45.79 5.26 17.91 71.70 55.41 1002.54 868.44 95.46 293.20 228.18 14.29 43.41 244.44 18.02 110.52 27.45 18.36 44.74 94.61 15.81 25.44 243.72 28.90 79.64 59.23 33.21 57.81 37.68 9.06 25.25 39.84 26.81 33.67 37.05 74.09
154.87 51.44 47.27 58.87 89.20 2.48 22.73 77.63 50.06 8.83 52.98 5.65 64.04 15.08 184.93 53.39 46.65 5.20 18.31 71.19 55.36 962.24 875.38 97.78 301.51 234.39 14.64 43.21 247.40 18.74 112.95 27.91 18.47 45.18 94.90 15.65 25.68 251.44 29.51 82.75 58.00 33.33 58.88 37.56 9.13 26.16 39.08 26.38 33.53 37.86 74.81
151.59 49.78 46.60 59.57 86.62 2.52 23.11 77.28 49.56 8.64 52.65 5.64 63.24 15.41 186.97 53.00 46.26 5.02 17.56 67.72 53.29 901.32 890.93 93.52 299.18 227.63 14.24 42.71 246.72 18.40 108.45 27.94 17.71 45.49 94.75 15.92 24.87 241.93 29.83 80.08 58.31 32.77 58.26 37.00 8.96 25.71 38.14 25.74 31.65 34.94 74.01
150.18 49.73 43.63 58.25 84.20 2.36 22.61 77.26 46.78 8.51 51.15 5.54 63.98 15.01 184.82 52.63 46.54 5.06 17.07 68.09 51.61 854.79 885.84 93.75 309.81 238.02 14.12 43.57 238.05 18.09 107.67 28.22 18.58 45.77 92.04 16.36 24.79 230.89 29.89 80.96 58.72 32.70 57.17 37.14 8.91 24.55 37.78 26.12 30.93 34.09 72.14
153.03 49.63 42.88 58.80 85.24 2.43 22.83 77.36 48.80 8.74 50.65 5.71 66.34 15.56 183.99 53.39 47.06 5.04 17.59 68.90 51.70 852.22 899.52 95.24 307.06 257.54 14.02 44.92 238.43 19.04 116.04 28.62 18.38 48.09 94.21 16.57 24.82 251.46 31.08 83.37 62.00 32.93 59.10 37.24 8.84 24.07 38.34 26.82 31.24 35.36 73.15
152.26 50.21 43.41 58.29 84.76 2.46 24.57 78.47 47.47 9.03 50.79 5.67 65.39 16.03 180.00 52.94 45.99 5.05 18.34 68.87 52.32 817.80 898.25 91.61 305.71 249.97 13.86 45.31 237.00 19.13 115.15 27.91 18.73 49.55 94.04 16.54 24.99 254.84 31.80 85.77 60.47 32.75 59.81 37.24 8.81 24.26 38.53 26.85 31.19 35.79 71.68
152.48 49.05 42.74 58.89 83.63 2.34 23.91 80.36 47.39 9.09 49.66 5.72 66.15 16.14 178.88 52.43 47.98 5.09 18.77 68.70 52.12 786.81 913.43 91.23 317.56 251.53 13.90 45.34 242.59 18.96 115.75 28.05 18.73 49.68 94.98 17.62 24.67 259.81 31.72 86.29 58.57 32.82 60.41 37.39 8.92 24.07 38.68 27.43 31.25 34.99 69.31
151.76 49.39 44.17 59.91 83.71 2.43 24.93 80.52 47.70 9.15 49.86 5.70 65.52 16.60 176.73 53.45 47.02 5.13 19.16 68.09 52.84 746.50 892.34 92.73 313.06 251.61 14.11 45.83 247.17 19.36 124.64 28.46 19.15 50.11 94.90 18.12 24.24 258.18 31.24 83.81 62.13 32.93 60.29 37.66 9.19 24.78 38.62 27.98 30.89 35.47 67.20
151.65 47.75 42.96 61.12 85.57 2.50 25.28 79.20 47.76 9.26 48.43 5.76 66.09 17.13 177.91 53.87 47.47 5.13 19.57 65.81 52.61 733.13 889.83 94.09 314.82 258.68 14.14 46.27 246.40 19.36 128.79 28.51 19.31 49.18 97.27 18.29 24.22 263.79 30.24 79.78 61.65 33.03 61.01 36.78 9.21 24.33 38.34 28.07 30.58 35.23 67.04
152.22 48.87 42.06 60.94 86.33 2.56 25.65 80.69 48.39 9.59 50.81 5.74 63.84 16.91 178.41 54.97 46.90 5.39 19.37 67.05 53.57 716.80 895.86 93.57 317.29 264.80 14.03 46.99 252.62 19.56 122.23 28.23 19.63 50.16 97.29 18.99 24.19 277.28 29.55 78.06 64.09 32.80 61.28 36.43 9.30 25.29 38.59 27.49 31.39 35.95 67.77
151.34 48.92 40.55 60.49 84.46 2.45 24.93 80.01 48.72 9.54 49.29 5.65 65.05 16.73 177.44 51.69 46.33 5.22 19.97 65.24 51.43 706.08 933.63 93.89 323.72 257.98 13.71 45.44 246.41 19.59 121.51 28.03 19.47 49.26 94.48 19.27 23.81 276.49 28.02 75.82 60.13 32.87 61.35 36.15 9.12 26.21 38.49 27.14 31.27 35.38 67.91
151.75 48.54 40.86 59.47 82.56 2.42 25.33 80.77 49.71 9.63 49.87 5.74 65.60 16.58 179.24 50.45 47.54 5.06 19.87 62.94 49.98 687.33 946.05 97.25 327.98 265.19 13.26 45.79 253.84 19.52 127.01 28.08 18.74 49.52 92.83 19.08 23.72 279.40 28.43 76.30 60.12 32.45 60.55 36.46 9.06 26.35 39.09 27.59 30.79 34.66 68.21
149.73 47.81 40.21 59.57 82.05 2.40 25.16 79.99 49.51 9.56 49.41 5.61 66.55 16.93 173.92 50.64 45.20 4.91 19.10 63.27 49.49 668.10 951.47 97.25 328.30 246.79 13.08 45.04 245.85 19.85 122.14 27.87 18.23 49.15 91.80 18.88 23.66 266.61 27.35 77.53 61.78 32.37 60.46 36.68 9.07 25.46 38.32 27.55 30.33 33.53 67.48
150.78 47.37 40.21 60.17 83.32 2.54 24.56 77.76 50.85 9.48 50.35 5.37 66.71 16.88 174.04 49.73 44.00 5.04 19.35 64.22 48.70 674.92 978.37 95.23 332.84 251.95 12.98 44.98 246.12 20.24 121.80 28.39 18.13 48.53 92.67 19.02 23.59 258.43 27.92 79.61 65.12 32.89 60.21 37.36 8.99 26.48 37.79 27.80 30.31 33.73 69.11
151.48 47.47 41.16 60.27 83.64 2.53 23.72 79.57 51.57 9.66 51.42 5.34 67.87 16.51 173.78 48.98 44.94 4.98 19.10 65.65 48.51 684.56 974.44 93.32 331.53 243.99 13.17 44.39 250.27 21.09 125.65 28.92 17.94 47.92 93.12 18.73 24.07 263.27 27.54 82.27 63.76 33.25 60.79 37.56 9.10 27.23 38.08 27.63 29.76 34.45 70.28
151.56 46.77 40.53 60.01 83.64 2.39 23.57 79.41 50.99 9.36 51.56 5.30 69.97 16.27 169.30 48.59 44.05 5.02 18.43 67.55 46.92 701.97 952.81 92.38 343.09 240.66 12.60 42.95 239.02 21.20 126.83 28.15 18.48 47.39 90.39 18.47 24.15 259.53 28.38 78.98 62.86 33.67 59.65 36.82 9.07 27.09 38.39 27.81 29.74 35.65 71.72
150.48 45.62 39.91 60.10 83.16 2.30 23.79 78.80 50.31 9.05 51.47 5.28 70.51 15.35 167.84 47.88 42.57 5.06 17.91 64.63 47.50 696.19 938.80 92.29 351.47 241.24 12.53 43.32 231.32 21.10 124.94 27.64 17.60 47.07 89.20 18.98 23.53 249.07 27.99 74.90 63.58 33.01 59.87 36.43 9.06 27.34 38.21 28.06 29.36 34.80 72.35
149.35 45.07 40.20 60.18 83.46 2.30 24.03 77.64 48.69 8.78 51.99 5.30 69.14 15.30 163.91 49.08 41.63 5.13 18.44 66.38 48.18 675.43 953.60 92.95 342.62 242.05 12.50 44.08 222.34 20.56 135.23 27.63 17.29 46.72 89.79 18.97 23.33 228.36 27.50 75.72 62.91 33.33 59.83 36.86 9.01 26.93 37.20 27.91 29.86 36.00 73.27
151.27 44.94 42.00 61.44 83.68 2.38 24.47 80.37 50.80 9.00 53.42 5.33 69.51 15.69 169.89 51.25 41.23 5.06 18.54 66.91 50.64 676.60 970.30 90.68 344.01 252.56 12.27 44.24 230.56 20.66 131.57 28.08 17.77 49.35 93.00 18.51 23.40 238.67 27.07 76.67 66.08 33.81 61.01 36.81 9.07 27.68 38.15 27.79 30.21 35.00 72.92
152.98 45.64 41.69 62.83 85.14 2.37 24.18 80.97 51.01 9.08 52.91 5.18 70.52 15.72 168.51 51.04 40.73 5.08 19.73 67.84 50.16 718.52 956.62 89.35 343.05 257.59 12.42 44.13 230.86 20.90 136.07 28.15 17.79 49.40 94.08 19.20 23.42 241.53 26.98 79.20 65.46 33.70 60.54 37.60 8.99 27.67 37.96 27.82 29.95 36.20 75.46
150.88 47.18 40.71 61.73 85.36 2.43 24.84 79.64 51.85 9.24 54.27 5.14 72.40 16.28 166.82 50.66 40.81 5.19 19.23 66.14 49.11 658.25 955.09 88.56 333.61 252.16 12.79 44.63 229.92 20.75 133.59 28.98 17.85 50.53 92.46 18.91 23.22 237.60 26.12 76.82 63.91 34.17 61.15 37.78 8.99 27.41 37.37 28.41 29.37 36.84 76.47
149.54 47.01 40.74 62.71 84.94 2.42 23.84 79.64 51.64 9.24 53.53 5.01 71.31 16.05 172.21 51.77 39.77 5.13 18.57 64.88 49.81 636.28 977.82 86.01 326.61 243.70 12.76 44.88 232.73 21.00 131.40 28.61 17.82 50.70 94.41 18.70 23.20 236.22 26.13 75.56 64.54 33.54 60.85 37.56 8.75 27.02 37.74 29.91 28.99 36.75 73.71
149.47 47.00 41.20 61.60 83.68 2.36 23.98 78.89 51.53 9.08 51.26 5.06 71.75 16.23 168.27 50.87 38.84 5.17 18.47 65.07 48.79 655.55 978.09 86.03 328.85 243.28 13.04 45.23 234.20 21.30 133.84 29.13 17.62 49.57 92.65 18.92 22.70 230.23 25.72 74.21 62.92 33.24 60.61 37.54 8.60 26.12 37.47 30.05 28.89 36.10 74.26
150.97 47.22 42.46 61.34 83.30 2.43 24.62 80.82 52.98 9.07 49.89 5.09 73.52 16.11 171.22 53.12 39.99 5.15 18.27 68.28 49.07 667.92 965.91 85.00 333.38 259.72 13.20 45.96 242.09 22.64 134.48 29.31 17.82 49.56 94.16 19.51 22.90 223.30 23.22 75.45 61.34 33.69 61.05 37.57 8.89 26.81 38.17 30.74 29.84 35.56 75.82
153.84 48.18 41.59 62.58 87.89 2.41 24.66 82.80 54.67 9.39 50.71 5.17 76.58 16.14 171.78 55.03 40.50 5.11 17.85 69.75 50.12 683.14 977.20 87.37 337.02 269.05 13.24 49.20 249.95 23.89 138.29 29.57 18.28 50.80 98.29 20.24 22.99 214.47 23.96 76.87 64.21 33.81 62.46 37.84 9.11 27.32 38.58 31.53 30.32 36.74 77.90
156.54 49.37 42.29 63.41 90.23 2.48 24.47 82.52 55.31 9.33 51.55 5.16 77.92 16.46 170.46 55.81 40.12 5.13 18.08 70.62 51.72 693.96 1021.01 88.93 344.11 267.54 13.24 49.77 250.56 24.61 150.19 30.07 18.61 50.72 99.12 21.41 23.38 217.33 25.65 77.90 64.74 34.04 63.27 37.72 9.37 27.73 38.88 30.51 30.47 37.30 78.74
151.49 49.09 43.63 62.96 89.74 2.50 23.19 82.01 54.44 9.56 51.15 5.14 76.81 16.07 169.03 56.40 39.39 5.23 17.53 69.64 51.44 629.44 1011.77 87.08 319.25 261.57 12.94 48.44 247.98 23.97 149.35 29.98 18.83 49.86 99.54 19.31 22.68 211.10 25.45 72.58 63.01 33.31 63.32 37.45 9.24 27.47 38.71 29.84 30.49 35.79 74.02
154.05 50.03 46.16 64.70 91.75 2.41 23.15 83.63 54.09 9.84 51.21 4.97 76.77 16.21 171.40 58.73 40.82 5.29 18.38 68.79 52.63 658.87 1009.52 89.39 316.37 272.66 13.67 50.00 251.91 24.52 151.60 30.87 19.33 51.41 100.62 19.08 22.71 217.76 26.47 71.07 63.74 33.42 65.74 37.75 9.26 27.73 39.51 30.58 30.85 36.03 75.98
155.43 50.98 46.71 64.01 91.12 2.40 22.43 82.79 54.22 9.81 51.55 5.03 76.28 16.17 167.97 60.63 40.45 5.31 18.47 70.07 53.62 696.74 992.06 89.54 324.42 288.70 13.44 49.63 248.89 24.45 161.02 30.39 19.14 50.07 100.06 19.94 22.55 210.39 26.95 71.99 61.78 33.23 66.09 38.11 9.58 27.03 39.21 30.89 30.68 35.78 75.67
154.26 50.69 48.09 65.31 90.39 2.38 22.27 85.50 54.63 10.06 51.51 5.08 75.61 16.28 169.36 60.72 40.99 5.21 17.81 67.59 54.39 682.40 996.56 89.04 318.42 291.19 13.19 49.29 245.05 23.90 158.02 30.04 18.51 50.65 102.26 19.87 22.16 208.81 25.96 70.95 64.62 33.00 65.93 37.68 9.24 27.16 39.76 29.28 30.43 35.29 73.89
156.35 51.38 48.68 66.73 90.92 2.45 22.30 84.84 56.46 10.02 51.53 5.27 77.25 16.36 170.58 61.78 40.65 5.28 18.50 66.38 55.54 711.00 1002.09 91.21 326.22 291.50 13.26 50.11 248.58 24.28 152.80 30.29 18.98 51.71 103.82 20.23 22.44 222.97 25.81 68.43 64.31 33.00 67.02 37.81 9.37 28.01 39.40 30.23 30.84 35.27 73.15
152.11 50.44 46.88 65.33 89.08 2.51 21.78 86.09 55.19 9.84 49.50 5.22 75.98 16.39 168.04 60.64 40.58 5.24 18.90 67.45 53.72 624.75 1001.39 86.98 318.96 276.08 13.50 49.58 240.52 23.77 146.85 29.46 18.30 51.84 102.25 19.19 21.67 218.54 24.36 71.45 64.71 32.80 66.40 37.95 9.34 28.09 38.56 29.99 30.60 35.51 72.76
154.09 50.68 48.83 65.90 90.36 2.47 22.75 87.51 55.35 10.05 50.81 5.12 77.65 16.56 166.90 60.62 40.47 5.42 18.81 68.93 53.03 614.09 1011.59 89.57 334.06 284.82 13.44 49.92 242.20 23.36 149.96 30.74 18.38 50.74 103.01 18.87 21.75 223.14 24.49 71.31 65.99 32.99 67.50 38.17 9.25 28.96 38.50 29.56 32.05 36.54 74.52
154.18 51.10 48.47 66.36 93.78 2.55 22.74 86.19 54.51 10.16 52.07 5.19 83.40 16.72 168.77 60.07 40.52 5.57 18.48 72.56 52.49 591.14 973.39 94.67 345.40 266.24 13.41 50.76 235.91 23.61 145.88 31.40 18.67 51.43 103.00 19.23 22.46 227.86 24.38 71.01 65.61 33.39 67.69 38.66 9.32 29.09 38.86 29.35 31.73 36.97 76.50
157.03 52.17 49.65 66.35 92.67 2.62 23.38 88.90 55.81 10.33 54.06 5.23 84.22 17.66 168.65 62.31 41.55 5.61 19.09 73.04 53.67 587.43 1016.88 94.25 350.40 270.80 13.47 50.99 243.47 23.79 151.95 31.44 18.82 51.97 107.33 19.28 23.22 246.44 24.79 76.64 65.21 33.50 68.33 38.66 9.31 30.15 38.95 28.28 32.37 37.10 77.50
151.34 51.03 46.40 64.21 88.72 2.60 22.89 86.72 52.96 10.40 52.30 5.03 84.33 17.33 164.23 62.01 40.49 5.74 19.24 72.03 52.16 514.61 1024.98 91.21 336.58 254.56 13.11 48.36 235.50 23.64 144.52 31.24 17.96 50.99 105.74 18.42 23.34 226.28 24.91 70.36 63.75 32.97 67.53 38.03 9.18 29.38 37.78 28.34 32.19 36.06 74.17
149.87 50.59 45.65 63.94 87.97 2.62 22.63 86.57 52.99 10.56 50.84 4.93 86.33 17.58 161.29 61.33 39.97 5.53 18.76 73.91 52.22 495.83 1044.29 88.68 329.49 253.54 12.97 47.24 237.27 23.21 143.39 31.81 17.34 50.05 106.63 18.48 23.56 221.25 24.21 68.93 62.56 32.57 67.16 37.81 8.81 29.21 37.31 28.06 32.01 35.27 75.53
149.02 51.21 43.88 64.14 86.32 2.53 22.28 87.71 53.18 10.42 49.99 4.85 83.74 16.72 156.62 59.90 38.58 5.70 18.62 73.67 53.10 508.93 1042.46 88.46 326.03 254.59 13.32 47.06 232.99 23.29 140.17 31.30 16.59 49.45 106.78 19.04 23.43 217.56 23.59 70.85 61.93 33.02 65.80 38.37 8.70 28.59 36.83 28.06 31.89 34.75 75.38
146.45 51.07 43.06 62.05 84.22 2.44 21.39 85.33 52.75 10.57 48.78 4.77 82.85 16.68 153.39 58.77 37.96 5.64 17.96 73.49 52.96 508.64 989.73 89.25 319.31 253.98 13.28 45.57 232.19 22.24 135.73 30.75 16.43 48.23 106.95 18.09 23.18 218.25 23.22 69.36 62.84 33.11 64.87 37.56 8.65 29.71 36.32 27.88 31.68 33.90 75.56
146.05 51.32 43.18 60.72 85.16 2.32 22.09 85.78 51.93 10.43 48.33 4.78 82.48 17.10 152.46 57.50 38.24 5.46 17.28 72.93 51.65 495.31 995.47 92.32 318.54 248.96 13.14 44.61 241.69 22.47 132.89 30.69 16.25 48.35 107.45 17.49 23.50 214.31 23.54 69.28 61.37 32.91 65.21 38.13 8.65 29.66 36.65 27.89 32.32 35.08 76.78
146.03 52.74 43.34 62.46 85.28 2.43 21.80 84.24 52.46 10.23 51.26 4.69 81.28 17.53 153.33 55.60 37.61 5.44 16.95 72.83 50.53 495.10 989.25 92.33 321.85 245.73 13.24 44.65 238.79 22.27 135.79 30.80 15.19 47.88 107.41 17.13 23.38 205.55 24.06 69.73 65.30 33.10 64.92 38.21 8.57 28.86 36.34 28.92 32.20 35.69 78.37
147.88 53.90 44.32 63.22 87.85 2.44 23.20 89.33 53.79 10.63 53.21 4.77 80.37 18.14 156.84 57.65 37.64 5.48 18.05 71.96 50.72 485.28 1014.96 94.03 322.86 252.60 13.52 45.30 243.79 22.41 135.98 31.38 15.45 47.97 108.10 16.28 24.00 202.36 25.10 71.90 64.25 33.63 66.48 38.43 8.59 28.69 37.52 30.10 32.90 37.10 77.79
147.81 54.51 44.32 63.75 86.51 2.41 23.80 89.33 54.33 10.75 52.05 4.74 79.99 18.18 156.31 57.04 38.76 5.52 17.33 70.44 51.98 493.02 1021.80 94.96 324.30 249.30 13.42 46.13 243.92 22.58 135.67 31.59 15.18 47.24 107.23 15.62 24.02 202.51 24.38 70.35 63.56 33.48 67.14 37.73 8.89 28.77 37.56 28.79 32.34 37.93 75.60
147.12 54.36 44.89 63.38 87.09 2.35 23.15 89.24 51.18 10.49 52.05 4.70 80.30 17.66 156.49 56.89 39.30 5.65 17.14 70.71 54.30 500.50 1023.88 92.75 321.61 247.86 13.22 45.79 240.34 22.77 132.72 31.98 15.15 47.64 105.26 15.27 24.02 196.71 24.27 66.41 64.52 32.95 66.51 37.39 8.75 27.66 37.09 29.25 32.18 37.14 76.89
147.45 54.83 45.84 64.83 87.75 2.33 24.05 90.24 52.16 10.94 52.99 4.71 83.24 17.74 160.66 56.00 37.93 5.73 17.88 73.68 55.33 494.31 996.77 91.09 316.68 249.22 13.22 47.69 244.33 23.12 132.58 31.50 15.03 47.47 104.65 15.26 23.46 196.28 24.61 69.18 66.36 33.18 65.71 36.67 8.68 28.30 37.76 30.61 32.32 37.74 81.40
145.95 55.02 45.00 66.41 87.17 2.33 24.09 88.09 51.46 10.92 50.31 4.84 81.02 17.46 156.82 56.14 37.26 5.65 17.39 73.42 55.03 476.01 1003.58 88.49 315.47 239.89 13.04 45.87 241.43 23.09 136.35 31.70 14.89 46.86 103.47 14.52 23.46 204.82 24.80 67.34 62.64 33.12 64.62 36.94 8.64 27.08 37.58 29.69 31.41 36.74 81.93
149.77 55.24 45.24 67.33 89.82 2.23 24.42 88.40 52.64 10.57 49.62 4.80 82.35 17.71 159.17 55.27 37.70 5.91 19.16 74.78 55.86 506.18 1054.53 93.91 327.80 246.91 13.58 45.77 249.91 24.03 137.64 33.56 15.62 47.53 100.90 15.44 24.29 211.51 24.73 66.82 63.24 33.61 64.69 38.25 8.63 27.07 37.09 30.37 32.08 36.91 81.35
152.28 56.96 44.78 66.99 91.86 2.29 24.30 86.94 51.86 10.75 51.43 4.87 83.83 17.89 162.99 54.06 38.16 6.00 19.93 76.09 55.78 503.71 1103.13 98.08 332.83 247.15 13.67 48.07 251.78 25.03 138.71 33.91 15.52 48.03 100.34 15.29 24.39 224.67 25.30 69.59 65.36 33.69 65.26 38.89 8.71 28.45 37.67 31.88 31.92 36.20 82.52
152.04 55.86 45.45 68.34 91.99 2.24 24.11 86.92 51.60 10.69 52.56 4.90 84.23 17.88 160.42 53.44 37.58 5.84 20.53 78.23 56.91 502.72 1090.33 96.70 338.55 241.14 13.63 48.41 250.14 24.69 139.23 33.67 15.28 47.29 99.84 15.46 24.21 230.25 24.60 69.22 63.00 33.13 64.97 39.51 8.55 28.14 37.86 31.65 32.05 36.70 81.41
151.13 56.69 45.87 69.06 91.78 2.17 24.38 89.54 51.33 10.66 51.80 4.95 83.70 18.06 166.31 54.34 39.42 5.88 20.16 78.80 58.03 476.35 1082.61 95.51 326.33 229.72 13.59 48.80 253.98 24.67 144.95 33.44 15.29 47.56 101.51 14.84 24.40 225.01 24.99 69.24 66.81 33.06 65.76 39.54 8.63 28.84 38.90 30.74 32.31 38.11 80.26
147.55 56.17 44.05 68.51 90.31 2.11 23.69 90.90 50.10 10.74 51.15 4.94 83.07 18.33 166.62 54.31 39.34 6.04 19.73 76.95 59.06 438.10 1040.51 94.16 319.15 226.76 13.17 48.89 250.79 24.69 135.09 32.63 15.06 47.01 102.14 14.54 24.39 214.46 24.15 68.49 65.26 33.06 65.55 38.70 8.66 28.47 38.91 30.02 32.09 38.28 77.74
147.01 56.07 44.81 68.64 90.07 2.13 24.33 90.44 49.39 10.82 51.58 5.11 81.71 18.26 166.25 56.83 40.04 6.01 19.23 75.61 59.62 435.61 1039.09 93.56 311.19 216.58 13.51 49.81 257.75 24.98 134.31 32.27 14.72 47.51 103.95 13.96 25.18 208.07 24.88 65.89 64.56 33.24 66.57 38.56 8.72 29.25 39.29 31.66 32.94 38.84 76.07
149.79 57.90 42.94 71.04 91.86 2.19 24.68 91.56 51.40 10.79 53.08 5.29 80.36 17.91 168.71 56.74 40.76 6.15 20.31 77.01 58.65 450.45 1040.39 93.63 327.03 225.72 13.88 50.66 259.01 24.93 137.27 31.60 15.00 47.63 107.47 14.99 24.80 219.80 25.92 65.16 69.03 33.70 67.97 38.07 8.79 30.38 40.07 30.35 33.51 39.64 76.76
147.80 58.33 42.15 69.06 90.80 2.12 24.95 89.73 52.00 10.49 53.67 5.21 80.16 18.05 164.49 54.47 40.47 6.11 20.65 77.55 59.29 450.46 1021.85 87.81 319.48 223.47 13.47 50.26 258.30 25.15 133.13 31.41 15.24 47.08 107.95 14.80 24.74 208.75 25.95 66.32 66.47 33.15 67.64 37.51 8.76 29.78 39.46 29.29 32.65 39.13 75.75
149.26 58.40 41.65 69.14 90.81 2.09 23.96 89.52 51.69 10.69 54.18 5.18 77.01 18.42 170.98 56.37 39.51 6.11 20.70 80.69 61.91 475.08 994.34 90.98 334.65 221.15 13.61 50.37 259.13 25.53 130.12 30.91 15.29 48.11 108.70 15.49 25.19 217.74 26.68 65.06 67.19 33.71 67.45 37.28 8.75 29.68 39.64 29.72 33.79 39.48 76.41
147.57 59.07 41.13 68.12 93.11 2.12 23.64 89.24 52.41 10.56 55.04 5.06 79.70 18.11 166.72 56.90 38.72 6.25 19.65 83.84 61.74 435.91 986.29 92.17 327.45 215.51 13.37 49.67 260.51 25.38 130.74 30.70 15.42 47.98 108.77 15.17 25.83 213.46 26.40 65.12 66.39 33.75 66.87 37.02 8.70 29.51 40.26 30.13 34.71 38.61 77.86
147.73 58.72 41.40 67.74 93.58 2.13 23.36 89.13 52.89 10.78 55.63 4.87 78.70 17.63 166.56 58.00 37.39 6.42 19.47 83.14 61.38 432.54 981.94 91.15 327.91 227.37 13.43 51.03 259.36 25.42 132.29 30.23 15.66 48.50 106.94 15.60 25.35 216.60 26.42 67.01 66.91 33.69 66.95 36.57 8.73 28.99 40.15 29.42 34.38 39.40 75.87
147.08 56.84 40.31 67.41 90.39 2.05 24.18 86.28 51.01 10.55 56.55 4.83 78.15 17.30 164.27 57.73 38.06 6.37 19.29 84.40 63.39 440.56 974.51 88.42 323.77 221.93 13.27 50.60 251.50 25.39 130.47 30.00 15.34 49.66 103.91 15.53 24.79 208.61 26.38 68.83 69.51 32.91 66.26 36.07 8.53 28.12 39.80 30.53 34.11 40.79 77.29
147.37 57.65 41.06 66.48 92.04 2.10 23.30 85.80 51.00 10.37 56.47 4.68 77.28 16.82 165.97 57.86 37.39 6.38 18.28 89.61 60.79 444.76 946.68 88.02 329.34 230.54 13.02 50.94 253.13 24.62 135.96 29.79 15.88 49.27 102.91 15.99 24.38 214.83 26.57 68.50 69.91 32.54 65.48 35.82 8.55 27.65 39.49 30.99 34.55 40.73 79.47
144.71 55.62 40.57 66.84 90.14 2.05 21.97 86.71 48.65 10.58 54.39 4.61 78.92 16.88 167.25 56.99 36.81 6.31 18.37 90.89 60.41 398.71 932.03 89.03 328.49 235.50 12.91 50.04 243.13 24.73 126.52 29.34 16.71 47.98 99.26 15.62 24.12 210.48 26.84 66.34 69.57 32.45 65.15 34.92 8.54 27.15 39.64 30.59 33.82 41.16 77.79
146.82 55.61 41.68 66.62 91.38 2.14 21.57 85.40 48.45 10.84 54.68 4.58 83.04 17.73 167.12 57.72 36.65 6.34 18.48 92.14 61.50 428.37 930.10 90.61 335.01 245.35 13.18 49.59 242.97 24.22 124.49 29.34 17.15 49.11 100.37 16.27 24.52 202.79 27.63 67.37 73.46 32.94 65.11 34.93 8.42 27.39 39.52 32.18 33.57 42.26 78.95
149.10 57.47 41.31 66.51 94.51 2.26 20.96 87.72 48.09 11.08 53.85 4.67 83.25 18.21 169.08 58.12 36.68 6.31 18.57 89.42 60.94 450.79 963.83 95.03 333.03 250.77 12.84 50.43 249.31 24.14 125.20 29.96 17.15 49.77 101.34 16.98 24.71 216.73 29.54 68.63 73.24 33.31 65.29 35.30 8.28 27.66 40.05 32.55 34.96 42.29 79.64
148.78 55.95 39.97 65.92 92.07 2.28 20.68 89.12 47.58 11.12 51.87 4.69 82.43 18.01 166.20 58.69 37.24 6.14 17.75 88.81 61.89 471.64 941.35 90.49 338.19 252.25 12.77 48.90 241.31 24.35 123.75 29.59 17.10 48.66 101.51 16.43 24.04 223.54 29.30 68.75 72.65 32.61 64.87 34.98 8.16 27.39 39.51 31.81 34.74 41.71 80.42
149.27 56.38 40.72 64.93 91.11 2.25 20.99 89.49 47.04 11.34 51.96 4.62 82.40 17.59 162.25 59.60 37.75 6.07 18.46 89.73 62.93 479.12 907.56 92.27 350.01 261.65 13.35 48.25 242.25 24.47 123.33 28.99 17.14 49.82 103.57 16.21 23.94 211.01 29.14 68.67 71.86 32.49 65.07 34.77 8.15 27.56 39.06 33.37 34.83 41.88 81.09
147.95 56.64 40.24 64.37 90.52 2.27 21.14 90.27 47.41 11.07 52.09 4.65 84.20 17.33 161.50 59.46 39.28 6.03 18.48 88.49 62.80 462.71 945.27 90.89 339.72 259.51 13.66 48.28 247.82 24.43 118.90 29.08 16.91 49.72 105.10 16.05 23.68 199.02 28.59 65.65 70.77 32.07 64.70 34.97 8.02 26.60 38.85 32.97 34.55 40.19 81.33
148.38 57.76 40.20 63.55 88.60 2.26 21.10 91.27 47.86 10.94 51.83 4.71 83.90 17.58 163.76 58.65 38.41 6.04 18.15 86.39 62.13 475.14 923.00 90.14 336.45 270.52 13.92 46.92 253.51 24.21 128.98 29.11 17.14 49.38 104.33 16.69 23.70 204.10 28.83 63.07 73.17 32.47 64.27 35.83 7.72 27.21 38.76 31.71 34.63 40.07 81.57
148.57 58.37 40.62 63.08 88.57 2.33 21.76 92.00 48.58 10.85 51.54 4.64 85.27 17.57 160.61 57.73 39.95 6.11 18.33 85.78 61.29 464.01 904.59 90.70 339.53 267.18 13.86 45.92 252.25 23.52 132.10 28.72 16.65 50.46 102.50 17.04 23.76 210.03 27.87 67.66 72.38 32.17 64.41 36.00 7.83 27.59 38.84 31.88 35.46 39.60 85.33
146.98 58.06 41.82 63.70 87.55 2.37 22.41 93.28 48.92 10.53 54.60 4.73 81.84 18.37 155.26 59.20 39.67 5.97 17.59 87.50 63.02 462.25 870.80 89.94 335.81 251.45 13.59 45.42 248.97 23.43 137.00 28.29 16.79 50.78 104.56 16.76 23.66 194.20 27.35 68.44 74.95 31.98 64.16 35.37 7.82 28.62 38.27 30.22 35.04 39.29 82.90
145.62 58.75 41.31 64.56 87.33 2.35 22.49 94.97 47.47 10.37 53.54 4.56 79.12 18.55 157.63 57.99 39.03 5.92 16.96 85.40 62.60 448.18 890.03 92.51 333.54 253.04 13.45 44.74 256.91 22.87 130.18 28.19 16.70 51.22 103.79 17.21 22.91 195.79 27.18 65.41 74.08 31.39 63.67 34.84 7.63 27.67 38.15 29.79 34.56 39.22 78.44
146.45 59.40 41.61 66.43 88.64 2.33 22.41 93.03 48.05 10.66 52.98 4.52 77.78 18.49 157.61 57.29 39.12 5.90 16.69 87.11 61.53 474.02 885.57 91.87 339.38 243.29 13.27 43.54 261.33 23.14 136.94 28.34 16.93 51.68 104.90 16.82 23.46 203.19 28.05 62.73 70.20 31.70 64.11 34.51 7.78 28.01 38.61 29.50 34.80 37.80 77.88
145.72 58.93 40.42 65.91 89.79 2.29 22.54 92.02 48.09 10.91 51.78 4.48 76.47 18.45 158.44 59.57 38.70 5.87 17.77 91.67 61.19 478.98 875.41 90.84 344.16 229.88 13.29 44.19 254.95 22.75 134.15 27.10 17.33 51.00 101.91 16.55 23.69 203.16 26.82 60.57 69.16 31.72 63.96 34.34 7.83 28.55 39.08 29.25 34.46 37.35 77.34
141.86 57.34 40.10 63.10 88.30 2.26 22.40 91.16 48.39 10.61 50.40 4.48 74.84 18.22 155.36 58.91 37.36 5.93 17.54 90.68 60.82 453.46 843.29 88.56 329.72 219.31 12.84 44.63 256.46 22.74 129.35 26.29 17.08 49.29 100.55 16.55 23.97 197.73 24.99 60.34 65.57 31.59 63.80 33.23 7.59 28.45 39.19 28.08 34.40 37.23 77.95
143.42 58.92 40.22 65.01 90.99 2.36 22.11 92.55 48.27 10.66 53.85 4.49 75.07 17.53 160.72 59.70 37.84 5.96 17.67 92.15 61.56 457.90 873.57 90.16 325.70 224.37 13.08 45.27 262.79 22.95 131.29 26.66 17.01 50.86 103.32 16.50 23.85 185.12 24.27 61.48 71.71 31.85 65.61 33.98 7.88 30.55 40.19 28.37 35.26 36.13 76.89
142.95 58.28 39.41 65.37 90.33 2.37 22.55 93.33 49.39 10.59 53.17 4.48 74.08 17.53 163.06 60.01 37.98 6.03 17.16 88.61 62.31 459.50 868.72 88.80 322.02 212.22 13.10 45.32 259.17 22.92 132.19 26.79 16.94 52.52 102.56 16.93 23.99 179.10 24.91 61.00 74.41 32.07 66.12 33.91 7.69 29.95 40.58 27.57 35.28 35.56 77.30
145.19 57.02 38.31 64.64 91.29 2.28 22.84 93.47 50.13 10.40 52.39 4.39 76.99 17.46 160.21 59.75 36.56 6.07 18.29 87.81 62.31 484.48 872.02 90.83 339.81 222.50 13.33 44.01 261.99 22.86 138.73 26.08 17.25 53.35 100.48 18.40 24.22 184.29 26.26 61.55 72.13 31.81 67.14 33.66 7.60 28.87 39.96 26.99 35.20 34.80 76.70
145.12 57.44 39.67 64.81 94.88 2.28 23.81 95.04 52.11 10.51 52.07 4.48 76.55 17.05 162.49 60.22 35.97 6.36 18.28 85.61 62.88 468.68 844.97 93.91 335.18 228.38 13.19 45.56 264.28 23.18 141.03 25.86 17.58 54.28 100.80 17.90 24.05 183.51 26.48 65.46 70.68 31.62 67.56 33.46 7.67 29.25 40.22 26.82 34.31 35.17 77.42
144.05 56.48 39.97 64.11 95.64 2.30 24.81 95.00 52.03 10.25 53.22 4.34 80.33 17.32 160.93 60.26 36.20 6.38 17.35 86.34 61.24 434.74 839.87 95.63 326.01 227.18 12.77 46.39 259.25 23.55 134.29 25.91 17.73 54.82 101.42 18.61 23.72 185.45 24.59 66.89 72.58 31.74 68.69 33.28 7.59 29.23 39.90 27.29 33.75 35.58 78.90
146.62 56.09 40.38 65.09 98.83 2.36 24.91 95.49 53.33 10.29 55.07 4.50 82.92 17.77 160.02 58.69 37.67 6.09 17.55 87.41 60.48 468.05 830.75 97.22 334.39 239.83 13.07 46.50 264.72 22.95 138.78 25.81 18.46 54.49 103.51 18.91 23.42 187.75 24.46 70.31 74.60 31.58 69.99 33.18 7.61 29.08 40.71 27.14 34.43 35.42 79.78
146.86 55.60 41.65 64.88 97.77 2.36 24.68 98.08 53.09 10.57 53.41 4.61 83.54 17.02 158.64 58.98 37.50 6.22 17.03 90.34 61.08 460.67 855.73 98.03 330.60 234.55 13.32 45.38 262.44 23.39 142.67 26.26 18.63 54.82 105.57 18.88 23.17 190.54 23.49 71.46 73.63 31.93 70.22 33.31 7.44 30.01 40.77 28.31 34.20 35.71 77.71
147.31 56.21 41.41 64.33 99.07 2.41 25.29 97.23 54.65 10.66 53.10 4.73 84.50 17.01 156.50 58.17 38.77 6.13 17.19 86.75 61.10 440.86 869.07 100.61 336.14 231.03 13.30 46.80 261.78 24.08 142.03 26.37 18.72 53.96 105.60 19.42 23.06 198.14 23.18 72.80 71.21 31.58 70.53 33.65 7.66 29.90 40.65 28.55 34.44 36.60 78.41
146.74 55.37 38.78 63.76 98.05 2.43 25.02 95.11 54.99 10.68 52.28 4.67 85.16 17.57 154.31 58.15 38.06 6.24 17.27 87.36 59.46 447.72 882.03 101.10 344.05 224.30 13.61 46.04 254.66 24.04 134.24 26.63 18.53 52.26 104.54 19.67 22.78 191.53 24.06 69.70 68.72 31.31 70.86 33.51 7.56 29.30 40.72 27.91 34.76 36.50 77.51
147.97 55.84 40.10 65.15 98.74 2.54 25.28 95.33 56.26 10.95 50.31 4.76 86.28 17.20 155.90 58.55 38.72 6.39 18.18 88.08 60.75 443.29 882.38 101.23 351.76 234.44 14.40 46.14 259.15 23.84 138.81 26.65 18.85 53.27 106.15 19.81 22.75 195.58 23.63 64.17 69.13 31.53 70.67 33.80 7.69 29.73 40.00 27.90 35.11 36.81 78.86
146.41 54.75 40.26 63.97 100.09 2.51 24.45 92.12 55.31 11.10 50.23 4.72 84.99 16.56 154.40 56.13 38.14 6.07 18.22 88.64 60.12 434.83 895.76 98.87 346.04 226.96 14.06 44.08 248.01 23.50 138.65 26.64 18.69 52.36 103.38 20.32 22.49 191.19 24.26 65.52 69.63 31.21 69.55 33.85 7.71 29.66 38.95 27.90 34.27 36.54 79.48
144.22 55.28 39.02 65.07 100.59 2.49 23.50 91.61 53.19 11.06 48.66 4.67 83.31 16.55 155.47 57.97 37.88 6.01 17.29 83.92 59.50 423.17 884.70 96.09 339.06 217.92 14.06 43.38 247.31 23.97 131.61 26.44 18.91 52.07 102.93 20.30 22.56 187.66 23.80 63.41 69.26 30.80 69.42 33.66 7.76 29.45 38.58 27.68 34.12 36.54 77.37
141.58 54.92 39.01 64.19 99.82 2.51 23.35 89.69 52.41 10.94 47.29 4.61 80.74 16.42 154.10 58.16 37.27 5.88 17.23 81.72 60.84 405.34 874.92 92.64 332.42 204.02 13.63 42.86 244.93 23.50 127.21 26.31 19.42 51.92 102.23 18.91 22.72 192.53 23.02 61.98 66.78 30.56 68.67 33.16 7.92 29.12 37.87 26.70 34.03 35.20 76.44
138.51 53.83 38.73 65.18 97.10 2.47 23.12 89.73 52.31 10.77 45.26 4.50 81.09 16.15 154.02 58.30 36.87 5.94 16.72 82.14 57.96 380.84 865.41 94.07 317.89 198.17 13.72 42.07 237.59 23.08 124.25 26.50 18.95 52.28 99.01 17.71 22.62 182.25 22.54 60.45 68.24 30.53 68.29 32.71 7.87 28.00 36.69 25.98 33.67 33.86 74.68
138.61 54.08 38.14 65.38 99.53 2.43 23.74 89.94 52.68 10.90 44.44 4.46 81.04 16.51 146.42 59.11 36.32 6.08 16.38 81.85 60.39 381.22 861.76 94.76 311.08 203.02 14.40 41.91 235.78 23.27 125.21 26.08 18.78 52.00 97.28 17.27 23.07 189.74 22.24 60.52 67.10 30.22 68.35 32.99 7.91 28.61 36.21 26.30 33.96 34.97 74.92
138.81 53.06 37.52 66.25 98.33 2.42 23.49 91.57 52.78 11.40 45.63 4.40 80.26 16.40 149.83 60.18 36.27 5.91 15.98 84.91 59.96 391.55 880.94 94.73 305.13 200.83 14.53 41.93 243.32 23.24 119.79 25.64 18.71 53.04 99.39 17.17 23.09 185.57 22.42 60.03 67.26 29.88 68.74 32.71 7.92 28.27 36.85 26.25 33.58 35.58 76.30
140.08 52.08 36.57 66.20 98.42 2.43 24.29 89.62 53.15 11.21 47.09 4.29 81.41 16.82 149.62 60.03 36.26 6.02 16.01 83.77 58.48 407.46 898.63 94.77 303.26 205.08 14.66 41.71 234.96 22.48 124.36 25.72 18.55 52.87 98.68 17.01 23.10 191.76 23.13 61.70 67.97 29.83 68.39 32.90 7.98 28.30 37.36 26.49 34.23 36.25 77.67
142.62 54.39 38.34 67.30 95.67 2.48 25.27 92.13 55.14 11.75 47.43 4.42 83.29 18.17 154.80 62.22 36.19 6.30 16.28 81.78 59.37 398.65 929.33 94.97 299.94 213.09 15.08 42.76 238.80 23.16 130.16 26.10 19.33 54.21 102.97 17.04 23.69 201.07 22.57 63.56 65.49 30.65 70.43 33.83 8.11 28.43 38.43 26.55 35.58 37.43 81.38
142.24 56.02 38.19 67.42 93.47 2.50 24.71 92.90 56.43 11.31 48.88 4.39 84.45 18.25 155.62 62.74 37.15 6.46 16.32 82.26 59.73 408.93 911.10 94.53 289.79 200.60 14.84 44.66 242.83 23.50 128.95 26.00 19.20 55.30 103.56 17.15 24.09 192.75 23.24 64.05 70.21 30.69 70.65 33.45 8.01 29.91 38.49 25.64 36.04 38.34 81.55
139.03 56.16 37.68 67.84 91.81 2.31 24.11 89.81 53.74 11.17 47.22 4.40 83.05 17.54 154.85 64.35 36.17 6.35 15.74 83.11 59.37 400.92 886.99 91.52 281.58 195.29 14.07 44.41 249.92 22.73 120.46 25.53 18.69 53.23 102.73 16.41 23.08 185.69 22.65 62.91 72.56 30.32 69.70 32.93 8.03 29.27 38.27 24.68 35.47 36.86 79.80
138.31 55.19 38.04 69.46 93.11 2.43 24.13 90.21 54.68 11.35 48.83 4.31 79.93 17.20 156.71 65.94 37.44 6.36 15.66 81.75 59.30 389.28 868.72 91.44 282.20 196.66 14.06 45.05 250.51 23.09 121.31 25.23 18.21 53.34 104.79 15.75 22.97 182.28 22.51 62.14 71.87 30.47 70.27 32.83 8.23 29.05 38.38 23.84 34.84 36.47 76.75
138.62 55.36 37.59 70.36 92.45 2.45 24.68 94.04 54.42 11.47 49.06 4.33 78.66 17.20 157.89 68.77 36.17 6.33 15.47 80.57 59.60 386.90 897.92 91.38 276.96 200.10 14.42 46.89 252.94 23.72 114.42 25.10 17.95 54.76 106.96 15.84 22.99 184.46 21.70 62.23 71.33 30.40 69.82 32.87 8.46 30.01 38.70 23.98 34.65 36.17 74.63
138.68 54.69 37.78 69.81 92.19 2.49 26.27 92.33 53.50 11.09 51.09 4.30 77.50 16.74 152.80 66.61 36.04 6.25 15.39 82.57 57.18 383.89 881.25 91.71 276.56 203.72 14.58 47.41 249.77 23.92 120.74 25.67 17.56 53.87 104.04 16.93 22.58 188.26 22.58 63.23 71.63 30.56 68.94 32.83 8.37 29.37 38.54 24.41 34.85 37.27 73.25
140.65 55.33 38.04 71.96 91.38 2.56 25.99 93.35 53.07 11.29 50.84 4.33 77.94 17.31 154.43 69.93 35.77 6.36 15.91 85.29 58.28 399.85 862.57 92.31 288.30 208.25 14.30 47.63 250.24 24.40 121.36 26.23 17.63 55.03 107.85 17.31 23.22 192.00 21.59 65.92 71.00 30.86 69.88 32.47 8.44 31.05 39.03 24.43 35.34 38.73 73.11
140.36 55.28 37.32 71.86 89.28 2.60 24.76 92.65 54.14 11.13 49.37 4.42 77.34 17.16 154.75 70.65 36.28 6.24 16.21 84.87 61.80 416.67 869.22 94.34 289.09 208.13 14.11 47.51 254.96 23.85 114.92 26.30 17.56 53.99 110.43 17.59 23.28 185.71 22.48 62.94 70.49 30.37 69.65 32.20 8.42 30.23 39.83 23.80 35.63 38.69 74.16
135.87 55.60 36.63 70.60 87.96 2.59 23.46 88.90 53.67 10.60 49.50 4.42 74.52 16.66 154.37 70.02 35.45 6.13 16.22 81.91 61.21 377.74 877.68 95.86 264.07 199.24 13.78 46.59 248.36 22.85 104.29 25.91 17.10 53.66 110.15 16.31 22.77 176.24 22.25 62.15 71.01 30.19 69.10 31.89 8.34 29.72 39.02 23.92 35.72 37.97 74.60
135.87 56.54 37.24 69.99 86.79 2.56 23.95 90.58 53.21 10.50 49.55 4.41 75.10 16.70 151.08 71.50 34.52 6.19 15.50 81.24 61.22 378.97 902.00 96.58 258.44 202.94 13.69 46.38 247.07 21.98 104.79 26.02 16.47 54.00 111.91 16.05 22.10 179.64 21.80 62.40 69.81 30.20 69.14 32.15 8.33 29.27 39.09 24.44 35.59 37.47 72.98
137.07 58.09 37.98 70.68 84.70 2.63 25.40 91.64 55.19 10.80 51.65 4.45 76.21 17.41 153.12 74.11 34.75 6.24 16.03 83.27 61.81 384.46 920.03 98.31 254.94 197.90 13.79 47.38 251.07 21.98 102.49 26.44 16.66 53.90 110.33 16.66 22.39 174.79 21.72 63.44 73.72 30.77 69.90 32.48 8.40 29.50 39.33 24.94 35.04 38.00 72.60
135.75 59.79 37.04 71.51 86.12 2.54 24.66 89.39 54.77 10.61 51.26 4.38 77.43 17.62 151.17 70.86 34.79 6.22 16.75 86.98 60.78 371.95 914.02 97.50 248.64 192.88 13.59 47.55 249.70 21.62 101.06 26.51 16.88 53.37 110.25 16.15 21.98 171.67 22.60 63.29 71.75 30.45 70.13 31.89 8.42 28.91 39.07 24.71 34.71 38.56 74.11
136.61 59.85 37.14 72.52 85.51 2.58 25.07 91.30 54.26 10.44 51.71 4.45 75.19 17.52 153.74 71.82 35.16 6.35 16.87 88.19 61.23 382.51 922.61 99.76 253.29 191.16 13.63 46.19 250.24 21.37 100.21 26.39 16.88 53.94 110.50 16.10 22.33 178.68 23.30 63.86 71.02 30.16 70.56 30.95 8.33 29.05 38.91 24.35 33.99 38.77 74.75
135.92 58.67 36.60 71.58 84.39 2.52 24.47 91.95 54.53 10.49 51.23 4.39 74.53 17.05 151.81 71.27 35.37 6.31 18.24 91.15 62.15 376.94 908.87 96.83 255.07 191.57 13.63 46.02 255.80 21.56 100.47 25.91 16.92 53.47 110.27 16.81 22.23 177.14 22.98 64.88 68.69 30.15 70.39 31.16 8.27 29.85 38.09 24.96 33.49 38.04 72.47
136.63 59.84 37.26 71.54 85.86 2.52 24.21 90.85 55.68 11.00 49.90 4.39 73.74 17.59 152.54 70.93 35.50 6.46 18.17 94.33 61.25 362.62 921.54 99.22 266.56 187.53 13.73 44.95 254.66 21.51 102.03 25.67 17.15 53.71 112.17 17.42 22.63 180.78 23.19 63.15 67.25 30.25 70.15 30.92 8.14 29.47 38.42 25.48 33.59 38.31 76.16
136.97 58.96 38.79 72.51 86.91 2.58 25.56 92.99 55.90 10.83 51.73 4.45 74.11 17.99 154.82 71.74 36.12 6.54 18.63 92.50 61.74 338.75 936.34 100.59 268.08 185.98 13.56 44.88 256.70 22.12 107.46 25.97 16.76 54.08 113.26 17.87 21.76 177.32 22.96 59.33 69.91 30.11 70.32 31.40 8.14 29.01 38.82 25.43 33.61 37.54 76.14
137.41 57.55 37.46 72.81 85.54 2.45 25.79 91.80 54.22 10.85 51.83 4.52 77.59 18.55 151.39 71.12 36.59 6.73 19.60 94.62 60.81 339.77 915.17 101.41 280.52 186.77 13.87 44.97 250.38 22.00 109.92 25.94 16.69 53.39 114.15 17.97 22.06 180.70 22.81 58.30 67.02 30.15 70.27 31.34 8.20 28.78 38.47 25.44 33.25 37.20 76.01
138.80 57.44 38.21 75.36 87.27 2.56 26.14 92.61 53.88 10.69 51.78 4.64 81.08 18.68 152.48 72.83 38.59 6.98 19.88 98.13 61.53 350.77 932.90 99.26 280.99 187.70 13.77 45.34 254.78 21.42 108.34 25.77 16.55 53.29 115.32 18.08 22.30 172.36 22.93 60.65 68.16 30.77 70.79 31.96 8.28 28.70 38.97 25.09 33.20 37.71 78.97
134.45 57.68 36.81 71.78 84.69 2.53 24.30 91.10 51.90 10.39 51.08 4.53 77.76 18.22 151.59 71.01 36.80 6.87 18.53 95.90 59.22 323.76 909.31 95.72 266.85 184.94 13.72 44.12 250.40 21.24 105.42 25.12 17.09 51.22 112.56 16.86 22.26 164.02 21.51 60.50 67.79 30.55 69.00 31.18 8.23 28.04 38.32 24.92 32.39 37.29 76.92
134.14 58.16 39.13 71.36 83.62 2.53 24.26 91.63 52.40 10.53 51.36 4.50 78.78 18.41 154.91 69.09 37.38 6.88 17.73 94.27 60.75 321.18 913.05 94.74 255.22 192.95 13.15 44.42 254.39 21.68 105.06 24.68 16.76 52.74 115.45 16.85 22.06 159.18 20.80 58.99 69.99 30.22 70.00 31.00 8.32 28.88 38.11 25.70 32.36 37.21 77.00
134.73 58.20 38.74 71.69 84.72 2.60 24.64 91.26 52.90 10.42 51.63 4.59 81.46 18.90 151.17 70.20 36.58 6.85 19.03 96.37 59.34 314.06 896.56 96.98 248.55 191.12 13.36 45.07 257.77 22.50 106.24 25.05 17.18 52.22 117.83 16.86 21.83 162.43 21.70 60.67 67.42 31.02 71.48 31.69 8.42 29.16 38.98 24.98 32.25 39.69 81.63
134.78 58.82 37.82 70.86 85.09 2.51 23.61 89.55 52.97 10.13 50.25 4.57 80.78 18.81 153.48 67.70 36.89 6.85 18.76 95.85 57.90 328.08 913.83 95.49 253.48 195.54 13.28 42.55 250.91 22.30 102.60 24.81 17.02 51.88 118.75 16.85 21.64 173.15 20.88 61.61 66.00 30.90 71.48 30.86 8.47 28.05 38.82 25.23 32.84 39.11 78.78
136.96 60.29 39.22 70.67 86.02 2.51 24.09 90.01 52.82 10.31 50.88 4.69 78.40 19.01 154.08 69.17 36.67 6.79 18.44 94.25 58.57 352.49 929.11 96.62 254.54 209.24 13.44 43.06 256.27 21.89 102.64 25.06 17.57 52.69 121.64 17.41 22.08 177.47 21.35 66.58 66.40 31.58 71.31 31.87 8.66 28.20 39.54 25.04 32.65 39.29 78.32
136.81 58.91 38.22 70.17 84.22 2.48 24.87 91.19 51.03 10.60 51.37 4.73 75.36 19.00 151.35 66.47 37.16 6.96 18.46 96.48 57.08 347.70 937.58 95.10 256.36 207.79 13.35 41.32 256.86 22.17 102.42 25.71 18.09 52.88 119.24 17.33 22.63 174.24 21.69 69.59 67.18 32.02 69.94 31.19 8.69 28.60 39.04 24.61 32.72 39.64 76.97
136.80 56.88 37.50 70.11 83.46 2.51 23.94 90.95 50.09 10.18 52.07 4.65 76.11 19.17 150.72 65.65 36.49 6.99 18.62 96.99 56.60 353.12 927.35 96.15 265.60 210.83 12.84 39.34 248.41 22.07 102.45 25.46 17.85 51.83 117.11 16.81 22.80 177.18 21.64 70.26 66.43 31.82 68.52 31.17 8.51 27.95 38.19 24.78 33.48 41.53 76.74
135.90 55.98 37.52 67.81 82.22 2.42 23.28 88.18 47.35 9.81 53.10 4.67 76.41 18.73 147.95 65.40 36.56 7.04 17.81 94.84 55.39 373.16 945.98 95.84 263.45 207.27 12.77 38.49 238.74 21.64 97.72 25.04 17.74 50.23 116.88 17.44 23.07 180.58 20.96 67.13 64.82 31.10 67.16 31.18 8.49 27.11 38.10 24.00 32.84 41.67 74.57
136.42 55.68 37.53 69.79 83.68 2.39 22.95 88.06 47.90 9.74 52.87 4.69 77.44 18.25 151.81 68.55 36.52 7.22 17.93 93.77 54.21 357.27 949.89 96.91 263.41 211.54 12.69 39.87 248.72 21.74 96.27 25.43 18.08 50.84 117.59 17.25 23.70 187.92 20.75 65.85 66.22 31.63 67.47 31.60 8.61 27.45 38.55 24.11 33.21 40.96 75.17
135.10 54.95 36.97 67.79 82.61 2.36 24.13 87.88 46.90 9.98 51.96 4.51 77.52 18.17 149.92 68.30 36.11 7.06 17.74 95.36 52.72 346.02 944.14 96.53 265.64 213.28 12.16 38.27 239.57 21.08 93.54 25.25 17.57 51.14 113.12 17.29 23.69 186.37 21.33 63.36 62.88 31.30 68.00 30.80 8.49 26.31 38.44 23.98 33.03 39.70 74.11
132.65 54.55 37.57 66.25 82.00 2.36 23.51 87.61 46.71 10.23 51.73 4.56 76.56 17.99 149.99 66.99 35.19 6.84 16.95 98.06 52.11 322.81 934.90 94.24 258.29 203.10 11.82 38.22 235.98 20.87 91.17 24.98 16.94 50.57 112.19 16.63 23.76 176.34 21.42 60.77 63.02 31.20 68.12 30.79 8.59 27.02 38.62 23.51 32.76 40.36 71.96
132.12 54.05 35.71 66.71 82.46 2.24 24.07 85.72 46.68 10.02 51.39 4.50 76.32 17.48 146.61 67.90 35.77 6.92 16.60 94.60 53.01 311.30 958.76 94.22 258.78 203.23 12.19 37.06 226.70 20.71 96.60 24.72 17.06 49.64 110.43 16.87 23.75 178.44 20.40 59.11 62.65 30.92 68.32 29.86 8.39 26.97 38.08 23.04 33.25 39.29 71.00
130.84 54.72 35.28 67.55 83.72 2.21 24.29 84.39 46.54 9.82 52.00 4.54 77.57 16.67 144.95 67.20 36.96 6.91 17.16 97.05 52.05 298.39 935.06 93.70 247.51 204.11 12.38 38.31 224.59 21.05 92.63 24.62 16.53 49.61 111.19 16.79 23.16 182.74 20.47 58.63 60.58 30.31 68.66 29.51 8.53 25.93 38.44 22.16 33.05 39.82 71.27
129.85 53.87 35.44 66.54 80.38 2.24 24.03 85.68 46.67 9.89 51.65 4.40 77.85 16.23 144.33 68.36 35.64 6.82 17.07 92.71 50.76 295.84 897.87 94.82 248.66 217.36 12.53 37.68 217.11 20.70 89.74 24.21 16.77 48.74 114.38 16.88 23.34 181.27 20.93 57.74 62.03 30.57 68.62 29.69 8.64 24.74 37.53 22.12 32.62 39.12 68.58
130.04 53.69 36.26 66.83 81.57 2.25 24.35 85.67 46.31 10.01 51.33 4.33 78.41 16.13 145.44 69.73 34.76 6.85 16.26 92.77 52.63 296.72 868.42 93.15 252.47 216.76 12.27 37.38 215.41 21.13 92.32 24.12 16.80 49.54 114.49 17.20 23.97 183.17 20.53 57.98 62.19 30.82 68.53 29.53 8.40 24.65 38.09 22.02 33.17 39.98 67.75
129.59 52.53 35.85 66.70 84.08 2.31 25.53 84.12 45.82 9.87 52.53 4.35 78.90 15.67 143.87 67.35 35.87 6.86 15.87 95.35 51.95 287.10 855.99 94.06 254.53 212.27 12.63 38.16 218.63 21.36 92.65 23.60 16.79 50.10 114.15 16.84 24.03 182.06 21.66 55.04 63.43 30.73 67.92 28.69 8.25 24.45 37.91 21.69 33.28 38.70 68.74
129.90 52.14 35.01 65.76 84.26 2.38 26.17 85.76 46.37 10.05 53.25 4.34 78.21 15.62 142.92 67.20 35.49 6.56 15.82 92.15 51.58 298.02 852.31 93.27 258.16 209.05 12.59 38.81 215.81 20.33 95.94 23.47 16.95 50.79 115.08 16.94 23.20 187.70 20.29 55.64 64.80 30.75 67.71 28.66 8.29 25.04 38.57 21.44 32.46 38.33 66.04
129.22 51.94 34.34 65.01 83.88 2.38 25.47 85.68 47.26 10.26 55.04 4.30 77.47 15.54 142.27 65.00 35.79 6.59 15.58 94.50 51.42 271.75 831.63 88.74 265.73 209.64 12.65 38.64 221.18 20.51 94.72 23.57 16.49 51.32 114.81 15.91 23.11 183.31 19.84 55.49 65.30 30.52 68.59 28.94 8.42 24.81 38.79 21.51 33.08 37.82 68.87
129.55 52.68 34.53 65.49 83.55 2.37 25.53 87.03 46.17 10.71 54.73 4.25 76.75 15.62 144.93 66.34 35.53 6.60 16.61 97.01 50.50 273.20 838.22 87.05 266.59 203.84 12.39 38.71 222.67 19.67 100.21 23.93 15.32 51.32 116.07 16.27 23.02 188.82 18.50 53.67 65.45 30.61 68.46 28.74 8.48 25.18 38.65 22.01 33.55 38.07 69.78
128.82 52.47 34.88 66.27 84.94 2.43 25.99 85.95 47.34 10.59 54.94 4.23 76.62 15.77 146.61 62.21 35.01 6.52 15.39 96.41 51.15 267.52 836.97 88.84 264.63 197.48 12.09 38.99 222.76 19.45 98.84 23.89 15.53 50.71 116.48 16.15 22.92 183.66 18.63 55.77 62.73 31.06 68.39 28.69 8.42 25.78 39.72 22.65 34.00 36.70 71.00
127.96 51.50 35.06 67.03 85.65 2.50 25.83 85.49 47.57 10.38 55.59 4.22 75.71 15.73 146.94 63.42 35.08 6.47 15.04 97.97 51.43 273.84 798.17 88.65 258.47 192.76 11.87 39.11 225.12 19.45 99.46 24.11 15.59 50.39 117.11 15.95 23.25 181.94 18.01 55.52 63.95 31.29 68.67 29.26 8.43 25.02 39.43 22.43 33.77 35.65 71.82
127.83 50.60 33.84 67.00 85.19 2.50 25.49 84.66 47.51 10.31 55.22 4.08 74.36 15.42 142.95 64.71 35.23 6.55 15.32 100.27 52.80 281.48 791.72 91.04 268.58 191.19 11.64 38.99 218.74 19.38 102.54 23.96 15.52 49.51 113.34 15.35 23.06 181.90 18.30 54.18 65.28 31.14 66.78 28.86 8.16 24.51 39.21 22.03 33.13 34.83 70.44
128.46 50.59 34.16 66.83 84.23 2.53 25.03 85.93 46.34 10.52 53.62 4.06 74.60 15.35 146.26 65.41 35.60 6.46 15.42 100.97 52.48 298.58 762.49 91.52 273.09 191.62 11.95 38.93 222.69 19.63 102.75 24.51 15.45 49.77 113.56 15.23 22.96 181.15 18.00 57.08 66.20 30.95 67.65 28.39 8.22 25.18 38.45 22.49 32.26 35.46 70.58
129.22 50.57 34.87 67.47 84.80 2.52 23.37 84.92 47.50 10.60 52.50 4.09 75.52 15.54 143.59 69.95 36.30 6.46 14.61 97.99 54.25 297.63 768.15 90.98 279.57 188.13 11.71 39.27 225.17 19.92 106.67 24.99 15.58 51.48 115.75 16.09 23.29 182.40 18.36 60.39 64.55 30.85 68.29 28.41 8.14 25.25 38.03 21.14 32.31 35.13 70.74
127.59 50.16 34.80 67.60 84.08 2.46 23.83 84.46 47.20 10.50 52.02 4.03 73.44 15.50 143.11 71.00 36.57 6.39 14.79 100.20 54.86 282.57 756.18 89.51 275.69 184.48 12.01 38.86 217.38 20.31 105.65 24.76 15.47 51.51 116.28 15.25 22.82 174.30 19.39 59.26 62.39 30.33 67.60 27.40 8.26 24.42 37.32 21.02 31.61 35.20 69.24
126.34 49.66 32.64 66.73 83.72 2.41 23.60 86.27 46.17 10.44 51.17 3.95 71.91 15.45 142.05 69.96 36.05 6.52 14.67 99.24 54.46 272.37 722.11 91.16 276.14 185.38 12.08 38.20 212.92 20.26 106.39 24.66 15.72 50.99 113.87 15.19 22.80 170.12 19.62 61.52 61.02 30.55 67.32 27.28 8.38 25.63 36.87 20.81 31.24 34.27 68.27
126.50 51.33 32.52 67.15 81.48 2.44 23.24 86.51 46.60 10.59 50.37 4.09 69.90 15.24 145.17 68.16 35.81 6.70 15.07 96.60 53.86 266.79 730.06 90.27 280.51 185.99 12.40 38.11 213.13 20.47 103.49 23.89 15.29 51.56 114.54 15.28 22.89 174.03 19.91 63.55 61.31 30.30 68.77 27.25 8.47 25.70 37.08 21.42 30.89 34.09 67.07
127.39 51.95 32.89 66.57 81.79 2.48 23.37 86.87 49.17 10.73 50.14 4.07 69.78 15.15 147.13 69.41 36.29 6.73 15.29 96.39 54.20 281.92 711.73 86.10 281.30 186.73 12.51 39.40 215.63 20.90 101.50 23.61 15.84 51.87 115.80 14.80 23.25 176.42 20.06 61.87 64.22 30.90 69.18 27.87 8.46 26.45 37.16 22.04 30.95 34.74 68.37
126.34 53.13 32.04 67.01 81.36 2.49 23.63 85.87 48.84 10.52 50.45 4.05 67.85 15.56 146.81 66.29 36.70 6.68 15.64 97.17 55.17 287.31 706.54 86.71 270.06 182.26 12.31 39.51 217.24 21.16 100.65 23.40 15.63 51.41 116.74 14.04 23.07 171.59 20.25 61.94 64.51 30.81 69.16 27.64 8.42 26.30 37.32 22.48 31.08 34.57 68.02
125.61 52.11 32.58 66.87 81.32 2.54 23.83 85.83 51.58 10.47 49.78 4.10 67.32 15.45 147.76 65.77 37.29 6.48 15.39 98.40 55.22 268.34 695.24 86.56 270.93 176.20 12.38 38.95 217.84 21.00 101.35 23.18 15.55 51.48 117.01 13.87 22.83 173.51 19.78 60.76 63.42 30.57 68.91 28.12 8.43 26.36 37.81 23.66 30.53 34.84 67.41
124.15 52.56 31.69 66.32 81.70 2.55 23.04 84.22 50.19 10.08 49.55 4.03 69.09 15.21 145.79 65.57 36.02 6.29 15.72 97.15 54.86 257.17 688.87 86.33 268.28 169.68 12.42 39.44 217.75 21.06 99.06 22.99 15.00 50.48 117.61 13.91 22.22 166.59 20.13 62.42 62.69 30.16 67.64 27.69 8.38 25.97 37.91 23.74 30.11 34.84 68.12
125.29 52.55 31.48 67.34 82.63 2.44 22.82 85.33 48.98 10.21 49.47 4.00 73.57 15.74 147.32 67.63 36.69 6.53 15.04 100.26 54.21 258.67 677.38 85.23 276.93 172.51 12.11 39.59 218.78 20.79 100.02 23.31 14.85 50.47 117.57 14.52 22.65 172.30 19.31 62.54 62.67 30.17 67.47 27.90 8.33 26.27 37.90 24.01 30.72 34.86 69.23
125.42 51.63 31.79 68.31 83.12 2.39 23.03 85.60 49.28 10.10 49.26 3.93 74.18 15.46 143.85 66.96 37.48 6.54 15.74 103.35 53.31 252.95 677.67 86.53 275.03 177.25 11.91 40.34 221.77 20.73 104.86 23.78 14.97 50.54 118.57 13.92 22.72 170.43 19.23 64.00 61.60 30.43 66.94 28.00 8.18 25.54 38.45 23.69 30.94 34.03 70.82
128.04 51.76 32.84 68.93 89.54 2.46 24.55 85.34 49.40 10.11 51.74 4.04 75.09 16.22 145.49 68.43 37.94 6.81 15.47 104.07 53.54 266.03 698.26 89.68 279.37 177.69 11.79 39.95 221.33 20.62 109.47 23.63 15.37 49.41 122.52 13.81 22.97 183.32 19.71 66.73 60.71 30.55 67.92 28.03 8.18 26.26 38.65 23.85 30.97 35.98 71.43
130.26 51.77 33.88 67.86 89.64 2.50 24.11 87.38 49.74 10.14 52.66 4.12 76.89 16.47 142.88 68.98 37.69 6.99 16.05 107.09 54.12 274.41 691.58 91.19 292.07 181.50 11.91 39.28 228.16 21.23 113.33 23.88 15.01 49.53 120.56 14.31 24.00 195.28 19.28 69.57 60.55 31.06 68.05 28.48 8.18 26.05 39.39 24.27 30.69 37.78 71.23
130.90 51.74 33.77 67.86 88.87 2.51 24.43 85.51 49.83 10.04 55.07 4.12 76.36 16.67 146.32 69.07 37.93 7.14 16.21 104.17 55.36 269.33 702.35 92.77 288.50 182.23 12.06 39.78 222.24 21.98 112.76 23.64 15.41 50.15 119.73 14.36 24.17 196.50 19.49 72.48 61.58 31.38 69.13 29.04 8.11 27.32 40.00 24.08 30.79 39.08 70.99
133.01 51.77 33.73 69.67 89.49 2.48 25.51 85.85 50.32 9.93 54.36 4.18 74.82 17.06 146.48 71.88 39.98 7.14 16.26 104.66 56.41 255.96 733.12 94.24 302.26 182.57 12.13 40.50 224.22 22.94 112.16 23.76 15.54 51.54 121.47 14.86 24.16 196.05 19.84 73.48 65.70 31.69 70.21 29.73 8.35 28.02 40.75 23.49 31.06 40.21 70.72
135.31 51.75 34.57 71.57 91.89 2.50 25.44 87.37 50.60 10.11 55.19 4.18 75.81 16.87 148.99 74.65 40.27 7.08 16.35 110.54 57.74 266.40 755.84 97.05 297.13 188.90 12.19 41.08 222.62 23.48 112.82 24.16 16.43 53.88 121.98 15.10 24.69 197.57 20.07 79.91 66.78 31.76 71.44 29.86 8.39 28.16 40.71 23.89 31.49 41.68 72.33
132.26 50.95 34.91 71.01 89.85 2.43 26.04 87.94 50.05 9.59 55.77 4.28 74.55 16.54 146.30 73.00 39.83 6.97 16.19 107.88 57.82 259.28 738.45 92.67 285.05 177.83 11.84 40.66 223.22 22.57 111.93 23.38 16.36 52.82 119.14 14.22 24.22 188.46 19.28 79.84 64.19 31.03 70.90 29.38 8.22 27.26 39.99 23.02 31.44 40.08 72.53
131.79 52.60 35.90 72.82 87.28 2.43 26.47 88.72 49.68 9.70 56.08 4.30 72.27 16.56 151.71 73.77 39.65 7.01 16.11 108.37 58.69 239.48 754.92 89.98 278.81 175.35 11.88 42.47 224.14 21.91 110.78 23.49 16.09 52.74 122.95 13.53 24.27 187.85 19.25 78.70 65.87 31.03 72.05 29.78 8.30 27.45 40.17 22.89 31.96 39.95 73.79
132.42 52.69 36.16 73.37 87.17 2.35 25.81 90.89 48.90 9.59 55.25 4.40 75.59 16.33 149.98 72.85 39.84 7.16 15.30 112.72 57.20 240.10 760.66 90.13 278.83 178.67 11.70 43.21 219.02 21.89 113.29 23.74 15.78 50.97 120.92 13.45 24.82 188.95 19.52 83.01 64.72 31.37 71.82 30.50 8.22 27.88 39.83 23.04 31.65 41.46 75.31
134.99 53.61 37.48 74.76 87.31 2.36 27.22 91.41 49.56 9.64 55.04 4.46 80.33 16.77 152.02 73.13 41.39 7.35 15.98 112.67 58.16 250.40 766.13 86.83 282.61 183.54 11.69 44.57 216.53 21.83 115.29 24.24 15.75 53.16 123.67 13.93 25.11 192.88 19.61 84.68 68.88 32.17 73.45 31.06 8.39 28.30 40.22 24.11 31.93 41.54 75.68
134.33 54.27 37.71 73.56 88.93 2.48 27.08 89.97 50.10 9.60 54.47 4.37 82.36 16.54 148.52 70.72 40.55 7.18 14.84 120.47 57.43 249.10 747.42 88.70 271.06 180.09 11.56 44.91 215.97 22.04 115.85 24.39 15.97 53.15 123.06 13.63 25.21 189.88 18.69 90.46 69.39 31.96 73.09 30.95 8.25 27.20 40.49 25.32 32.52 42.61 77.24
135.19 54.13 39.90 73.52 89.65 2.60 26.61 90.05 49.96 9.48 56.81 4.47 82.12 16.22 147.72 69.94 41.23 7.24 15.75 119.77 57.73 250.54 772.11 87.42 274.64 185.74 11.83 43.77 219.16 22.33 113.75 25.09 15.91 53.53 125.49 13.41 24.87 190.85 19.34 90.81 66.40 31.83 72.52 30.56 8.16 27.15 40.62 25.04 32.40 42.95 79.15
132.35 52.23 39.19 72.58 85.67 2.61 25.46 86.62 49.98 9.05 56.07 4.41 80.68 15.87 143.68 68.84 40.85 6.78 15.68 111.98 55.83 239.97 786.40 88.21 266.78 177.70 11.55 44.43 219.37 21.22 110.72 24.62 15.51 52.47 120.88 13.35 24.23 182.15 18.98 87.67 66.84 31.11 72.94 31.34 8.03 26.73 39.96 24.15 32.62 41.61 78.50
132.56 51.58 38.27 70.97 85.26 2.68 26.01 87.14 50.17 9.15 57.77 4.39 81.85 15.82 140.54 67.43 40.93 6.63 16.52 113.19 56.99 243.09 814.12 88.45 269.49 173.77 11.39 43.38 208.57 21.32 109.69 24.74 15.40 51.22 121.13 13.52 24.08 182.83 19.72 85.00 65.59 31.54 72.79 31.06 8.28 27.33 40.07 23.08 33.50 40.72 77.87
134.41 51.25 38.05 73.35 85.57 2.75 25.82 88.95 49.47 9.54 58.66 4.37 81.63 15.74 140.42 70.55 40.96 6.64 17.55 111.50 57.39 254.41 840.84 89.95 272.40 190.60 11.68 42.65 213.59 21.05 113.88 24.84 15.30 50.86 120.83 14.42 24.49 191.96 19.32 82.33 66.03 32.08 71.84 31.43 8.27 27.23 41.13 22.58 33.33 40.90 78.20
133.50 49.86 36.93 73.68 84.61 2.68 26.75 88.67 50.43 9.03 60.12 4.37 81.95 16.17 140.15 69.89 40.04 6.52 17.64 113.65 58.81 246.64 821.39 89.64 276.83 192.16 11.92 42.69 212.07 21.51 109.12 24.81 15.40 50.64 118.30 14.44 24.11 183.40 19.02 80.43 68.09 32.42 70.39 30.63 8.19 27.49 40.80 22.28 33.12 40.57 74.82
132.53 50.45 36.17 74.47 83.55 2.67 25.97 89.17 49.09 8.94 58.12 4.39 82.34 16.00 143.04 69.66 41.72 6.41 17.41 110.32 57.13 240.10 795.22 91.23 277.72 195.60 11.38 41.53 211.60 21.06 112.42 24.39 15.10 51.64 115.56 13.93 23.73 185.23 19.23 75.96 68.14 31.97 71.03 30.49 8.11 28.26 40.85 21.84 33.95 39.59 74.15
134.22 51.10 37.44 75.79 85.67 2.72 26.12 93.18 49.53 9.22 57.44 4.36 85.61 16.31 146.09 68.95 41.67 6.54 17.26 110.18 56.42 237.23 805.52 94.64 284.96 196.61 11.50 42.64 213.13 21.65 112.19 24.62 14.99 52.68 116.25 13.89 23.65 192.37 20.13 77.50 67.78 32.34 71.51 30.15 8.00 29.18 41.62 22.52 33.97 39.52 73.67
134.62 50.92 38.36 75.27 85.01 2.68 26.66 94.32 50.02 9.19 57.00 4.32 87.66 16.27 146.25 67.44 41.32 6.39 16.80 113.25 54.24 238.90 813.56 96.31 282.50 190.85 11.61 43.44 211.70 21.62 115.04 24.69 14.71 51.48 115.64 14.57 23.54 194.34 20.92 76.15 68.53 32.64 72.03 29.74 7.90 29.61 42.28 22.70 33.50 41.16 75.48
135.75 51.35 38.92 75.54 87.96 2.69 27.48 94.19 49.25 9.54 57.31 4.43 90.99 16.81 144.31 68.55 41.35 6.38 17.66 113.95 54.98 240.17 807.86 95.56 285.12 194.34 11.90 43.68 215.58 21.96 116.30 24.87 14.18 51.23 115.59 15.17 24.03 203.49 21.74 72.48 68.68 32.81 72.16 29.98 7.82 28.91 42.94 23.61 33.91 41.35 74.03
136.70 51.00 38.84 76.28 87.68 2.72 27.90 93.45 48.25 9.45 56.55 4.41 89.73 17.12 143.37 68.59 42.59 6.37 17.73 112.29 58.33 240.89 845.14 93.01 287.23 198.11 11.68 44.67 216.77 21.63 116.94 25.18 14.51 52.67 114.30 15.89 24.19 206.70 22.26 70.58 68.32 32.72 72.63 30.23 7.90 28.70 42.99 24.04 33.86 40.24 75.08
135.37 50.78 38.71 78.38 85.68 2.62 28.68 93.67 48.53 9.50 56.62 4.59 89.04 16.49 147.09 65.68 41.56 6.54 16.63 112.50 58.42 228.00 824.80 91.62 278.70 195.78 11.64 44.95 217.29 21.34 113.27 25.08 14.37 51.86 115.17 15.77 23.99 207.81 21.78 75.61 67.81 32.28 73.33 29.83 7.83 28.81 43.18 23.42 34.11 39.47 76.94
137.13 50.97 39.65 78.33 85.04 2.68 29.42 96.00 48.85 9.41 57.13 4.63 87.29 17.05 150.11 67.14 41.60 6.73 15.77 111.90 60.35 234.85 867.47 94.02 279.66 190.88 11.77 44.23 220.38 21.64 110.93 25.38 14.33 52.69 120.01 16.27 24.57 208.40 22.04 76.42 72.98 32.64 74.59 30.51 7.67 29.41 43.14 23.20 34.46 40.03 78.08
135.50 50.72 38.38 76.03 82.19 2.69 27.87 94.97 47.05 8.98 55.36 4.56 86.24 16.38 147.57 66.74 40.76 6.59 15.73 106.37 59.85 230.67 885.20 92.84 286.12 187.24 11.46 44.73 214.93 21.72 112.28 25.38 14.16 50.63 114.65 15.30 24.32 198.35 21.59 72.04 74.20 32.61 72.89 30.50 7.60 29.22 42.64 22.66 34.01 39.20 77.95
132.58 51.39 38.07 74.01 79.34 2.61 27.36 93.47 45.24 8.85 54.74 4.42 81.73 15.98 149.22 64.49 42.52 6.47 15.24 101.42 60.89 218.43 867.14 90.41 285.28 189.04 11.08 44.06 219.18 21.75 103.95 24.63 13.56 49.57 112.16 15.12 23.49 183.32 21.51 70.57 71.88 31.94 71.59 29.86 7.56 29.04 42.49 22.32 34.00 38.59 76.28
133.37 52.71 37.25 72.36 81.81 2.56 26.20 93.54 46.11 8.99 55.41 4.51 82.45 15.47 154.00 63.91 43.17 6.51 16.09 101.61 60.93 229.62 857.36 91.06 286.89 195.60 11.16 43.73 221.04 21.57 106.43 24.42 13.35 50.05 113.91 14.85 23.45 186.98 21.64 73.20 70.49 32.15 71.53 29.89 7.62 29.13 42.54 22.64 33.74 38.92 74.93
133.66 51.99 35.95 70.47 80.07 2.62 27.20 93.60 46.66 8.89 54.19 4.48 79.57 15.04 150.33 64.44 44.01 6.37 16.84 106.93 60.15 245.55 820.69 90.56 295.05 207.34 11.28 43.84 223.82 21.21 109.27 24.30 13.30 48.95 114.52 15.35 23.22 186.19 22.17 69.84 70.80 32.46 71.08 30.19 7.48 29.83 42.29 22.87 33.13 38.25 74.87
135.33 53.27 35.81 70.65 82.13 2.68 28.07 94.34 46.12 9.10 54.39 4.60 79.55 15.14 155.20 65.77 45.67 6.34 17.06 105.35 60.35 246.54 851.95 91.57 302.68 206.11 11.58 42.97 222.80 21.70 107.04 24.12 13.50 49.00 114.91 15.70 23.34 186.09 22.19 71.03 74.73 33.09 71.74 30.28 7.56 29.36 41.92 23.71 33.54 38.34 74.46
135.89 55.65 37.05 70.29 83.09 2.67 27.48 94.64 47.32 9.19 54.78 4.57 79.56 15.43 157.73 69.78 44.68 6.18 17.33 104.65 59.69 235.30 848.03 91.95 303.40 216.40 11.43 44.13 220.39 21.51 112.59 24.04 13.75 48.72 114.52 15.61 23.25 187.75 22.48 70.79 74.64 33.00 71.78 30.23 7.55 30.09 42.24 24.14 33.61 39.49 75.78
136.27 55.33 37.35 70.13 81.64 2.68 27.52 95.43 46.80 9.50 54.30 4.59 80.15 15.90 161.05 73.10 45.45 6.19 16.66 103.78 59.11 248.70 845.05 89.47 310.26 212.45 11.52 44.37 220.60 21.51 106.02 24.38 14.02 49.28 113.39 15.54 23.19 186.59 21.99 69.12 75.20 32.87 72.85 30.15 7.48 29.89 42.42 23.96 33.42 38.53 74.61
136.44 55.19 38.03 68.78 82.01 2.77 27.17 93.88 47.11 9.62 56.06 4.60 80.37 15.89 158.86 73.63 46.22 6.37 15.97 106.80 56.41 251.84 869.41 92.88 301.86 200.63 12.08 45.23 216.92 21.94 108.34 24.73 14.22 49.40 115.35 15.55 23.76 171.22 22.69 72.16 74.90 33.21 73.00 31.01 7.55 29.54 41.92 24.74 34.39 39.39 75.05
135.14 54.63 37.12 68.98 82.62 2.74 27.13 93.68 46.83 9.62 55.24 4.68 78.57 15.98 156.74 73.00 45.35 6.52 16.19 99.33 55.69 254.17 841.85 87.63 303.69 203.44 11.53 44.52 216.26 21.18 109.10 24.80 14.04 48.64 116.77 15.68 23.81 175.33 22.29 69.64 71.36 32.89 72.90 30.51 7.46 28.53 42.28 24.44 34.05 38.20 73.92
132.24 52.55 36.06 67.28 83.19 2.78 26.19 92.49 46.77 9.41 54.06 4.76 74.05 16.04 153.47 70.19 42.83 6.38 15.96 96.99 53.91 252.28 831.89 86.38 301.15 200.75 10.93 44.29 215.71 19.57 104.88 24.54 13.88 48.25 115.47 14.75 23.22 168.71 20.95 65.60 71.02 32.42 71.42 30.07 7.42 27.64 41.65 24.11 33.57 37.27 72.11
133.98 53.62 36.22 66.95 80.89 2.73 25.83 92.27 46.44 9.40 53.38 4.69 77.88 15.89 153.85 70.66 43.57 6.48 16.21 100.89 54.62 258.29 840.19 88.77 316.50 201.46 10.98 43.25 210.89 19.48 107.89 24.81 13.72 46.66 115.22 14.72 23.60 171.53 21.64 70.60 70.67 32.33 70.34 29.89 7.20 26.60 41.64 24.55 34.22 39.10 73.43
135.72 54.87 35.89 66.95 82.14 2.70 26.23 92.86 45.57 9.81 54.67 4.58 78.82 16.49 153.23 70.56 43.49 6.49 15.98 99.43 54.10 270.93 851.76 86.21 324.42 199.37 11.25 41.85 217.06 19.78 112.03 25.05 13.91 47.33 113.21 15.00 23.58 177.20 21.06 72.87 70.31 32.44 70.06 30.29 7.17 27.71 41.58 24.37 33.84 39.51 76.20
138.81 56.36 36.41 66.48 82.41 2.66 27.14 95.58 46.72 9.92 55.56 4.62 80.39 17.02 157.41 70.38 45.20 6.45 16.72 101.43 55.80 284.82 885.26 86.49 336.89 193.35 11.35 42.96 216.70 20.05 111.44 26.07 14.49 49.02 116.06 15.00 23.70 181.81 20.91 71.34 74.35 32.71 70.40 30.96 7.33 28.83 41.99 24.68 34.25 40.08 78.71
139.30 55.94 36.64 65.90 82.11 2.70 27.00 97.56 46.77 9.85 54.81 4.44 79.33 17.13 157.85 73.53 45.61 6.52 17.43 103.27 54.96 295.62 898.70 89.15 330.04 195.94 11.08 43.73 219.57 19.98 112.22 26.69 14.51 47.62 116.57 14.48 23.69 177.30 22.00 72.99 72.46 33.05 70.81 31.04 7.39 28.99 42.67 24.17 34.90 41.26 80.03
137.59 54.08 36.59 66.72 79.23 2.60 26.23 97.31 45.37 9.43 54.39 4.39 78.34 16.94 158.06 73.53 46.26 6.55 16.15 98.49 56.10 287.74 905.11 91.64 329.90 191.78 11.06 42.25 219.87 19.07 106.85 26.43 14.60 48.06 115.75 14.20 23.14 173.07 21.58 73.38 70.37 32.62 70.19 30.82 7.25 29.42 42.24 23.49 34.30 39.65 78.03
136.82 52.97 36.27 66.11 78.46 2.54 27.15 98.31 45.34 9.69 54.03 4.29 77.79 16.99 158.11 70.74 45.72 6.45 16.01 94.83 54.32 303.89 893.33 87.46 331.67 190.66 10.83 41.59 216.88 18.89 108.55 26.23 14.35 48.20 114.92 13.99 23.10 171.40 21.79 69.20 68.53 31.64 69.78 30.43 7.22 28.77 41.71 23.16 34.32 38.25 75.32
137.40 52.71 35.29 66.56 81.19 2.50 27.82 96.09 46.78 9.80 54.53 4.35 79.14 16.68 157.43 69.48 45.65 6.55 15.36 94.56 53.65 299.40 891.82 87.27 336.45 192.88 10.96 42.16 214.51 18.97 109.21 26.72 14.01 47.79 111.79 14.11 23.57 173.15 22.14 71.95 66.86 31.79 70.79 29.77 7.27 28.67 41.53 23.35 34.74 39.95 74.38
138.46 52.27 35.19 66.64 82.82 2.56 27.76 97.44 47.13 9.62 54.60 4.38 82.34 16.57 156.56 69.47 47.19 6.73 15.48 96.43 53.27 304.12 874.54 90.73 335.97 192.15 11.28 42.31 215.91 18.59 108.65 27.30 14.67 47.77 112.69 13.85 23.77 176.96 22.88 73.67 67.92 32.80 70.15 30.25 7.37 28.26 42.28 23.99 35.31 41.48 76.23
137.61 52.96 35.10 66.56 80.82 2.45 27.21 94.00 46.06 9.35 52.59 4.29 83.40 16.25 153.98 68.01 45.63 6.68 15.18 101.39 51.84 308.06 888.67 89.56 331.05 181.28 11.08 41.46 212.15 18.50 104.97 27.17 14.58 47.28 112.53 13.59 23.59 174.72 23.27 77.23 69.73 32.97 68.93 30.68 7.47 28.12 41.87 24.97 35.50 41.25 75.02
138.25 54.48 34.99 68.82 81.46 2.29 26.52 93.94 47.25 9.42 53.39 4.35 85.68 16.18 157.04 67.18 45.25 6.73 15.56 100.10 55.20 299.32 930.20 89.52 327.10 178.04 11.40 41.78 219.09 17.55 103.08 27.95 14.78 48.33 113.64 13.22 23.84 172.34 24.19 77.45 65.29 33.48 69.35 31.14 7.56 28.19 41.65 26.10 36.54 41.82 77.66
141.64 55.43 36.97 69.59 82.46 2.32 27.41 95.60 48.51 9.71 54.89 4.47 83.36 15.83 158.26 65.61 45.93 6.96 15.91 98.48 59.15 320.27 941.61 91.65 340.54 193.37 11.57 41.37 230.19 17.57 114.08 28.25 15.23 50.39 112.52 13.67 24.75 177.48 24.32 79.68 65.93 33.77 69.62 31.58 7.44 28.26 42.23 25.69 36.82 42.98 77.75
143.66 57.96 37.01 70.17 80.65 2.40 28.07 95.80 47.86 9.74 57.86 4.67 84.75 16.50 160.06 64.84 47.31 6.92 16.50 97.04 58.31 330.83 938.25 91.34 362.07 197.17 11.93 43.01 232.19 17.46 112.98 28.16 14.90 51.54 113.79 13.86 24.49 169.33 24.44 79.45 70.50 33.74 71.04 31.90 7.45 27.33 42.94 24.75 36.25 42.22 79.54
142.29 56.60 35.44 69.90 81.45 2.33 27.84 95.75 46.50 9.71 58.60 4.61 85.34 16.16 158.68 65.49 46.74 6.91 16.25 97.11 57.80 314.90 924.65 91.86 361.98 192.45 12.10 42.41 230.97 17.24 109.72 27.97 14.76 50.83 113.76 14.07 24.16 163.37 24.33 77.31 70.16 33.78 70.33 31.61 7.57 27.23 43.68 25.61 35.19 41.65 79.82
142.70 56.36 35.42 68.70 79.77 2.33 28.35 96.30 46.54 9.79 58.81 4.44 84.53 15.93 156.73 65.25 45.53 6.99 15.70 97.29 57.71 306.10 944.66 92.98 368.09 195.44 12.05 41.50 232.88 17.48 115.08 28.26 14.50 50.84 113.14 13.95 23.76 165.41 24.97 79.33 70.54 33.05 70.30 31.34 7.42 27.09 43.72 25.57 34.98 40.02 78.73
142.24 56.91 35.43 69.42 78.10 2.36 29.51 95.47 43.74 9.79 58.57 4.46 86.44 15.94 155.46 64.95 44.54 6.69 15.46 101.27 58.26 299.37 929.29 90.89 373.11 193.40 12.00 41.10 232.74 17.36 108.01 28.16 15.09 52.37 113.83 13.18 23.56 162.89 25.48 75.59 69.65 32.77 69.97 31.49 7.35 27.01 44.17 25.08 34.84 40.53 79.66
143.85 57.28 35.75 70.89 79.93 2.33 31.62 97.80 43.85 9.99 59.60 4.54 89.17 16.66 157.98 67.04 46.46 6.73 16.88 100.89 59.68 303.47 936.41 90.64 366.84 190.35 12.50 41.41 240.26 17.50 111.72 28.58 15.02 52.72 114.60 13.85 24.01 161.01 26.38 76.07 69.03 33.50 71.55 32.52 7.47 27.06 45.12 24.85 35.44 40.44 80.06
143.17 58.44 35.22 70.54 81.70 2.29 31.05 98.01 43.89 9.95 57.74 4.55 87.68 15.95 155.74 66.13 45.69 6.85 16.95 103.10 60.17 292.60 921.40 91.03 368.50 191.81 12.42 40.71 237.98 17.93 107.47 27.84 15.04 52.33 115.82 14.33 24.26 162.77 26.58 80.96 69.42 33.30 71.45 32.19 7.46 26.42 44.96 25.56 35.41 39.71 78.82
144.15 59.32 36.10 70.69 83.16 2.26 31.97 98.02 44.21 9.92 58.86 4.68 87.33 15.16 156.59 67.83 44.50 6.89 16.71 102.41 62.42 296.82 954.07 93.70 367.90 182.87 12.74 42.10 246.04 17.83 103.20 28.13 15.57 52.68 117.54 13.82 24.44 159.35 27.08 79.34 72.06 33.48 70.93 32.77 7.59 26.33 45.52 26.43 36.69 40.22 80.36
146.64 60.06 37.09 70.82 82.98 2.31 32.22 99.92 44.26 10.22 60.69 4.78 88.46 15.58 160.11 69.13 46.65 7.06 15.90 101.74 62.51 288.70 959.26 96.76 392.59 183.00 12.96 42.72 244.90 18.14 101.59 28.59 15.46 52.25 121.83 13.59 24.42 158.81 26.53 83.86 73.78 33.33 72.48 33.36 7.78 26.43 47.06 26.12 36.85 41.56 81.48
149.08 58.98 37.57 71.61 84.55 2.39 33.54 101.79 45.91 10.26 63.44 4.83 89.33 15.83 162.15 71.49 45.93 7.16 16.55 101.49 64.87 310.50 963.55 93.44 394.77 186.25 13.44 44.51 243.74 17.95 107.19 28.93 15.74 52.24 124.12 14.15 24.22 170.85 26.16 83.77 76.07 33.69 73.11 32.84 7.80 25.97 47.99 27.00 37.09 42.05 82.21
152.36 61.04 37.56 71.62 86.38 2.57 34.71 102.53 47.34 10.48 68.13 4.89 88.69 16.15 162.91 70.83 47.40 7.22 16.43 106.64 65.07 301.91 978.16 93.44 421.58 190.19 13.48 45.43 244.98 18.06 105.20 28.90 16.58 53.93 130.85 14.19 24.77 176.43 26.22 83.47 76.82 34.87 74.52 34.05 8.09 26.47 48.31 27.00 37.59 42.92 85.10
151.45 63.33 36.52 69.92 82.90 2.59 34.22 101.48 48.05 10.37 66.06 4.91 91.24 15.93 162.20 70.62 46.70 7.59 16.99 106.34 63.96 302.97 976.19 95.07 408.94 187.87 13.15 44.12 245.58 17.97 103.16 29.31 16.45 54.86 132.95 13.24 25.21 171.90 26.68 83.45 78.89 35.05 73.59 34.43 7.90 25.46 48.30 28.41 37.87 42.41 84.84
151.33 62.62 35.68 69.56 85.38 2.58 33.77 103.57 48.44 10.75 65.66 4.88 93.95 16.10 160.64 70.11 46.50 7.69 16.90 104.52 64.98 297.68 964.66 94.78 402.81 185.40 13.34 44.02 253.29 18.49 106.26 30.49 16.33 54.10 134.55 13.31 25.85 167.02 26.84 83.82 83.21 35.42 72.23 34.35 7.67 25.87 48.17 29.00 37.50 42.22 84.85
152.08 63.30 34.13 69.59 89.79 2.69 34.18 105.33 47.70 10.94 64.95 4.82 96.31 15.95 159.74 73.07 46.47 7.69 16.37 107.34 64.20 290.40 982.98 95.63 395.78 195.59 13.64 44.44 250.90 18.93 105.25 30.57 16.48 54.21 134.51 13.60 26.54 169.79 26.83 84.88 83.43 35.43 71.97 34.40 7.62 26.67 49.32 29.06 36.92 42.55 84.63
148.34 60.59 34.36 67.08 90.45 2.75 33.05 105.80 47.44 10.67 64.31 4.71 94.12 16.17 155.45 70.62 45.77 7.54 15.83 103.45 62.81 276.40 953.17 93.65 385.22 183.23 13.39 43.70 242.82 19.28 99.68 29.99 16.29 53.41 132.15 13.22 26.01 165.19 26.60 80.95 78.83 34.55 71.70 33.46 7.56 26.50 48.75 29.97 35.83 41.31 83.31
148.97 60.56 34.18 67.65 91.92 2.69 33.50 104.58 48.31 10.37 63.96 4.80 93.05 16.23 159.08 72.84 46.94 7.32 16.30 105.04 64.31 276.23 956.87 90.45 396.14 176.45 13.62 43.65 246.87 18.89 101.46 30.13 16.32 52.87 135.47 13.64 26.07 154.25 26.13 77.67 82.61 34.55 71.64 33.68 7.59 27.28 49.89 30.35 35.96 41.64 82.96
149.78 60.14 34.33 68.81 92.69 2.71 32.10 104.33 48.76 10.63 62.87 4.75 92.57 15.98 159.49 76.34 48.72 7.28 16.41 104.70 64.91 287.73 970.49 91.41 397.44 176.05 13.40 43.68 251.17 18.38 104.29 30.33 16.42 52.85 137.05 14.43 25.91 160.36 26.18 76.66 83.99 34.77 70.87 34.03 7.65 27.16 49.73 30.61 36.30 41.20 82.01
151.44 59.40 33.64 70.96 94.55 2.77 31.29 106.35 50.52 10.66 64.29 4.84 93.89 16.37 160.12 78.00 48.64 7.27 16.29 108.27 66.09 278.24 983.65 91.48 408.61 171.12 13.59 44.70 249.50 18.26 107.62 30.25 16.51 53.70 137.19 14.39 26.12 168.38 26.93 75.95 81.30 35.17 71.06 34.43 7.93 28.14 50.11 32.24 36.78 42.16 83.79
152.05 59.71 33.54 70.40 97.45 2.85 31.49 106.83 50.06 10.97 63.13 4.93 100.06 16.29 160.80 79.78 49.36 7.45 16.63 111.09 68.16 291.98 987.81 92.66 386.43 169.39 14.22 44.32 254.88 18.29 110.69 30.23 17.15 55.03 140.10 13.98 26.82 175.66 27.29 78.74 76.88 35.20 71.62 35.21 7.87 27.65 49.59 30.62 37.44 41.81 87.21
153.83 59.94 34.14 71.86 97.76 2.85 31.38 107.92 49.34 10.95 63.20 5.04 101.26 16.27 158.52 79.50 51.07 7.45 16.94 111.16 67.91 308.73 992.16 92.49 393.87 175.27 14.29 45.00 255.12 18.13 113.11 30.32 17.11 55.97 143.10 14.27 26.94 183.87 27.70 81.12 75.32 35.13 72.15 35.37 7.83 28.55 50.35 30.45 37.53 41.77 85.72
152.05 59.82 34.54 72.42 98.36 2.79 31.22 107.62 48.95 11.02 61.90 5.06 102.43 16.24 158.41 83.48 52.14 7.24 17.42 108.00 69.01 296.71 959.97 90.98 380.58 170.04 14.70 45.73 253.84 17.89 109.56 29.25 17.11 55.92 143.57 14.26 26.69 174.93 26.67 81.33 77.22 35.08 72.62 35.07 8.16 28.42 50.28 31.53 37.37 41.05 87.47
152.54 60.12 34.59 72.14 101.78 2.80 28.87 107.33 48.59 11.20 61.77 5.21 103.07 15.81 159.10 81.66 52.22 7.20 17.16 108.85 67.02 306.21 968.31 91.07 388.86 173.55 14.58 44.98 255.02 17.62 108.28 29.00 16.76 57.30 141.54 14.12 26.57 180.13 27.46 80.40 75.99 35.23 73.83 34.87 8.27 28.27 49.53 31.63 36.31 39.86 86.91
152.23 60.96 34.57 71.43 102.46 2.79 28.20 108.63 50.18 11.16 61.77 5.20 99.65 15.51 157.07 82.81 52.06 7.21 18.43 109.60 67.58 308.46 951.61 89.32 389.56 182.98 14.49 45.70 254.42 17.59 104.76 29.83 16.77 57.47 144.50 14.24 26.60 179.62 26.62 78.14 77.00 35.46 72.84 35.09 8.06 29.22 50.03 31.99 35.70 38.04 87.12
152.92 60.62 34.92 70.84 101.92 2.77 27.89 106.63 50.05 11.11 61.37 5.41 101.88 15.43 155.65 79.63 50.67 7.19 17.51 109.23 68.47 329.24 954.78 89.08 390.54 181.69 14.99 46.14 255.73 18.09 105.38 30.19 17.18 56.72 141.29 14.12 26.91 180.08 26.67 79.16 75.60 36.21 71.94 35.61 8.01 28.93 49.42 32.74 35.84 39.20 89.02
150.96 59.47 33.88 68.09 98.82 2.73 28.03 103.32 50.39 11.03 59.14 5.53 98.61 15.15 152.97 81.34 49.77 7.03 15.89 110.63 67.05 303.62 934.92 90.45 399.05 178.58 14.93 45.17 247.95 17.85 102.18 29.81 17.18 55.44 138.18 14.09 26.95 166.85 27.80 79.73 76.77 36.22 70.96 35.17 8.08 27.64 48.32 31.80 35.44 40.32 90.77
149.23 60.05 33.40 68.07 96.54 2.65 29.56 104.80 50.94 10.91 59.34 5.61 99.23 14.90 153.79 85.17 49.51 6.82 15.54 104.96 67.44 299.30 904.99 87.44 385.77 174.17 14.27 45.93 241.77 17.76 103.08 29.79 16.57 55.25 136.25 13.56 27.25 166.83 28.14 74.15 77.26 36.06 72.21 34.93 8.26 28.63 48.03 30.25 34.86 38.37 91.48
150.48 61.52 32.50 68.91 97.11 2.55 28.22 103.34 51.32 11.06 58.63 5.26 99.60 15.11 150.14 84.64 48.73 6.93 16.27 103.09 67.01 322.82 908.25 86.69 411.79 184.57 14.33 44.32 237.15 17.25 100.17 29.72 16.82 54.84 134.43 13.99 26.90 173.01 26.68 73.60 77.15 35.98 72.76 35.46 8.00 27.64 46.49 30.25 33.87 36.60 88.72
151.15 62.24 32.36 69.84 96.79 2.66 28.18 102.34 51.46 11.04 59.82 5.34 98.25 15.46 150.88 83.93 49.35 6.86 15.72 106.39 68.09 316.61 918.06 87.45 411.01 186.03 14.52 45.37 234.89 17.40 98.87 30.31 16.99 55.31 137.45 13.70 26.56 176.11 26.18 74.83 80.02 35.48 72.75 36.04 8.20 27.65 46.89 30.69 32.99 38.17 89.32
152.06 64.49 33.73 70.40 96.62 2.70 28.88 100.77 51.52 11.17 60.50 5.52 100.36 15.89 152.93 83.35 50.21 6.89 14.78 107.78 67.46 322.00 938.42 87.72 401.34 184.44 14.53 46.49 237.94 17.79 98.58 29.78 16.96 54.56 137.59 13.73 26.67 181.76 26.28 78.55 83.54 35.52 73.19 36.72 8.28 28.48 47.27 30.84 33.20 38.06 90.09
149.86 65.85 34.52 70.31 94.12 2.66 29.15 102.22 52.09 10.82 61.49 5.70 98.55 15.84 149.88 79.83 48.33 6.72 14.37 108.95 65.05 311.94 944.25 83.23 391.27 183.05 14.01 46.56 230.42 17.94 96.25 29.72 16.90 53.85 140.90 13.58 26.86 165.01 26.59 76.40 84.50 35.78 71.79 36.97 8.14 29.33 47.80 30.95 33.24 37.10 84.38
147.80 65.34 33.62 69.79 93.58 2.61 29.38 102.45 51.69 10.74 60.23 5.73 97.79 15.88 148.21 82.71 46.97 6.56 13.67 107.83 64.20 288.88 923.82 85.05 393.49 172.66 13.78 45.24 236.07 17.19 92.09 29.65 17.35 52.90 141.90 12.46 26.49 162.05 26.72 72.43 81.63 35.91 72.21 36.92 7.92 28.61 47.30 30.00 33.64 37.40 84.07
150.39 65.19 34.34 71.12 97.07 2.55 31.25 102.18 51.11 10.82 61.07 5.63 99.38 16.19 147.83 84.78 46.37 6.68 13.81 111.50 62.36 320.04 927.34 87.17 397.41 174.22 13.73 44.74 227.84 17.47 91.57 30.22 18.02 53.23 141.70 12.70 27.02 162.32 26.00 78.90 79.65 36.89 73.37 37.80 8.07 28.22 47.70 30.90 33.73 39.24 85.84
150.36 65.20 34.86 70.08 98.34 2.46 32.19 101.96 52.41 10.71 60.56 5.65 99.51 15.91 145.61 82.06 45.37 6.58 13.70 107.29 62.12 319.65 922.57 87.75 393.03 178.91 14.23 45.55 239.58 17.26 93.90 30.75 17.93 54.58 139.66 13.08 27.20 167.07 26.31 77.61 79.13 37.40 73.30 37.54 8.11 28.58 47.48 30.41 33.44 39.11 83.86
149.76 64.14 35.10 68.94 97.53 2.39 32.55 104.09 51.87 10.67 61.47 5.52 100.04 15.93 142.37 81.33 45.86 6.41 13.72 102.26 61.55 323.14 924.39 88.57 394.88 175.03 14.13 45.67 235.04 16.38 92.14 31.43 18.01 54.33 136.14 12.28 27.07 161.49 26.06 78.15 78.75 37.05 73.72 36.76 8.10 28.17 47.05 30.24 33.35 38.59 82.90
147.56 65.20 36.85 69.75 95.73 2.38 32.11 103.46 52.80 10.34 60.31 5.41 100.11 15.86 142.34 80.17 43.93 6.37 13.62 96.50 60.81 309.88 901.41 85.80 392.75 168.87 14.16 46.31 233.01 16.52 89.51 31.03 17.34 55.24 133.80 11.33 27.06 158.10 24.00 73.72 81.15 36.56 74.55 35.89 8.03 27.81 46.43 29.42 33.02 38.25 81.78
146.59 63.82 37.59 69.07 94.35 2.32 32.53 103.21 53.92 10.13 60.06 5.22 98.28 16.06 143.26 77.99 44.04 6.26 13.04 94.50 59.99 292.54 896.01 85.98 401.15 171.68 13.84 45.54 227.64 16.83 92.11 30.92 17.19 53.68 132.78 11.31 27.19 158.65 23.03 72.63 76.41 36.01 73.32 35.98 8.26 27.12 45.00 30.43 33.18 38.59 78.43
147.28 63.54 37.11 70.00 94.31 2.38 32.81 105.06 53.98 10.20 60.56 5.39 97.45 15.97 141.12 78.73 44.28 6.22 12.94 98.84 59.71 287.09 902.38 84.91 403.23 175.63 13.78 46.42 227.64 17.22 91.13 31.21 17.72 53.00 133.85 11.48 26.95 157.96 23.23 74.27 77.20 36.33 73.66 36.14 8.25 26.99 44.79 30.55 33.53 39.61 79.76
147.95 63.47 37.84 71.63 91.29 2.46 33.46 105.04 53.99 10.44 60.13 5.35 96.56 15.75 141.00 79.67 45.19 6.18 13.44 99.88 61.13 279.05 887.34 83.93 411.48 172.77 13.41 46.15 231.37 17.42 95.01 31.43 17.63 52.50 136.61 10.91 27.49 160.32 23.27 77.85 79.46 36.85 74.88 35.88 8.24 27.80 45.54 31.06 33.10 39.36 79.52
147.37 62.76 37.99 71.08 91.48 2.39 32.97 104.96 54.87 10.17 59.41 5.33 97.37 15.39 142.57 79.02 44.98 6.42 13.13 99.35 61.84 284.96 866.24 82.21 405.16 169.33 13.41 45.85 233.76 17.63 89.85 31.42 17.31 53.88 138.86 10.07 27.17 160.00 22.64 80.03 79.66 36.57 74.01 36.78 8.10 27.75 45.76 32.05 33.79 39.53 79.48
